image_id,crack_px,knot_crack_px,h,w,any_crack
100000000,0,0,1024,2800,False
100000039,0,0,1024,2800,False
100000078,0,0,1024,2800,False
100100033,0,56377,1024,2800,True
100100076,0,0,1024,2800,False
100400015,0,0,1024,2800,False
100400056,0,0,1024,2800,False
100500006,0,0,1024,2800,False
100500045,0,0,1024,2800,False
100700023,0,0,1024,2800,False
100700068,0,0,1024,2800,False
101100023,0,0,1024,2800,False
101100062,11,0,1024,2800,True
101500009,0,0,1024,2800,False
101500050,0,0,1024,2800,False
101600005,0,0,1024,2800,False
101600063,0,0,1024,2800,False
101700025,0,0,1024,2800,False
101700072,0,0,1024,2800,False
101900008,0,0,1024,2800,False
101900063,0,0,1024,2800,False
102100022,0,0,1024,2800,False
103000030,0,0,1024,2800,False
103200011,0,0,1024,2800,False
103200050,0,0,1024,2800,False
103300014,0,0,1024,2800,False
103400036,0,0,1024,2800,False
103400079,0,0,1024,2800,False
103500057,15481,0,1024,2800,True
103700032,0,0,1024,2800,False
103900015,0,0,1024,2800,False
103900060,0,0,1024,2800,False
104600018,46560,0,1024,2800,True
104600076,0,0,1024,2800,False
104700042,0,0,1024,2800,False
104800005,0,0,1024,2800,False
104900015,0,0,1024,2800,False
104900054,0,0,1024,2800,False
105100010,0,0,1024,2800,False
105100049,0,0,1024,2800,False
105200028,0,0,1024,2800,False
105200079,0,0,1024,2800,False
105300041,0,0,1024,2800,False
105300082,0,0,1024,2800,False
105600008,0,0,1024,2800,False
105600046,0,0,1024,2800,False
105900001,0,147,1024,2800,True
105900039,0,71353,1024,2800,True
106000029,0,0,1024,2800,False
106100014,16782,0,1024,2800,True
106100057,0,88,1024,2800,True
106200023,0,0,1024,2800,False
106200072,0,0,1024,2800,False
106300024,0,0,1024,2800,False
106500009,0,0,1024,2800,False
106500049,14978,0,1024,2800,True
106600012,0,0,1024,2800,False
106600051,0,0,1024,2800,False
106700069,0,45808,1024,2800,True
106900022,0,0,1024,2800,False
106900059,0,0,1024,2800,False
107900006,0,0,1024,2800,False
107900056,0,0,1024,2800,False
108400041,33831,0,1024,2800,True
108600001,0,0,1024,2800,False
108600055,0,0,1024,2800,False
108900031,0,0,1024,2800,False
108900068,0,45390,1024,2800,True
109200018,0,0,1024,2800,False
109200067,0,0,1024,2800,False
109300037,0,0,1024,2800,False
109600020,0,0,1024,2800,False
109600063,0,0,1024,2800,False
109700039,0,0,1024,2800,False
109700083,0,0,1024,2800,False
109800036,0,0,1024,2800,False
109800074,0,0,1024,2800,False
110100034,42517,0,1024,2800,True
110100071,0,0,1024,2800,False
110400028,0,20115,1024,2800,True
110400077,0,0,1024,2800,False
110700000,0,27138,1024,2800,True
110700040,0,0,1024,2800,False
110900016,0,0,1024,2800,False
110900053,0,0,1024,2800,False
111000027,0,0,1024,2800,False
111200007,10090,0,1024,2800,True
111200058,0,0,1024,2800,False
111400020,0,0,1024,2800,False
111400071,0,0,1024,2800,False
111500045,0,0,1024,2800,False
111700050,22383,0,1024,2800,True
111900001,0,0,1024,2800,False
111900041,0,0,1024,2800,False
111900079,0,0,1024,2800,False
112000038,0,0,1024,2800,False
112500021,0,0,1024,2800,False
112500068,0,0,1024,2800,False
112600027,0,0,1024,2800,False
112600081,0,0,1024,2800,False
112800035,0,0,1024,2800,False
112800072,0,0,1024,2800,False
113100029,0,34137,1024,2800,True
113300021,0,0,1024,2800,False
113300059,0,0,1024,2800,False
113400031,0,0,1024,2800,False
113400079,0,0,1024,2800,False
113500040,0,0,1024,2800,False
113700040,0,0,1024,2800,False
113700078,0,0,1024,2800,False
114600005,0,94489,1024,2800,True
114600043,0,0,1024,2800,False
114600081,0,0,1024,2800,False
114700064,0,0,1024,2800,False
114900043,0,0,1024,2800,False
115100045,0,0,1024,2800,False
115300011,0,0,1024,2800,False
115300080,0,0,1024,2800,False
115500070,0,48815,1024,2800,True
115600054,0,0,1024,2800,False
116000010,0,16960,1024,2800,True
116100027,0,0,1024,2800,False
116100065,0,0,1024,2800,False
116400059,0,0,1024,2800,False
116500083,0,0,1024,2800,False
116900036,0,0,1024,2800,False
116900074,0,0,1024,2800,False
117700054,0,0,1024,2800,False
117900019,0,0,1024,2800,False
117900065,0,0,1024,2800,False
118300014,0,0,1024,2800,False
118300052,0,9,1024,2800,True
118500006,0,0,1024,2800,False
118600012,0,0,1024,2800,False
118600068,0,0,1024,2800,False
118800026,0,0,1024,2800,False
118800065,0,0,1024,2800,False
118900041,0,0,1024,2800,False
119100019,0,0,1024,2800,False
119100058,0,53718,1024,2800,True
119300073,0,0,1024,2800,False
119400020,0,0,1024,2800,False
119400057,0,0,1024,2800,False
119700034,0,11747,1024,2800,True
120000016,0,0,1024,2800,False
120000053,0,0,1024,2800,False
120200008,0,0,1024,2800,False
120200048,0,0,1024,2800,False
120300042,0,0,1024,2800,False
120300079,0,0,1024,2800,False
121200046,0,0,1024,2800,False
121400007,0,0,1024,2800,False
121400067,0,0,1024,2800,False
121500022,0,29486,1024,2800,True
121500061,0,0,1024,2800,False
121600060,0,0,1024,2800,False
121800017,0,0,1024,2800,False
121800055,0,0,1024,2800,False
121900050,0,0,1024,2800,False
122300022,0,0,1024,2800,False
122300065,0,0,1024,2800,False
122400016,0,0,1024,2800,False
122400065,0,0,1024,2800,False
122500038,0,0,1024,2800,False
122500081,0,0,1024,2800,False
122600064,0,72638,1024,2800,True
122700038,0,0,1024,2800,False
122700084,0,0,1024,2800,False
122900057,0,0,1024,2800,False
123000081,0,0,1024,2800,False
123300030,0,77204,1024,2800,True
123300073,0,0,1024,2800,False
123600048,24689,0,1024,2800,True
123700024,0,0,1024,2800,False
123700062,0,0,1024,2800,False
123800016,26994,136285,1024,2800,True
123800054,0,0,1024,2800,False
124000007,0,34532,1024,2800,True
124000072,0,0,1024,2800,False
124200022,0,0,1024,2800,False
124200075,0,0,1024,2800,False
124400028,11432,0,1024,2800,True
124400078,0,0,1024,2800,False
124500053,0,0,1024,2800,False
124600043,0,0,1024,2800,False
124700021,0,0,1024,2800,False
124700059,0,0,1024,2800,False
124800012,0,113277,1024,2800,True
124800051,0,0,1024,2800,False
125100011,0,0,1024,2800,False
125100053,0,0,1024,2800,False
125200025,0,0,1024,2800,False
125200080,0,0,1024,2800,False
125400036,0,0,1024,2800,False
125400073,0,0,1024,2800,False
125600026,0,45564,1024,2800,True
125600070,0,0,1024,2800,False
125700030,0,0,1024,2800,False
125700069,0,0,1024,2800,False
125800016,0,0,1024,2800,False
125800070,0,0,1024,2800,False
126500019,0,0,1024,2800,False
126600060,0,0,1024,2800,False
126800028,0,0,1024,2800,False
126800066,0,0,1024,2800,False
127000013,0,0,1024,2800,False
127000063,0,0,1024,2800,False
127200026,0,0,1024,2800,False
127300013,0,0,1024,2800,False
127300054,0,0,1024,2800,False
127600006,0,43757,1024,2800,True
127600047,9325,0,1024,2800,True
127900062,0,0,1024,2800,False
128200020,0,0,1024,2800,False
128200058,0,0,1024,2800,False
128300005,23506,45126,1024,2800,True
128300052,0,0,1024,2800,False
128500007,0,0,1024,2800,False
128500046,0,0,1024,2800,False
128700059,0,0,1024,2800,False
128800016,0,0,1024,2800,False
129100037,0,0,1024,2800,False
129100081,0,0,1024,2800,False
129300041,0,0,1024,2800,False
129300079,0,0,1024,2800,False
129400036,0,60818,1024,2800,True
129400080,0,0,1024,2800,False
129500035,38394,37522,1024,2800,True
129700025,0,0,1024,2800,False
129700065,0,0,1024,2800,False
129800012,0,0,1024,2800,False
129800053,0,0,1024,2800,False
129900029,0,0,1024,2800,False
130200001,0,0,1024,2800,False
130300031,39947,14580,1024,2800,True
130400037,0,0,1024,2800,False
130400079,0,0,1024,2800,False
130500046,0,0,1024,2800,False
130700072,0,0,1024,2800,False
130800025,0,0,1024,2800,False
130800063,0,0,1024,2800,False
131000036,0,128399,1024,2800,True
131000077,0,0,1024,2800,False
131600013,0,88091,1024,2800,True
131600054,0,0,1024,2800,False
131900027,0,0,1024,2800,False
132200064,21537,0,1024,2800,True
132300012,0,0,1024,2800,False
132500013,8214,0,1024,2800,True
132500070,0,0,1024,2800,False
133200022,0,0,1024,2800,False
133200060,0,0,1024,2800,False
133500031,0,20198,1024,2800,True
133600038,0,0,1024,2800,False
133600082,0,0,1024,2800,False
133700029,0,0,1024,2800,False
133700079,0,64450,1024,2800,True
134000036,0,0,1024,2800,False
134200002,0,0,1024,2800,False
134200045,0,0,1024,2800,False
134400005,0,0,1024,2800,False
134600030,0,0,1024,2800,False
134600076,0,0,1024,2800,False
134700038,0,0,1024,2800,False
134700082,0,0,1024,2800,False
135300074,0,0,1024,2800,False
135400076,0,0,1024,2800,False
135500028,0,33166,1024,2800,True
135500065,0,0,1024,2800,False
135700029,0,0,1024,2800,False
135700067,0,0,1024,2800,False
135800055,0,0,1024,2800,False
135900062,0,0,1024,2800,False
136200013,0,0,1024,2800,False
136200050,0,0,1024,2800,False
136500026,0,0,1024,2800,False
136500077,20925,0,1024,2800,True
136700069,0,0,1024,2800,False
137000060,0,0,1024,2800,False
137100007,0,0,1024,2800,False
137100053,0,82929,1024,2800,True
137400011,0,0,1024,2800,False
137400064,0,0,1024,2800,False
137600011,0,0,1024,2800,False
137600066,0,0,1024,2800,False
137900033,0,0,1024,2800,False
138000000,0,53637,1024,2800,True
138000041,0,0,1024,2800,False
138000079,0,0,1024,2800,False
138200036,0,0,1024,2800,False
138300002,0,0,1024,2800,False
138400034,0,0,1024,2800,False
138400076,0,0,1024,2800,False
138500040,0,0,1024,2800,False
138700001,0,0,1024,2800,False
138700038,0,0,1024,2800,False
138700076,0,0,1024,2800,False
138900026,0,29393,1024,2800,True
138900065,0,0,1024,2800,False
139100038,0,0,1024,2800,False
139100076,0,0,1024,2800,False
139200028,0,0,1024,2800,False
139200084,0,0,1024,2800,False
140200026,0,0,1024,2800,False
140200069,18850,0,1024,2800,True
140300055,0,0,1024,2800,False
140500020,0,0,1024,2800,False
140500062,0,0,1024,2800,False
140700056,0,63292,1024,2800,True
140800028,0,88794,1024,2800,True
140800078,0,0,1024,2800,False
140900042,9561,0,1024,2800,True
141000032,0,0,1024,2800,False
141100011,0,0,1024,2800,False
141100052,0,0,1024,2800,False
141200019,0,0,1024,2800,False
141200060,0,0,1024,2800,False
141400023,0,0,1024,2800,False
141400076,34727,0,1024,2800,True
141500026,0,0,1024,2800,False
142100056,0,0,1024,2800,False
142200026,0,0,1024,2800,False
142200070,11335,0,1024,2800,True
142500033,0,0,1024,2800,False
142800019,0,0,1024,2800,False
142800063,0,0,1024,2800,False
143400019,0,0,1024,2800,False
143400059,0,0,1024,2800,False
143600006,0,58546,1024,2800,True
143600043,0,0,1024,2800,False
143600081,0,0,1024,2800,False
143900035,0,0,1024,2800,False
143900080,0,0,1024,2800,False
144000058,0,0,1024,2800,False
144100013,0,0,1024,2800,False
144100057,0,0,1024,2800,False
144200035,0,84644,1024,2800,True
144400009,7427,128591,1024,2800,True
144500023,13695,0,1024,2800,True
144500063,0,60139,1024,2800,True
144800073,29630,21977,1024,2800,True
144900031,0,0,1024,2800,False
145000016,2704,0,1024,2800,True
145000055,33669,0,1024,2800,True
145100006,0,0,1024,2800,False
145100046,0,0,1024,2800,False
145200011,0,0,1024,2800,False
145200049,0,0,1024,2800,False
145300017,0,0,1024,2800,False
146300001,0,0,1024,2800,False
146300059,0,0,1024,2800,False
147200023,0,0,1024,2800,False
147200068,0,0,1024,2800,False
147600001,0,0,1024,2800,False
147900058,0,0,1024,2800,False
148000044,5709,0,1024,2800,True
148100008,0,0,1024,2800,False
148300027,0,0,1024,2800,False
148300079,0,156910,1024,2800,True
148400065,0,0,1024,2800,False
148500012,0,0,1024,2800,False
148500061,35315,0,1024,2800,True
148600044,0,0,1024,2800,False
148800017,0,0,1024,2800,False
148800054,0,0,1024,2800,False
148900007,0,0,1024,2800,False
148900054,0,0,1024,2800,False
149000033,23501,0,1024,2800,True
149000081,0,0,1024,2800,False
149200035,0,0,1024,2800,False
149200072,0,0,1024,2800,False
149400030,0,0,1024,2800,False
149400068,0,0,1024,2800,False
149500026,0,0,1024,2800,False
149500069,0,101984,1024,2800,True
149600025,0,0,1024,2800,False
149600063,0,0,1024,2800,False
149700015,0,0,1024,2800,False
149800029,0,0,1024,2800,False
149900008,0,0,1024,2800,False
149900080,0,0,1024,2800,False
150000033,0,0,1024,2800,False
150000071,0,0,1024,2800,False
150100032,0,28927,1024,2800,True
150200054,0,0,1024,2800,False
150400002,0,0,1024,2800,False
150400040,0,0,1024,2800,False
150600000,0,0,1024,2800,False
150600051,0,0,1024,2800,False
150700002,0,0,1024,2800,False
150700044,0,0,1024,2800,False
150800015,0,0,1024,2800,False
150800057,4163,0,1024,2800,True
150900012,0,0,1024,2800,False
150900056,0,0,1024,2800,False
151000006,0,0,1024,2800,False
151000049,0,0,1024,2800,False
151100006,0,0,1024,2800,False
151700079,0,0,1024,2800,False
151800041,0,0,1024,2800,False
151800082,0,0,1024,2800,False
151900039,0,0,1024,2800,False
151900082,0,0,1024,2800,False
152000037,0,0,1024,2800,False
152100003,0,0,1024,2800,False
152100061,0,0,1024,2800,False
152300025,0,0,1024,2800,False
152300068,0,56466,1024,2800,True
152400029,0,0,1024,2800,False
152600037,0,0,1024,2800,False
152600080,0,0,1024,2800,False
152700034,0,0,1024,2800,False
152700078,0,0,1024,2800,False
152800045,0,0,1024,2800,False
152900005,0,0,1024,2800,False
152900043,0,0,1024,2800,False
153000007,0,0,1024,2800,False
153000062,0,0,1024,2800,False
153100009,0,0,1024,2800,False
153100056,0,0,1024,2800,False
153200028,0,0,1024,2800,False
153200068,0,0,1024,2800,False
153300033,0,0,1024,2800,False
153300074,0,0,1024,2800,False
153500021,0,0,1024,2800,False
153500061,0,74891,1024,2800,True
153600026,0,0,1024,2800,False
153600070,0,0,1024,2800,False
153700034,0,0,1024,2800,False
153800002,0,0,1024,2800,False
153800039,0,0,1024,2800,False
154000004,0,0,1024,2800,False
154000048,0,0,1024,2800,False
154500052,0,0,1024,2800,False
154700018,0,0,1024,2800,False
154700072,0,0,1024,2800,False
155000030,35862,0,1024,2800,True
155000069,0,0,1024,2800,False
155100024,0,0,1024,2800,False
155100063,0,0,1024,2800,False
155200048,0,0,1024,2800,False
155300074,14138,0,1024,2800,True
155400047,34283,0,1024,2800,True
156300029,0,0,1024,2799,False
156300067,0,0,1024,2800,False
156400065,0,0,1024,2800,False
156500021,0,0,1024,2800,False
156600059,0,0,1024,2800,False
156700010,0,0,1024,2800,False
156700059,0,0,1024,2800,False
157200035,0,0,1024,2800,False
157200081,0,147602,1024,2800,True
157500016,0,0,1024,2800,False
157500055,0,0,1024,2800,False
157600017,0,0,1024,2800,False
157600063,0,0,1024,2800,False
157700013,15420,0,1024,2800,True
158000030,0,0,1024,2800,False
158000068,0,0,1024,2800,False
158100015,0,0,1024,2800,False
158100067,34272,0,1024,2800,True
158300029,0,0,1024,2800,False
158300067,0,0,1024,2800,False
158500031,12871,0,1024,2800,True
158500074,0,0,1024,2800,False
158600021,21554,0,1024,2800,True
158600059,0,0,1024,2800,False
158700062,0,0,1024,2800,False
158800069,0,0,1024,2800,False
158900030,0,0,1024,2800,False
158900082,3765,0,1024,2800,True
159000054,0,0,1024,2800,False
159300076,0,0,1024,2800,False
160000048,0,0,1024,2800,False
160200021,0,0,1024,2800,False
160200062,0,0,1024,2800,False
160300022,0,44528,1024,2800,True
160300060,0,0,1024,2800,False
160400021,0,0,1024,2800,False
160600035,34539,0,1024,2800,True
160600076,0,0,1024,2800,False
160800034,0,0,1024,2800,False
160800074,0,0,1024,2800,False
160900060,0,0,1024,2800,False
161200025,0,0,1024,2800,False
161200062,15768,0,1024,2800,True
161300016,0,0,1024,2800,False
161300053,0,0,1024,2800,False
161500007,0,0,1024,2800,False
161500046,0,0,1024,2800,False
161500084,0,0,1024,2800,False
161600058,0,0,1024,2800,False
161700006,0,0,1024,2800,False
161700043,0,0,1024,2800,False
161700084,0,0,1024,2800,False
161800040,0,0,1024,2800,False
161800080,30535,0,1024,2800,True
161900043,0,0,1024,2800,False
162100000,0,0,1024,2800,False
162100041,0,0,1024,2800,False
162100082,0,0,1024,2800,False
162400083,0,0,1024,2800,False
162500043,0,0,1024,2800,False
162600022,0,0,1024,2800,False
162600067,0,0,1024,2800,False
162700029,0,0,1024,2800,False
162700077,0,0,1024,2800,False
162800031,0,0,1024,2800,False
162800072,0,0,1024,2800,False
162900029,0,0,1024,2800,False
162900067,0,0,1024,2800,False
163000071,0,0,1024,2800,False
163100050,0,0,1024,2800,False
163200033,0,28201,1024,2800,True
163300029,0,0,1024,2800,False
163300072,0,0,1024,2800,False
163700049,0,0,1024,2800,False
163800020,0,0,1024,2800,False
163800062,0,0,1024,2800,False
163900053,0,0,1024,2800,False
164000009,0,0,1024,2800,False
164000053,0,0,1024,2800,False
164300007,0,16714,1024,2800,True
164300084,0,0,1024,2800,False
164500037,0,0,1024,2800,False
164600010,0,0,1024,2800,False
164600054,0,0,1024,2800,False
165200020,0,0,1024,2800,False
165200064,0,0,1024,2800,False
165300021,0,0,1024,2800,False
165300061,14929,0,1024,2800,True
165400024,0,0,1024,2800,False
165400064,0,0,1024,2800,False
165500014,0,0,1024,2800,False
165500059,0,0,1024,2800,False
165600017,0,0,1024,2800,False
165600063,0,0,1024,2800,False
165700028,0,0,1024,2800,False
165700076,0,75431,1024,2800,True
165800052,0,0,1024,2800,False
165900006,0,0,1024,2800,False
165900048,0,0,1024,2800,False
166100026,0,0,1024,2800,False
166100070,0,45931,1024,2800,True
166300028,0,0,1024,2800,False
166300068,0,0,1024,2800,False
166400024,0,0,1024,2800,False
166400068,0,0,1024,2800,False
166600017,0,121251,1024,2800,True
166600055,0,0,1024,2800,False
166700030,0,0,1024,2800,False
166700079,0,0,1024,2800,False
166800084,0,0,1024,2800,False
166900043,0,0,1024,2800,False
167000059,0,0,1024,2800,False
167100012,0,0,1024,2800,False
167100051,0,0,1024,2800,False
167200009,0,0,1024,2800,False
167200046,0,0,1024,2800,False
167300009,0,0,1024,2800,False
167300056,0,0,1024,2800,False
167600009,0,0,1024,2800,False
167600062,0,0,1024,2800,False
167700033,0,0,1024,2800,False
167700078,0,0,1024,2800,False
167900009,0,0,1024,2800,False
167900062,0,0,1024,2800,False
168000070,0,0,1024,2800,False
168100036,0,0,1024,2800,False
168100084,0,30870,1024,2800,True
168200048,20645,0,1024,2800,True
168300003,0,74230,1024,2800,True
168300045,0,0,1024,2800,False
168400000,0,0,1024,2800,False
168400041,3684,0,1024,2800,True
168400080,0,0,1024,2800,False
169300034,0,59838,1024,2800,True
169300072,0,0,1024,2800,False
169500074,0,0,1024,2800,False
169600067,0,0,1024,2800,False
169800014,0,0,1024,2800,False
169800053,0,0,1024,2800,False
170400009,0,0,1024,2800,False
170400047,0,0,1024,2800,False
170400084,0,0,1024,2797,False
170700039,0,0,1024,2800,False
170800001,0,0,1024,2800,False
170800044,0,0,1024,2800,False
170800081,0,0,1024,2800,False
170900036,0,0,1024,2800,False
170900081,0,0,1024,2800,False
171000029,0,0,1024,2800,False
171000082,0,0,1024,2800,False
171100035,0,0,1024,2800,False
171100073,0,0,1024,2800,False
171200033,0,0,1024,2800,False
171200077,0,0,1024,2800,False
171300029,0,0,1024,2800,False
171300080,0,0,1024,2800,False
171400043,0,0,1024,2800,False
171500036,0,0,1024,2800,False
171500076,0,0,1024,2800,False
171600038,0,0,1024,2800,False
171600075,0,0,1024,2800,False
171700036,0,0,1024,2800,False
171800059,0,0,1024,2800,False
171900021,0,0,1024,2800,False
171900076,0,0,1024,2800,False
172100023,0,0,1024,2800,False
172100066,0,0,1024,2800,False
172200037,0,0,1024,2800,False
172200078,0,0,1024,2800,False
172300035,0,36401,1024,2800,True
172300073,0,0,1024,2800,False
172400032,0,0,1024,2800,False
172400073,0,0,1024,2800,False
175200028,0,0,1024,2800,False
175200067,0,0,1024,2800,False
175300033,0,0,1024,2800,False
175300071,0,0,1024,2800,False
175400018,0,0,1024,2800,False
175400070,0,0,1024,2800,False
175500045,0,0,1024,2800,False
175600016,0,0,1024,2800,False
175900003,0,0,1024,2800,False
175900044,0,80198,1024,2800,True
176000002,0,0,1024,2800,False
176000041,0,0,1024,2800,False
176000081,0,0,1024,2800,False
99100031,0,0,1024,2800,False
99100068,0,0,1024,2800,False
99300051,0,0,1024,2800,False
99900001,0,0,1024,2800,False
99900051,16781,0,1024,2800,True
100000001,0,0,1024,2800,False
100000040,0,28697,1024,2800,True
100000079,0,0,1024,2800,False
100100034,0,0,1024,2800,False
100100077,0,0,1024,2800,False
100400016,0,0,1024,2800,False
100400057,0,0,1024,2800,False
100500008,0,86448,1024,2800,True
100500046,0,0,1024,2800,False
100700024,0,0,1024,2800,False
100700070,0,0,1024,2800,False
101100024,0,0,1024,2800,False
101100063,0,0,1024,2800,False
101500010,0,20493,1024,2800,True
101500051,0,0,1024,2800,False
101600006,0,0,1024,2800,False
101600064,0,0,1024,2800,False
101700026,0,0,1024,2800,False
101700073,0,0,1024,2800,False
101900009,0,0,1024,2800,False
101900064,0,0,1024,2800,False
102100023,0,0,1024,2800,False
103000031,0,0,1024,2800,False
103200012,0,0,1024,2800,False
103200051,0,0,1024,2800,False
103300015,0,0,1024,2800,False
103400037,0,0,1024,2800,False
103400080,0,0,1024,2800,False
103500058,5036,0,1024,2800,True
103700033,30108,0,1024,2800,True
103900016,0,0,1024,2800,False
103900061,0,0,1024,2800,False
104600019,31388,55372,1024,2800,True
104600077,0,0,1024,2800,False
104700043,0,0,1024,2800,False
104800006,0,0,1024,2800,False
104900016,0,0,1024,2800,False
104900055,0,0,1024,2800,False
105100011,0,0,1024,2800,False
105100050,0,0,1024,2800,False
105200029,0,0,1024,2800,False
105200080,0,0,1024,2800,False
105300043,0,0,1024,2800,False
105300083,0,31475,1024,2800,True
105600009,0,0,1024,2800,False
105600047,0,0,1024,2800,False
105900002,0,0,1024,2800,False
105900040,0,0,1024,2800,False
106000030,0,0,1024,2800,False
106100015,0,0,1024,2800,False
106100058,0,0,1024,2800,False
106200024,0,0,1024,2800,False
106200073,0,20362,1024,2800,True
106300025,0,0,1024,2800,False
106500010,0,0,1024,2800,False
106500050,14414,0,1024,2800,True
106600013,0,41799,1024,2800,True
106600052,0,5,1024,2800,True
106700070,0,0,1024,2800,False
106900023,0,0,1024,2800,False
106900060,0,0,1024,2800,False
107900007,0,0,1024,2800,False
107900057,0,0,1024,2800,False
108400042,0,0,1024,2800,False
108600002,0,0,1024,2800,False
108600056,0,0,1024,2800,False
108900032,0,0,1024,2800,False
108900069,0,68830,1024,2800,True
109200019,0,0,1024,2800,False
109300000,0,0,1024,2800,False
109300038,0,0,1024,2800,False
109600021,0,0,1024,2800,False
109600064,0,0,1024,2800,False
109700040,0,77416,1024,2800,True
109700084,0,0,1024,2800,False
109800037,0,0,1024,2800,False
109800075,0,0,1024,2800,False
110100035,15333,0,1024,2800,True
110100072,0,0,1024,2800,False
110400029,0,0,1024,2800,False
110400078,0,0,1024,2800,False
110700001,0,0,1024,2800,False
110700041,0,0,1024,2800,False
110900017,0,0,1024,2800,False
110900054,0,0,1024,2800,False
111000028,0,0,1024,2800,False
111200008,8112,0,1024,2800,True
111200059,0,74873,1024,2800,True
111400021,0,0,1024,2800,False
111400072,0,0,1024,2800,False
111500046,0,0,1024,2800,False
111700051,0,0,1024,2800,False
111900002,0,0,1024,2800,False
111900042,0,0,1024,2800,False
111900080,0,0,1024,2800,False
112000039,0,0,1024,2800,False
112500022,0,0,1024,2800,False
112500069,0,0,1024,2800,False
112600028,0,0,1024,2800,False
112600082,0,0,1024,2800,False
112800036,0,0,1024,2800,False
112800073,0,0,1024,2800,False
113100030,0,0,1024,2800,False
113300022,0,0,1024,2800,False
113300060,0,0,1024,2800,False
113400032,0,0,1024,2800,False
113400080,0,46918,1024,2800,True
113500041,0,0,1024,2800,False
113700041,0,0,1024,2800,False
113700079,0,0,1024,2800,False
114600006,0,0,1024,2800,False
114600044,0,0,1024,2800,False
114600082,0,0,1024,2800,False
114700065,0,0,1024,2800,False
114900044,0,0,1024,2800,False
115100046,0,0,1024,2800,False
115300012,0,0,1024,2800,False
115300081,0,0,1024,2800,False
115500071,0,0,1024,2800,False
115600055,0,0,1024,2800,False
116000011,0,0,1024,2800,False
116100028,0,0,1024,2800,False
116100066,0,0,1024,2800,False
116400060,0,0,1024,2800,False
116500084,0,15041,1024,2800,True
116900037,0,0,1024,2800,False
116900075,0,0,1024,2800,False
117700055,0,23345,1024,2800,True
117900020,0,78843,1024,2800,True
117900066,0,0,1024,2800,False
118300015,0,0,1024,2800,False
118300053,0,38659,1024,2800,True
118500007,0,0,1024,2800,False
118600013,0,0,1024,2800,False
118600069,0,0,1024,2800,False
118800027,0,0,1024,2800,False
118800066,0,0,1024,2800,False
118900042,0,0,1024,2800,False
119100020,0,0,1024,2800,False
119100059,0,0,1024,2800,False
119300074,0,17581,1024,2800,True
119400021,0,0,1024,2800,False
119400058,0,0,1024,2800,False
119700035,0,74366,1024,2800,True
120000017,0,0,1024,2800,False
120000054,0,0,1024,2800,False
120200009,0,59861,1024,2800,True
120200050,0,0,1024,2800,False
120300043,0,0,1024,2800,False
120300080,20326,0,1024,2800,True
121200047,0,0,1024,2800,False
121400008,0,0,1024,2800,False
121400068,0,27189,1024,2800,True
121500023,0,0,1024,2800,False
121500062,0,18160,1024,2800,True
121600061,0,0,1024,2800,False
121800018,0,18981,1024,2800,True
121800056,3591,0,1024,2800,True
121900051,0,0,1024,2800,False
122300023,0,0,1024,2800,False
122300066,0,0,1024,2800,False
122400017,0,0,1024,2800,False
122400084,0,0,1024,2800,False
122500039,0,0,1024,2800,False
122500082,0,0,1024,2800,False
122600065,0,0,1024,2800,False
122700039,0,0,1024,2800,False
122900005,0,0,1024,2800,False
122900058,0,0,1024,2800,False
123000082,0,75730,1024,2800,True
123300031,0,0,1024,2800,False
123300074,0,0,1024,2800,False
123600049,5715,0,1024,2800,True
123700025,0,0,1024,2800,False
123700063,0,57204,1024,2800,True
123800017,35843,0,1024,2800,True
123800055,0,0,1024,2800,False
124000008,0,0,1024,2800,False
124000073,0,0,1024,2800,False
124200023,0,0,1024,2800,False
124200076,0,0,1024,2800,False
124400029,6428,0,1024,2800,True
124400079,0,0,1024,2800,False
124500054,0,0,1024,2800,False
124600044,0,0,1024,2800,False
124700022,0,0,1024,2800,False
124700060,0,0,1024,2800,False
124800013,0,0,1024,2800,False
124800052,0,0,1024,2800,False
125100012,0,0,1024,2800,False
125100054,0,0,1024,2800,False
125200026,0,0,1024,2800,False
125200081,0,0,1024,2800,False
125400037,0,0,1024,2800,False
125400074,0,0,1024,2800,False
125600027,0,0,1024,2800,False
125600071,0,0,1024,2800,False
125700031,0,0,1024,2800,False
125700070,0,0,1024,2800,False
125800017,0,0,1024,2800,False
125800071,0,109881,1024,2800,True
126500020,0,0,1024,2800,False
126600061,0,0,1024,2800,False
126800029,4941,0,1024,2800,True
126800067,0,0,1024,2800,False
127000014,0,0,1024,2800,False
127000064,0,0,1024,2800,False
127200027,0,0,1024,2800,False
127300014,0,0,1024,2800,False
127300055,0,0,1024,2800,False
127600007,0,0,1024,2800,False
127600048,0,0,1024,2800,False
127900063,0,0,1024,2800,False
128200021,0,81410,1024,2800,True
128200059,0,0,1024,2800,False
128300006,20976,0,1024,2800,True
128300053,0,0,1024,2800,False
128500008,0,0,1024,2800,False
128500047,0,0,1024,2800,False
128700060,0,0,1024,2800,False
128800017,0,0,1024,2800,False
129100038,0,0,1024,2800,False
129100082,0,0,1024,2800,False
129300042,0,0,1024,2800,False
129300080,0,0,1024,2800,False
129400037,0,0,1024,2800,False
129400081,0,0,1024,2800,False
129500036,7269,0,1024,2800,True
129700026,0,0,1024,2800,False
129700066,0,0,1024,2800,False
129800013,0,0,1024,2800,False
129800054,0,0,1024,2800,False
129900030,0,66230,1024,2800,True
130200002,0,0,1024,2800,False
130300032,27243,0,1024,2800,True
130400038,0,0,1024,2800,False
130400080,0,0,1024,2800,False
130500047,0,0,1024,2800,False
130700073,0,0,1024,2800,False
130800026,0,0,1024,2800,False
130800064,0,0,1024,2800,False
131000037,0,0,1024,2800,False
131000078,0,0,1024,2800,False
131600014,0,0,1024,2800,False
131600055,0,0,1024,2800,False
131900028,0,0,1024,2800,False
132200065,20913,0,1024,2800,True
132300013,0,0,1024,2800,False
132500026,0,0,1024,2800,False
132500071,0,0,1024,2800,False
133200023,0,0,1024,2800,False
133200061,0,0,1024,2800,False
133500032,0,0,1024,2800,False
133600039,0,0,1024,2800,False
133600083,0,0,1024,2800,False
133700036,0,0,1024,2800,False
133700080,0,0,1024,2800,False
134000037,0,54604,1024,2800,True
134200003,0,0,1024,2800,False
134200046,0,0,1024,2800,False
134400006,0,0,1024,2800,False
134600031,0,0,1024,2800,False
134600077,0,0,1024,2800,False
134700039,0,0,1024,2800,False
134700083,0,0,1024,2800,False
135300075,0,115604,1024,2800,True
135400077,0,0,1024,2800,False
135500029,0,0,1024,2800,False
135500066,0,0,1024,2800,False
135700030,0,0,1024,2800,False
135700068,0,0,1024,2800,False
135800056,0,0,1024,2800,False
135900063,0,0,1024,2800,False
136200014,0,0,1024,2800,False
136200051,0,0,1024,2800,False
136500027,0,0,1024,2800,False
136500078,0,0,1024,2800,False
136700070,0,0,1024,2800,False
137000061,0,0,1024,2800,False
137100008,0,0,1024,2800,False
137100054,0,0,1024,2800,False
137400012,0,0,1024,2800,False
137400065,0,15371,1024,2800,True
137600012,0,34076,1024,2800,True
137600067,0,0,1024,2800,False
137900034,0,0,1024,2800,False
138000001,0,0,1024,2800,False
138000042,0,0,1024,2800,False
138000080,0,0,1024,2800,False
138200037,0,0,1024,2800,False
138300003,6948,0,1024,2800,True
138400035,0,0,1024,2800,False
138400077,0,0,1024,2800,False
138500041,0,0,1024,2800,False
138700002,0,0,1024,2800,False
138700039,0,0,1024,2800,False
138700077,0,0,1024,2800,False
138900027,0,0,1024,2800,False
138900066,0,0,1024,2800,False
139100039,0,0,1024,2800,False
139100077,0,0,1024,2800,False
139200029,0,0,1024,2800,False
140100078,0,0,1024,2800,False
140200027,0,0,1024,2800,False
140200078,0,0,1024,2800,False
140300056,0,0,1024,2800,False
140500021,0,0,1024,2800,False
140500063,0,42978,1024,2800,True
140700057,0,0,1024,2800,False
140800029,0,0,1024,2800,False
140800079,0,0,1024,2800,False
140900043,18498,16046,1024,2800,True
141000033,0,0,1024,2800,False
141100012,0,37375,1024,2800,True
141100053,0,0,1024,2800,False
141200020,0,0,1024,2800,False
141200061,0,0,1024,2800,False
141400024,0,0,1024,2800,False
141400077,34959,0,1024,2800,True
141500027,0,0,1024,2800,False
142100057,0,0,1024,2800,False
142200027,0,0,1024,2800,False
142200071,32273,0,1024,2800,True
142500034,0,0,1024,2800,False
142800020,0,0,1024,2800,False
142800064,0,0,1024,2800,False
143400020,0,0,1024,2800,False
143400060,0,0,1024,2800,False
143600007,0,0,1024,2800,False
143600044,0,0,1024,2800,False
143600082,0,0,1024,2800,False
143900036,0,0,1024,2800,False
143900081,0,0,1024,2800,False
144000059,0,0,1024,2800,False
144100014,0,0,1024,2800,False
144100058,0,0,1024,2800,False
144200036,0,0,1024,2800,False
144400010,22085,0,1024,2800,True
144500024,0,0,1024,2800,False
144800042,0,33903,1024,2800,True
144800079,8735,0,1024,2800,True
144900032,0,0,1024,2800,False
145000017,6390,0,1024,2800,True
145000056,22362,0,1024,2800,True
145100007,0,0,1024,2800,False
145100047,0,0,1024,2800,False
145200012,0,0,1024,2800,False
145200050,0,0,1024,2800,False
145300018,0,0,1024,2800,False
146300002,0,109956,1024,2800,True
146300060,0,95763,1024,2800,True
147200024,0,0,1024,2800,False
147200069,0,0,1024,2800,False
147600002,0,0,1024,2800,False
147900059,33982,0,1024,2800,True
148000045,14740,0,1024,2800,True
148100009,0,0,1024,2800,False
148300028,0,0,1024,2800,False
148400000,0,0,1024,2800,False
148400066,0,0,1024,2800,False
148500013,0,0,1024,2800,False
148500062,26719,0,1024,2800,True
148600045,0,0,1024,2800,False
148800018,0,0,1024,2800,False
148800055,0,0,1024,2800,False
148900008,0,0,1024,2800,False
148900055,0,0,1024,2800,False
149000034,15555,0,1024,2800,True
149000082,0,0,1024,2800,False
149200036,0,0,1024,2800,False
149200073,0,0,1024,2800,False
149400031,0,0,1024,2800,False
149400069,0,0,1024,2800,False
149500027,0,0,1024,2800,False
149500070,0,0,1024,2800,False
149600026,0,0,1024,2800,False
149600064,0,0,1024,2800,False
149700016,0,0,1024,2800,False
149800030,0,0,1024,2800,False
149900009,3560,0,1024,2800,True
149900081,0,0,1024,2800,False
150000034,0,32342,1024,2800,True
150000072,0,0,1024,2800,False
150100033,0,0,1024,2800,False
150200055,0,0,1024,2800,False
150400003,0,85797,1024,2800,True
150400041,0,0,1024,2800,False
150600001,0,0,1024,2800,False
150600052,0,0,1024,2800,False
150700003,0,0,1024,2800,False
150700059,0,0,1024,2800,False
150800016,19295,0,1024,2800,True
150800058,0,0,1024,2800,False
150900013,0,0,1024,2800,False
150900057,0,0,1024,2800,False
151000007,0,0,1024,2800,False
151000050,0,0,1024,2800,False
151100007,0,0,1024,2800,False
151700080,0,0,1024,2800,False
151800042,0,0,1024,2800,False
151800083,0,86602,1024,2800,True
151900040,0,0,1024,2800,False
151900083,0,0,1024,2800,False
152000038,0,0,1024,2800,False
152100004,0,0,1024,2800,False
152100062,0,0,1024,2800,False
152300026,0,82427,1024,2800,True
152300069,0,0,1024,2800,False
152400030,0,0,1024,2800,False
152600038,0,0,1024,2800,False
152600081,0,0,1024,2800,False
152700035,0,0,1024,2800,False
152700079,0,0,1024,2800,False
152800046,0,0,1024,2800,False
152900006,0,0,1024,2800,False
152900044,0,0,1024,2800,False
153000008,10326,0,1024,2800,True
153000063,0,0,1024,2800,False
153100010,0,0,1024,2800,False
153100057,0,0,1024,2800,False
153200029,0,0,1024,2800,False
153200069,2984,0,1024,2800,True
153300034,0,0,1024,2800,False
153300075,0,0,1024,2800,False
153500022,0,0,1024,2800,False
153500062,0,0,1024,2800,False
153600027,0,0,1024,2800,False
153600071,0,0,1024,2800,False
153700035,0,0,1024,2800,False
153800003,0,0,1024,2800,False
153800040,0,0,1024,2800,False
154000005,0,0,1024,2800,False
154000049,0,0,1024,2800,False
154500053,0,0,1024,2800,False
154700019,0,0,1024,2800,False
154700073,0,0,1024,2800,False
155000031,17071,0,1024,2800,True
155000070,0,0,1024,2800,False
155100025,0,0,1024,2800,False
155100064,0,0,1024,2800,False
155200049,0,0,1024,2800,False
155300075,0,0,1024,2800,False
155400048,34533,0,1024,2800,True
156300030,0,0,1024,2778,False
156300068,0,0,1024,2800,False
156400066,0,0,1024,2800,False
156500022,0,0,1024,2800,False
156600060,0,0,1024,2800,False
156700011,0,0,1024,2800,False
156700060,0,0,1024,2800,False
157200036,0,0,1024,2800,False
157200082,10055,0,1024,2800,True
157500017,0,0,1024,2800,False
157500056,0,0,1024,2800,False
157600018,0,0,1024,2800,False
157600064,0,0,1024,2800,False
157700014,0,0,1024,2800,False
158000031,0,0,1024,2800,False
158000069,0,0,1024,2800,False
158100016,0,0,1024,2800,False
158100068,36905,0,1024,2800,True
158300030,0,0,1024,2800,False
158300068,0,0,1024,2800,False
158500032,0,0,1024,2800,False
158500075,0,0,1024,2800,False
158600022,26546,0,1024,2800,True
158600060,0,0,1024,2800,False
158700063,0,0,1024,2800,False
158800070,0,0,1024,2800,False
158900031,0,0,1024,2800,False
158900083,0,0,1024,2800,False
159000055,0,0,1024,2800,False
160000000,0,0,1024,2800,False
160000049,0,0,1024,2800,False
160200022,0,0,1024,2800,False
160200063,0,0,1024,2800,False
160300023,0,0,1024,2800,False
160300061,0,0,1024,2800,False
160400022,0,0,1024,2800,False
160600036,34545,0,1024,2800,True
160600077,0,0,1024,2800,False
160800035,0,0,1024,2800,False
160800075,0,0,1024,2800,False
160900061,0,0,1024,2800,False
161200026,0,0,1024,2800,False
161200063,0,0,1024,2800,False
161300017,0,0,1024,2800,False
161300054,0,0,1024,2800,False
161500008,0,0,1024,2800,False
161500047,0,0,1024,2800,False
161600005,0,0,1024,2800,False
161600059,0,0,1024,2800,False
161700007,0,13044,1024,2800,True
161700044,0,0,1024,2800,False
161800000,0,0,1024,2800,False
161800041,0,0,1024,2800,False
161800081,18845,0,1024,2800,True
161900044,0,0,1024,2800,False
162100001,0,0,1024,2800,False
162100042,0,0,1024,2800,False
162100083,0,0,1024,2800,False
162400084,0,0,1024,2800,False
162500044,0,0,1024,2800,False
162600023,0,0,1024,2800,False
162600068,0,0,1024,2800,False
162700030,0,0,1024,2800,False
162700078,0,0,1024,2800,False
162800032,0,0,1024,2800,False
162800073,0,0,1024,2800,False
162900030,0,0,1024,2800,False
162900068,0,0,1024,2800,False
163000072,0,0,1024,2800,False
163100051,0,0,1024,2800,False
163200034,0,0,1024,2800,False
163300030,0,0,1024,2800,False
163300073,0,0,1024,2800,False
163700050,0,0,1024,2800,False
163800021,0,0,1024,2800,False
163800063,0,0,1024,2800,False
163900054,0,0,1024,2800,False
164000010,0,0,1024,2800,False
164000054,0,0,1024,2800,False
164300008,0,0,1024,2800,False
164500000,0,0,1024,2800,False
164500038,0,31111,1024,2800,True
164600011,0,0,1024,2800,False
164600055,0,0,1024,2800,False
165200021,0,0,1024,2800,False
165200065,0,0,1024,2800,False
165300022,0,0,1024,2800,False
165300062,35055,0,1024,2800,True
165400025,0,0,1024,2800,False
165400065,0,0,1024,2800,False
165500015,0,0,1024,2800,False
165500060,0,0,1024,2800,False
165600018,0,0,1024,2800,False
165600064,0,0,1024,2800,False
165700029,0,0,1024,2800,False
165700077,0,0,1024,2800,False
165800053,0,0,1024,2800,False
165900007,0,0,1024,2800,False
165900049,0,0,1024,2800,False
166100027,0,0,1024,2800,False
166100071,0,0,1024,2800,False
166300029,0,0,1024,2800,False
166300069,0,0,1024,2800,False
166400025,0,0,1024,2800,False
166400069,0,0,1024,2800,False
166600018,0,10438,1024,2800,True
166600056,0,0,1024,2800,False
166700031,0,0,1024,2800,False
166700081,0,0,1024,2800,False
166900000,0,0,1024,2800,False
166900044,0,0,1024,2800,False
167000060,0,0,1024,2800,False
167100013,0,0,1024,2800,False
167100052,0,0,1024,2800,False
167200010,0,0,1024,2800,False
167200047,0,0,1024,2800,False
167300010,0,0,1024,2800,False
167300057,0,0,1024,2800,False
167600010,0,0,1024,2800,False
167600063,0,0,1024,2800,False
167700034,16088,0,1024,2800,True
167700079,0,0,1024,2800,False
167900010,0,0,1024,2800,False
167900063,0,0,1024,2800,False
168000071,0,0,1024,2800,False
168100037,0,0,1024,2800,False
168200000,0,0,1024,2800,False
168200049,0,0,1024,2800,False
168300004,0,0,1024,2800,False
168300046,0,109822,1024,2800,True
168400001,0,0,1024,2800,False
168400042,0,0,1024,2800,False
168400081,0,0,1024,2800,False
169300035,0,0,1024,2800,False
169300073,0,0,1024,2800,False
169500075,0,0,1024,2800,False
169600068,0,0,1024,2800,False
169800015,0,0,1024,2800,False
169800054,8777,0,1024,2800,True
170400010,0,0,1024,2800,False
170400048,0,0,1024,2798,False
170700000,0,0,1024,2800,False
170700040,0,0,1024,2800,False
170800002,0,0,1024,2800,False
170800045,0,0,1024,2800,False
170800082,0,0,1024,2800,False
170900037,0,0,1024,2800,False
170900082,0,0,1024,2800,False
171000030,0,0,1024,2800,False
171000083,0,0,1024,2800,False
171100036,0,0,1024,2800,False
171100074,0,58495,1024,2800,True
171200034,0,0,1024,2800,False
171200078,0,0,1024,2800,False
171300030,0,0,1024,2800,False
171300081,0,0,1024,2800,False
171400044,0,0,1024,2800,False
171500037,0,0,1024,2800,False
171500077,0,0,1024,2800,False
171600039,0,0,1024,2800,False
171600076,0,0,1024,2800,False
171700037,0,0,1024,2800,False
171800060,0,73735,1024,2800,True
171900022,0,0,1024,2800,False
171900077,0,0,1024,2800,False
172100024,0,0,1024,2800,False
172100067,0,0,1024,2800,False
172200038,0,0,1024,2800,False
172200079,0,0,1024,2800,False
172300036,0,0,1024,2800,False
172300074,0,0,1024,2800,False
172400033,0,0,1024,2800,False
172400074,0,0,1024,2800,False
175200029,0,0,1024,2800,False
175200068,0,0,1024,2800,False
175300034,0,0,1024,2800,False
175300072,0,0,1024,2800,False
175400019,0,0,1024,2800,False
175400071,0,0,1024,2800,False
175500046,0,0,1024,2800,False
175600017,0,38094,1024,2800,True
175900004,0,104578,1024,2800,True
175900045,0,0,1024,2800,False
176000003,0,0,1024,2800,False
176000042,0,29522,1024,2800,True
176000082,0,0,1024,2800,False
99100032,0,0,1024,2800,False
99100069,0,0,1024,2800,False
99300052,0,0,1024,2800,False
99900002,0,0,1024,2800,False
99900052,0,0,1024,2800,False
100000002,0,0,1024,2800,False
100000041,0,32520,1024,2800,True
100000080,0,101202,1024,2800,True
100100035,0,0,1024,2800,False
100100078,0,0,1024,2800,False
100400017,0,0,1024,2800,False
100400058,0,0,1024,2800,False
100500009,0,0,1024,2800,False
100500047,0,0,1024,2800,False
100700025,0,0,1024,2800,False
100700071,0,0,1024,2800,False
101100025,0,0,1024,2800,False
101100064,0,0,1024,2800,False
101500011,0,0,1024,2800,False
101500052,0,9,1024,2800,True
101600007,0,0,1024,2800,False
101600065,0,0,1024,2800,False
101700027,0,0,1024,2800,False
101700074,0,36447,1024,2800,True
101900010,0,0,1024,2800,False
101900065,0,0,1024,2800,False
102100024,0,0,1024,2800,False
103000033,0,0,1024,2800,False
103200013,0,0,1024,2800,False
103200052,0,0,1024,2800,False
103300016,0,0,1024,2800,False
103400038,0,0,1024,2800,False
103400081,0,0,1024,2800,False
103500059,0,51031,1024,2800,True
103700034,10842,0,1024,2800,True
103900017,0,0,1024,2800,False
103900062,0,0,1024,2800,False
104600020,43824,0,1024,2800,True
104600078,0,0,1024,2800,False
104700044,0,0,1024,2800,False
104800007,0,0,1024,2800,False
104900017,0,0,1024,2800,False
104900056,0,0,1024,2800,False
105100012,0,0,1024,2800,False
105100051,0,0,1024,2800,False
105200030,0,0,1024,2800,False
105200081,0,104576,1024,2800,True
105300044,0,0,1024,2800,False
105300084,0,0,1024,2800,False
105600010,0,0,1024,2800,False
105600048,0,49031,1024,2800,True
105900003,0,0,1024,2800,False
105900041,0,0,1024,2800,False
106000031,0,0,1024,2800,False
106100016,0,0,1024,2800,False
106100059,0,0,1024,2800,False
106200025,0,0,1024,2800,False
106200074,0,0,1024,2800,False
106300026,0,0,1024,2800,False
106500011,0,0,1024,2800,False
106500051,23487,0,1024,2800,True
106600014,0,0,1024,2800,False
106600053,0,0,1024,2800,False
106700071,0,0,1024,2800,False
106900024,0,0,1024,2800,False
106900061,0,62189,1024,2800,True
107900008,0,0,1024,2782,False
107900058,0,0,1024,2800,False
108400043,34539,0,1024,2800,True
108600003,0,0,1024,2800,False
108600057,0,0,1024,2800,False
108900033,0,0,1024,2800,False
108900070,0,0,1024,2800,False
109200037,0,0,1024,2800,False
109300001,0,0,1024,2800,False
109300039,0,0,1024,2800,False
109600022,0,0,1024,2800,False
109600065,0,0,1024,2800,False
109700041,0,0,1024,2800,False
109800000,0,0,1024,2800,False
109800039,0,0,1024,2800,False
109800076,0,0,1024,2800,False
110100036,0,0,1024,2800,False
110100073,0,0,1024,2800,False
110400030,0,0,1024,2800,False
110400079,0,0,1024,2800,False
110700002,0,0,1024,2800,False
110700042,0,0,1024,2800,False
110900018,0,0,1024,2800,False
110900055,28036,38393,1024,2800,True
111000030,0,0,1024,2800,False
111200009,26995,0,1024,2800,True
111200060,0,37202,1024,2800,True
111400022,0,0,1024,2800,False
111400073,0,0,1024,2800,False
111500047,0,0,1024,2800,False
111700054,15770,0,1024,2800,True
111900003,0,0,1024,2800,False
111900043,0,0,1024,2800,False
111900081,0,0,1024,2800,False
112000040,0,0,1024,2800,False
112500023,0,0,1024,2800,False
112500070,0,0,1024,2800,False
112600029,0,0,1024,2800,False
112600083,0,0,1024,2800,False
112800037,0,15495,1024,2800,True
112800074,0,0,1024,2800,False
113100031,0,0,1024,2800,False
113300023,0,0,1024,2800,False
113300061,0,0,1024,2800,False
113400033,0,0,1024,2800,False
113400081,0,0,1024,2800,False
113500042,0,45940,1024,2800,True
113700042,0,10625,1024,2800,True
113700080,0,0,1024,2800,False
114600007,0,0,1024,2800,False
114600045,0,0,1024,2800,False
114600083,0,0,1024,2800,False
114700066,0,0,1024,2800,False
114900045,0,0,1024,2800,False
115100047,0,0,1024,2800,False
115300013,0,0,1024,2800,False
115300082,0,0,1024,2800,False
115500072,0,0,1024,2800,False
115600056,0,30318,1024,2800,True
116000012,0,0,1024,2800,False
116100029,0,50683,1024,2800,True
116100067,0,0,1024,2800,False
116400061,0,0,1024,2800,False
116900000,0,0,1024,2800,False
116900038,0,22867,1024,2800,True
116900076,13287,116085,1024,2800,True
117700056,0,27011,1024,2800,True
117900021,0,0,1024,2800,False
117900067,0,82608,1024,2800,True
118300016,0,0,1024,2800,False
118300054,0,0,1024,2800,False
118500008,0,30241,1024,2800,True
118600014,0,0,1024,2800,False
118600070,0,0,1024,2800,False
118800028,0,0,1024,2800,False
118800067,0,0,1024,2800,False
118900043,0,0,1024,2800,False
119100021,0,0,1024,2800,False
119100060,0,0,1024,2800,False
119300075,0,0,1024,2800,False
119400022,0,48442,1024,2800,True
119400059,0,0,1024,2800,False
119700036,0,0,1024,2800,False
120000018,0,0,1024,2800,False
120000055,3224,78788,1024,2800,True
120200010,0,0,1024,2800,False
120200051,0,0,1024,2800,False
120300044,0,30939,1024,2800,True
120300081,0,0,1024,2800,False
121200048,0,0,1024,2800,False
121400009,0,0,1024,2800,False
121400069,0,0,1024,2800,False
121500024,0,0,1024,2800,False
121500063,0,0,1024,2800,False
121600062,0,0,1024,2800,False
121800019,0,0,1024,2799,False
121800062,0,0,1024,2800,False
121900052,0,112449,1024,2800,True
122300024,0,0,1024,2800,False
122300067,0,0,1024,2800,False
122400035,0,0,1024,2800,False
122500000,0,0,1024,2800,False
122500040,0,0,1024,2800,False
122500083,0,0,1024,2800,False
122600066,0,0,1024,2800,False
122700040,0,19968,1024,2800,True
122900006,0,71849,1024,2800,True
122900059,0,0,1024,2800,False
123000083,0,0,1024,2800,False
123300032,0,0,1024,2800,False
123600000,0,0,1024,2800,False
123600050,0,0,1024,2800,False
123700026,0,0,1024,2800,False
123700064,0,0,1024,2800,False
123800018,30940,0,1024,2800,True
123800056,0,0,1024,2800,False
124000009,0,0,1024,2800,False
124000074,0,0,1024,2800,False
124200024,0,78295,1024,2800,True
124200077,0,0,1024,2800,False
124400030,0,0,1024,2800,False
124400080,0,0,1024,2800,False
124500055,0,0,1024,2800,False
124600045,0,0,1024,2800,False
124700023,0,0,1024,2800,False
124700061,0,0,1024,2800,False
124800014,0,0,1024,2800,False
124800053,0,0,1024,2800,False
125100013,0,0,1024,2800,False
125100055,0,0,1024,2800,False
125200027,0,39948,1024,2800,True
125200082,0,0,1024,2800,False
125400038,0,0,1024,2800,False
125400075,0,0,1024,2800,False
125600028,0,0,1024,2800,False
125600072,0,0,1024,2800,False
125700032,0,0,1024,2800,False
125700071,0,0,1024,2800,False
125800018,0,0,1024,2800,False
125800072,0,0,1024,2800,False
126500021,0,0,1024,2800,False
126600062,0,32112,1024,2800,True
126800030,0,0,1024,2800,False
126800068,0,0,1024,2800,False
127000015,0,49550,1024,2800,True
127000065,0,35852,1024,2800,True
127200028,0,0,1024,2800,False
127300015,0,0,1024,2800,False
127300056,0,0,1024,2800,False
127600008,0,0,1024,2800,False
127600049,0,0,1024,2800,False
127900064,0,0,1024,2800,False
128200022,0,0,1024,2800,False
128200060,0,0,1024,2800,False
128300007,23551,0,1024,2800,True
128300054,0,0,1024,2800,False
128500009,0,0,1024,2800,False
128500048,3802,0,1024,2800,True
128700061,0,0,1024,2800,False
128800018,0,0,1024,2800,False
129100039,0,0,1024,2800,False
129100083,0,0,1024,2800,False
129300043,0,0,1024,2800,False
129300081,0,0,1024,2800,False
129400038,0,0,1024,2800,False
129400082,0,0,1024,2800,False
129500037,0,0,1024,2800,False
129700027,0,0,1024,2800,False
129700067,0,0,1024,2800,False
129800014,0,0,1024,2800,False
129800055,0,0,1024,2800,False
129900031,0,0,1024,2800,False
130200003,0,0,1024,2800,False
130300033,34390,0,1024,2800,True
130400039,0,0,1024,2800,False
130400081,0,0,1024,2800,False
130500048,0,0,1024,2800,False
130700074,0,0,1024,2800,False
130800027,0,0,1024,2800,False
130800065,0,109468,1024,2800,True
131000038,0,0,1024,2800,False
131000079,0,0,1024,2800,False
131600015,0,0,1024,2800,False
131600056,0,0,1024,2800,False
131900029,0,0,1024,2800,False
132200066,0,33675,1024,2800,True
132300014,0,0,1024,2800,False
132500027,0,0,1024,2800,False
132500072,0,0,1024,2800,False
133200024,0,0,1024,2800,False
133200062,0,0,1024,2800,False
133500033,0,17528,1024,2800,True
133600040,0,0,1024,2800,False
133600084,0,0,1024,2800,False
133700037,0,0,1024,2800,False
133700081,0,0,1024,2800,False
134000038,0,0,1024,2800,False
134200004,0,0,1024,2800,False
134200047,0,0,1024,2800,False
134400007,0,0,1024,2800,False
134600032,0,0,1024,2800,False
134600078,0,0,1024,2800,False
134700040,0,52319,1024,2800,True
134700084,0,0,1024,2800,False
135300076,0,0,1024,2800,False
135400078,0,31814,1024,2800,True
135500030,0,0,1024,2800,False
135500067,0,0,1024,2800,False
135700031,0,0,1024,2800,False
135700069,0,0,1024,2800,False
135800057,0,0,1024,2800,False
135900064,0,0,1024,2800,False
136200015,0,0,1024,2800,False
136200052,0,0,1024,2800,False
136500028,0,31645,1024,2800,True
136500079,0,0,1024,2800,False
136700071,0,0,1024,2800,False
137000062,0,0,1024,2800,False
137100009,0,0,1024,2800,False
137100055,0,0,1024,2800,False
137400013,0,18186,1024,2800,True
137400066,0,62350,1024,2800,True
137600013,0,26221,1024,2800,True
137600068,0,63450,1024,2800,True
137900035,0,0,1024,2800,False
138000002,0,0,1024,2800,False
138000043,0,0,1024,2800,False
138000081,0,0,1024,2800,False
138200038,0,0,1024,2800,False
138300004,36650,0,1024,2800,True
138400036,35557,0,1024,2800,True
138400078,0,0,1024,2800,False
138500042,0,0,1024,2800,False
138700003,0,0,1024,2800,False
138700040,0,0,1024,2800,False
138700078,0,0,1024,2800,False
138900028,0,0,1024,2800,False
138900067,0,0,1024,2800,False
139100040,0,0,1024,2800,False
139100078,0,0,1024,2800,False
139200030,0,0,1024,2800,False
140100079,0,0,1024,2800,False
140200028,0,0,1024,2800,False
140200079,0,0,1024,2800,False
140300057,0,88795,1024,2800,True
140500022,0,0,1024,2800,False
140500064,0,0,1024,2800,False
140700058,0,0,1024,2800,False
140800030,0,0,1024,2800,False
140800080,0,112124,1024,2800,True
140900044,0,0,1024,2800,False
141000034,0,0,1024,2800,False
141100013,0,0,1024,2800,False
141100054,0,0,1024,2800,False
141200021,0,0,1024,2800,False
141200062,13712,0,1024,2800,True
141400025,0,0,1024,2800,False
141400078,17549,0,1024,2800,True
141500028,0,0,1024,2800,False
142100058,0,0,1024,2800,False
142200028,0,0,1024,2800,False
142200072,0,0,1024,2800,False
142500035,0,0,1024,2800,False
142800021,0,0,1024,2800,False
142800065,0,0,1024,2800,False
143400021,0,0,1024,2800,False
143400061,0,0,1024,2800,False
143600008,0,0,1024,2800,False
143600045,0,0,1024,2800,False
143600083,20209,0,1024,2800,True
143900037,0,0,1024,2800,False
143900082,0,0,1024,2800,False
144000060,0,0,1024,2800,False
144100015,0,0,1024,2800,False
144100059,0,0,1024,2800,False
144200037,0,0,1024,2800,False
144400011,0,0,1024,2800,False
144500032,0,0,1024,2800,False
144800043,0,0,1024,2800,False
144800080,0,0,1024,2800,False
144900033,0,0,1024,2800,False
145000018,0,0,1024,2800,False
145000057,14162,90037,1024,2800,True
145100008,0,0,1024,2800,False
145100048,0,0,1024,2800,False
145200013,0,0,1024,2800,False
145200051,0,0,1024,2800,False
145300019,0,0,1024,2800,False
146300003,0,0,1024,2800,False
146300061,0,0,1024,2800,False
147200025,0,0,1024,2800,False
147200070,0,0,1024,2800,False
147600003,0,0,1024,2800,False
147900060,14900,0,1024,2800,True
148000046,34500,0,1024,2800,True
148100010,0,0,1024,2800,False
148300029,0,0,1024,2800,False
148400001,9681,0,1024,2800,True
148400067,0,65352,1024,2800,True
148500014,0,0,1024,2800,False
148500063,34882,0,1024,2800,True
148600046,0,0,1024,2800,False
148800019,0,0,1024,2800,False
148800056,0,0,1024,2800,False
148900009,0,0,1024,2800,False
148900056,0,0,1024,2800,False
149000035,0,0,1024,2800,False
149000083,0,0,1024,2800,False
149200037,0,0,1024,2800,False
149200074,0,0,1024,2800,False
149400032,0,0,1024,2800,False
149400070,0,41694,1024,2800,True
149500028,0,0,1024,2800,False
149500071,0,0,1024,2800,False
149600027,0,40347,1024,2800,True
149600065,0,0,1024,2800,False
149700017,0,0,1024,2800,False
149800031,0,0,1024,2800,False
149900025,0,0,1024,2800,False
149900082,0,0,1024,2800,False
150000035,0,0,1024,2800,False
150000073,21785,0,1024,2782,True
150100034,0,0,1024,2800,False
150200056,0,0,1024,2800,False
150400004,0,0,1024,2800,False
150400042,0,0,1024,2800,False
150600002,0,71626,1024,2800,True
150600053,0,0,1024,2800,False
150700004,0,0,1024,2800,False
150700060,0,0,1024,2800,False
150800017,25407,0,1024,2800,True
150800059,0,0,1024,2800,False
150900014,0,0,1024,2800,False
150900058,0,0,1024,2800,False
151000008,0,0,1024,2800,False
151000051,0,0,1024,2800,False
151100008,0,0,1024,2800,False
151700081,0,91728,1024,2800,True
151800043,0,0,1024,2800,False
151800084,0,0,1024,2800,False
151900041,0,0,1024,2800,False
151900084,0,0,1024,2800,False
152000039,0,0,1024,2800,False
152100005,0,35594,1024,2800,True
152100063,0,0,1024,2800,False
152300027,0,0,1024,2800,False
152300070,0,0,1024,2800,False
152400031,0,0,1024,2800,False
152600039,0,0,1024,2800,False
152600082,0,0,1024,2800,False
152700036,0,0,1024,2800,False
152700080,0,0,1024,2800,False
152800047,0,0,1024,2800,False
152900007,0,0,1024,2800,False
152900061,0,0,1024,2800,False
153000018,0,0,1024,2800,False
153000064,0,0,1024,2800,False
153100011,0,0,1024,2800,False
153100058,0,0,1024,2800,False
153200030,0,0,1024,2800,False
153200070,0,0,1024,2800,False
153300035,0,0,1024,2800,False
153300076,7361,0,1024,2800,True
153500023,0,0,1024,2800,False
153500063,0,0,1024,2800,False
153600028,0,0,1024,2800,False
153600072,0,37004,1024,2800,True
153700036,0,0,1024,2800,False
153800004,0,0,1024,2800,False
153800041,0,51563,1024,2800,True
154000006,0,0,1024,2800,False
154000050,0,0,1024,2800,False
154500054,0,0,1024,2800,False
154700020,0,34171,1024,2800,True
154700074,0,0,1024,2800,False
155000033,0,0,1024,2800,False
155000071,0,0,1024,2800,False
155100026,0,0,1024,2800,False
155100065,0,60090,1024,2800,True
155200050,0,0,1024,2800,False
155300076,17709,0,1024,2800,True
155400049,34254,0,1024,2800,True
156300031,0,0,1024,2762,False
156300069,0,0,1024,2800,False
156400067,0,0,1024,2800,False
156500023,0,0,1024,2800,False
156600061,0,0,1024,2800,False
156700012,0,0,1024,2800,False
156700061,0,0,1024,2800,False
157200037,0,0,1024,2800,False
157200083,45579,0,1024,2800,True
157500018,0,0,1024,2800,False
157500057,0,53872,1024,2800,True
157600019,0,36259,1024,2800,True
157600065,0,0,1024,2800,False
157700015,0,0,1024,2800,False
158000032,0,0,1024,2800,False
158000070,0,0,1024,2800,False
158100017,0,0,1024,2800,False
158100069,0,0,1024,2800,False
158300031,0,0,1024,2800,False
158300069,0,0,1024,2800,False
158500033,0,0,1024,2800,False
158500076,0,0,1024,2800,False
158600023,0,0,1024,2800,False
158600061,0,0,1024,2800,False
158700064,0,0,1024,2800,False
158800071,0,0,1024,2800,False
158900032,0,0,1024,2800,False
158900084,0,153268,1024,2800,True
159300046,8553,0,1024,2800,True
160000001,0,0,1024,2800,False
160000050,0,0,1024,2800,False
160200023,0,0,1024,2800,False
160200064,0,0,1024,2800,False
160300024,0,0,1024,2800,False
160300062,0,0,1024,2800,False
160400023,0,0,1024,2800,False
160600037,39037,0,1024,2800,True
160600078,0,0,1024,2800,False
160800036,0,0,1024,2800,False
160800076,0,0,1024,2800,False
160900062,0,0,1024,2800,False
161200027,0,0,1024,2800,False
161200064,0,0,1024,2800,False
161300018,0,0,1024,2800,False
161300055,0,0,1024,2797,False
161500009,0,0,1024,2800,False
161500048,0,0,1024,2800,False
161600006,0,0,1024,2800,False
161600061,0,0,1024,2800,False
161700008,0,0,1024,2800,False
161700045,0,0,1024,2800,False
161800001,0,0,1024,2800,False
161800042,0,0,1024,2800,False
161800082,9682,0,1024,2800,True
161900045,0,0,1024,2800,False
162100002,0,0,1024,2800,False
162100043,0,0,1024,2800,False
162100084,0,0,1024,2800,False
162500000,0,0,1024,2800,False
162500045,0,0,1024,2800,False
162600024,0,0,1024,2800,False
162600069,0,0,1024,2800,False
162700031,0,0,1024,2800,False
162700079,0,0,1024,2800,False
162800033,4430,0,1024,2800,True
162800074,0,0,1024,2800,False
162900031,0,0,1024,2800,False
162900069,0,0,1024,2800,False
163000073,0,0,1024,2800,False
163100052,0,0,1024,2800,False
163200035,0,0,1024,2800,False
163300031,0,0,1024,2800,False
163300074,0,0,1024,2800,False
163700051,0,0,1024,2800,False
163800022,0,0,1024,2800,False
163800064,0,0,1024,2800,False
163900055,0,0,1024,2800,False
164000011,0,0,1024,2800,False
164000055,0,0,1024,2800,False
164300009,0,44075,1024,2800,True
164500001,0,40612,1024,2800,True
164500039,0,0,1024,2800,False
164600012,0,0,1024,2800,False
164600056,0,0,1024,2800,False
165200022,0,0,1024,2800,False
165200066,0,0,1024,2800,False
165300023,0,0,1024,2800,False
165300063,0,0,1024,2800,False
165400026,0,0,1024,2800,False
165400066,0,0,1024,2800,False
165500016,0,0,1024,2800,False
165500061,0,0,1024,2800,False
165600019,0,0,1024,2800,False
165600070,0,0,1024,2800,False
165700030,0,0,1024,2800,False
165700078,0,0,1024,2800,False
165800054,0,0,1024,2800,False
165900008,0,0,1024,2800,False
165900050,0,0,1024,2800,False
166100028,0,0,1024,2800,False
166100072,0,0,1024,2800,False
166300030,0,0,1024,2800,False
166300070,0,0,1024,2800,False
166400026,0,0,1024,2800,False
166400070,0,0,1024,2800,False
166600019,0,0,1024,2800,False
166600057,0,0,1024,2800,False
166700032,0,0,1024,2800,False
166700082,10373,0,1024,2800,True
166900001,0,0,1024,2800,False
166900045,0,0,1024,2800,False
167000061,0,45353,1024,2800,True
167100014,0,0,1024,2800,False
167100053,0,0,1024,2800,False
167200011,0,0,1024,2800,False
167200048,0,0,1024,2800,False
167300011,17751,0,1024,2800,True
167300058,0,0,1024,2800,False
167600011,0,0,1024,2800,False
167600064,0,0,1024,2800,False
167700035,0,0,1024,2800,False
167700080,0,0,1024,2800,False
167900011,0,0,1024,2800,False
167900064,0,0,1024,2800,False
168000072,0,0,1024,2800,False
168100038,0,0,1024,2800,False
168200001,0,0,1024,2800,False
168200050,0,0,1024,2800,False
168300005,0,0,1024,2800,False
168300047,0,0,1024,2800,False
168400002,0,29043,1024,2800,True
168400043,0,0,1024,2795,False
168900078,0,0,1024,2800,False
169300036,0,0,1024,2800,False
169300074,0,0,1024,2800,False
169500076,0,0,1024,2800,False
169600069,0,0,1024,2800,False
169800016,0,0,1024,2800,False
169800055,0,0,1024,2800,False
170400011,21089,0,1024,2800,True
170400049,0,0,1024,2774,False
170700001,0,0,1024,2800,False
170700041,0,0,1024,2800,False
170800003,0,0,1024,2800,False
170800046,0,0,1024,2800,False
170800083,0,0,1024,2800,False
170900038,0,0,1024,2800,False
170900083,0,0,1024,2800,False
171000031,0,0,1024,2800,False
171000084,0,0,1024,2800,False
171100037,0,0,1024,2800,False
171100075,0,0,1024,2800,False
171200035,0,0,1024,2800,False
171200079,0,0,1024,2800,False
171300031,0,0,1024,2800,False
171300082,0,0,1024,2800,False
171400045,0,0,1024,2800,False
171500038,0,0,1024,2800,False
171500078,0,0,1024,2800,False
171600040,0,0,1024,2800,False
171600077,0,0,1024,2800,False
171700038,0,0,1024,2800,False
171800061,0,0,1024,2800,False
171900023,0,0,1024,2800,False
171900078,0,0,1024,2800,False
172100025,0,0,1024,2800,False
172100068,0,0,1024,2800,False
172200039,0,0,1024,2800,False
172200080,0,0,1024,2800,False
172300037,0,0,1024,2800,False
172300075,0,0,1024,2800,False
172400034,0,0,1024,2800,False
172400075,0,80730,1024,2800,True
175200030,0,0,1024,2800,False
175200069,0,0,1024,2800,False
175300035,0,147124,1024,2800,True
175300073,0,0,1024,2800,False
175400020,0,0,1024,2800,False
175400072,0,0,1024,2800,False
175500047,0,0,1024,2800,False
175600018,0,0,1024,2800,False
175900005,26727,0,1024,2800,True
175900046,0,0,1024,2800,False
176000004,0,0,1024,2800,False
176000043,0,0,1024,2800,False
176000083,0,0,1024,2800,False
99100033,0,0,1024,2800,False
99100070,0,0,1024,2791,False
99300053,0,0,1024,2800,False
99900003,0,0,1024,2800,False
99900053,0,0,1024,2800,False
100000003,0,0,1024,2800,False
100000042,0,0,1024,2800,False
100000081,0,0,1024,2800,False
100100036,0,42307,1024,2800,True
100100079,0,0,1024,2800,False
100400018,0,0,1024,2800,False
100400059,0,0,1024,2800,False
100500010,0,0,1024,2800,False
100500048,0,0,1024,2800,False
100700026,0,0,1024,2800,False
100700072,0,0,1024,2800,False
101100026,0,0,1024,2800,False
101100065,0,0,1024,2800,False
101500012,0,0,1024,2800,False
101500053,0,0,1024,2800,False
101600008,0,0,1024,2800,False
101600066,0,0,1024,2800,False
101700028,0,0,1024,2800,False
101700075,0,27,1024,2800,True
101900011,16226,0,1024,2800,True
101900066,0,0,1024,2800,False
102100025,27632,0,1024,2800,True
103000034,0,0,1024,2800,False
103200014,0,0,1024,2800,False
103200053,0,0,1024,2800,False
103300017,0,30,1024,2800,True
103400040,0,0,1024,2800,False
103400082,0,0,1024,2800,False
103500060,0,0,1024,2800,False
103700035,0,0,1024,2800,False
103900018,0,0,1024,2800,False
103900063,0,28701,1024,2800,True
104600021,0,0,1024,2800,False
104600079,0,0,1024,2800,False
104700045,0,0,1024,2793,False
104800008,21937,0,1024,2800,True
104900018,0,0,1024,2800,False
104900057,0,0,1024,2800,False
105100013,0,0,1024,2800,False
105100052,0,0,1024,2800,False
105200031,0,0,1024,2800,False
105200082,0,0,1024,2800,False
105300045,0,0,1024,2800,False
105400062,17312,0,1024,2800,True
105600011,0,0,1024,2800,False
105600049,0,48883,1024,2800,True
105900004,0,0,1024,2800,False
105900042,0,0,1024,2800,False
106000032,0,0,1024,2800,False
106100017,24901,0,1024,2800,True
106100060,0,0,1024,2800,False
106200026,0,0,1024,2800,False
106200075,0,0,1024,2800,False
106300027,0,0,1024,2800,False
106500012,0,0,1024,2800,False
106500052,33634,0,1024,2800,True
106600015,0,0,1024,2800,False
106600054,0,0,1024,2800,False
106700072,0,0,1024,2800,False
106900025,0,0,1024,2800,False
106900062,0,0,1024,2800,False
107900016,0,0,1024,2800,False
107900059,0,0,1024,2800,False
108400045,12689,0,1024,2800,True
108600004,0,0,1024,2800,False
108600058,0,0,1024,2800,False
108900034,0,0,1024,2800,False
108900071,0,0,1024,2800,False
109200038,0,0,1024,2800,False
109300002,0,0,1024,2800,False
109300040,0,0,1024,2800,False
109600023,0,0,1024,2800,False
109600066,0,0,1024,2800,False
109700042,0,0,1024,2800,False
109800001,0,0,1024,2800,False
109800040,23270,0,1024,2800,True
109800077,0,0,1024,2800,False
110100037,0,0,1024,2800,False
110200000,0,0,1024,2800,False
110400031,0,0,1024,2800,False
110400080,0,0,1024,2800,False
110700003,0,0,1024,2800,False
110700043,0,0,1024,2800,False
110900019,0,0,1024,2800,False
110900057,35988,0,1024,2800,True
111000031,0,0,1024,2800,False
111200010,20705,0,1024,2800,True
111200061,0,0,1024,2800,False
111400023,0,0,1024,2800,False
111400074,0,0,1024,2800,False
111500048,0,0,1024,2800,False
111700055,7431,0,1024,2800,True
111900004,0,0,1024,2800,False
111900044,0,0,1024,2800,False
111900082,0,0,1024,2800,False
112000041,14438,0,1024,2800,True
112500024,0,40655,1024,2800,True
112500071,0,0,1024,2800,False
112600030,0,0,1024,2800,False
112600084,0,0,1024,2800,False
112800038,0,37590,1024,2800,True
112800075,0,0,1024,2800,False
113100032,0,66733,1024,2800,True
113300024,21517,0,1024,2800,True
113300062,0,0,1024,2800,False
113400034,0,0,1024,2800,False
113400082,0,0,1024,2800,False
113500043,0,0,1024,2800,False
113700043,0,18831,1024,2800,True
113700081,0,51482,1024,2800,True
114600008,0,0,1024,2800,False
114600046,0,0,1024,2800,False
114600084,0,47513,1024,2800,True
114700074,6458,0,1024,2800,True
114900046,0,0,1024,2800,False
115100048,0,0,1024,2800,False
115300014,0,0,1024,2800,False
115300083,0,0,1024,2800,False
115500073,0,0,1024,2800,False
115600057,0,0,1024,2800,False
116000013,0,0,1024,2800,False
116100030,0,0,1024,2800,False
116100068,4626,54717,1024,2800,True
116400062,0,0,1024,2800,False
116900001,0,0,1024,2800,False
116900039,0,39886,1024,2800,True
116900077,0,0,1024,2800,False
117700057,0,0,1024,2800,False
117900022,0,0,1024,2800,False
117900068,0,0,1024,2800,False
118300017,0,0,1024,2800,False
118300055,0,106914,1024,2800,True
118500009,0,0,1024,2800,False
118600015,0,0,1024,2800,False
118600071,0,0,1024,2800,False
118800029,0,0,1024,2800,False
118800068,0,0,1024,2800,False
118900044,0,0,1024,2800,False
119100022,0,0,1024,2800,False
119100061,0,0,1024,2800,False
119300076,0,0,1024,2800,False
119400023,0,0,1024,2800,False
119400060,0,0,1024,2800,False
119700037,0,0,1024,2800,False
120000019,0,0,1024,2800,False
120000056,6694,0,1024,2800,True
120200011,0,0,1024,2800,False
120200052,0,0,1024,2800,False
120300045,0,0,1024,2800,False
120300082,3496,0,1024,2800,True
121200049,0,65390,1024,2800,True
121400010,0,0,1024,2800,False
121400070,0,0,1024,2800,False
121500025,0,0,1024,2800,False
121500064,0,0,1024,2800,False
121600063,0,0,1024,2800,False
121800026,7942,65400,1024,2800,True
121800063,0,0,1024,2800,False
121900053,0,0,1024,2800,False
122300025,0,0,1024,2800,False
122300068,0,0,1024,2800,False
122400036,0,0,1024,2800,False
122500001,0,0,1024,2800,False
122500041,0,0,1024,2800,False
122500084,0,0,1024,2800,False
122600067,0,0,1024,2800,False
122700041,0,0,1024,2800,False
122900007,0,0,1024,2800,False
122900060,0,0,1024,2800,False
123000084,0,0,1024,2800,False
123300044,0,0,1024,2800,False
123600001,0,0,1024,2800,False
123600051,0,0,1024,2800,False
123700027,0,0,1024,2800,False
123700065,0,0,1024,2800,False
123800019,27345,33217,1024,2800,True
123800057,0,0,1024,2800,False
124000010,0,0,1024,2800,False
124000075,0,0,1024,2800,False
124200025,0,0,1024,2800,False
124200078,0,0,1024,2800,False
124400031,5789,0,1024,2800,True
124400081,0,0,1024,2800,False
124500056,0,0,1024,2800,False
124600046,0,0,1024,2800,False
124700024,0,0,1024,2800,False
124700062,0,0,1024,2800,False
124800015,0,0,1024,2800,False
124800054,0,0,1024,2800,False
125100014,0,0,1024,2800,False
125100056,0,0,1024,2800,False
125200028,0,0,1024,2800,False
125200083,0,0,1024,2800,False
125400039,0,0,1024,2800,False
125400076,0,0,1024,2800,False
125600029,0,0,1024,2800,False
125600073,0,0,1024,2800,False
125700033,0,85748,1024,2800,True
125700072,0,0,1024,2800,False
125800019,0,0,1024,2800,False
125800073,0,0,1024,2800,False
126500022,0,0,1024,2800,False
126600063,0,0,1024,2800,False
126800031,0,0,1024,2800,False
126800069,0,0,1024,2800,False
127000016,0,0,1024,2800,False
127000066,0,36051,1024,2800,True
127200029,0,0,1024,2800,False
127300016,0,0,1024,2800,False
127300057,0,0,1024,2800,False
127600009,0,0,1024,2800,False
127600050,0,0,1024,2800,False
127900065,0,0,1024,2800,False
128200023,0,0,1024,2800,False
128200061,0,0,1024,2800,False
128300008,16369,0,1024,2800,True
128300055,0,0,1024,2800,False
128500010,0,0,1024,2800,False
128500049,0,0,1024,2800,False
128700062,0,0,1024,2800,False
128800019,0,0,1024,2800,False
129100040,0,0,1024,2800,False
129100084,0,0,1024,2800,False
129300044,28787,0,1024,2800,True
129300082,0,0,1024,2800,False
129400039,0,0,1024,2800,False
129400083,0,0,1024,2800,False
129500038,16549,0,1024,2800,True
129700029,0,0,1024,2800,False
129700068,0,0,1024,2800,False
129800015,0,0,1024,2800,False
129800056,0,0,1024,2800,False
129900032,0,0,1024,2800,False
130200004,0,0,1024,2800,False
130300034,20986,0,1024,2800,True
130400040,0,0,1024,2800,False
130400082,0,0,1024,2800,False
130500056,0,0,1024,2800,False
130700075,0,0,1024,2800,False
130800028,0,0,1024,2800,False
130800066,0,0,1024,2800,False
131000039,0,0,1024,2800,False
131000080,0,0,1024,2800,False
131600016,0,0,1024,2800,False
131600057,0,0,1024,2800,False
131900030,0,29746,1024,2800,True
132200067,0,0,1024,2800,False
132300015,0,0,1024,2800,False
132500028,0,0,1024,2800,False
132500073,0,0,1024,2800,False
133200025,0,3,1024,2800,True
133200063,0,0,1024,2800,False
133500034,0,0,1024,2800,False
133600041,0,0,1024,2800,False
133700000,0,0,1024,2800,False
133700038,0,0,1024,2800,False
133700082,0,0,1024,2800,False
134000039,0,16297,1024,2800,True
134200005,0,0,1024,2800,False
134200048,0,0,1024,2800,False
134400008,0,0,1024,2800,False
134600033,0,0,1024,2800,False
134600079,0,0,1024,2800,False
134700041,0,0,1024,2800,False
134900058,36295,0,1024,2800,True
135300077,0,0,1024,2800,False
135400079,0,13359,1024,2800,True
135500031,0,0,1024,2800,False
135500068,0,0,1024,2800,False
135700032,0,0,1024,2800,False
135700070,0,83020,1024,2800,True
135800058,0,50358,1024,2800,True
135900065,0,0,1024,2800,False
136200016,0,0,1024,2800,False
136200053,0,0,1024,2800,False
136500029,0,0,1024,2800,False
136500080,9294,0,1024,2800,True
136700072,0,0,1024,2800,False
137000063,0,31525,1024,2800,True
137100010,0,0,1024,2800,False
137100056,0,15893,1024,2800,True
137400014,0,0,1024,2800,False
137400067,0,0,1024,2800,False
137600014,0,97325,1024,2800,True
137600069,0,0,1024,2800,False
137900036,0,0,1024,2800,False
138000003,0,0,1024,2800,False
138000044,0,0,1024,2800,False
138000082,0,45449,1024,2800,True
138200039,0,0,1024,2800,False
138400000,0,0,1024,2800,False
138400037,35522,0,1024,2800,True
138400079,0,0,1024,2800,False
138500043,0,0,1024,2800,False
138700004,0,0,1024,2800,False
138700041,0,0,1024,2800,False
138700079,0,0,1024,2800,False
138900029,0,0,1024,2800,False
138900068,0,0,1024,2800,False
139100041,0,0,1024,2800,False
139100079,0,0,1024,2800,False
139200031,0,0,1024,2800,False
140100080,23950,0,1024,2800,True
140200029,0,0,1024,2800,False
140200080,0,0,1024,2800,False
140300058,8178,0,1024,2800,True
140500023,0,59356,1024,2800,True
140500065,0,66276,1024,2800,True
140700059,0,0,1024,2800,False
140800031,0,0,1024,2800,False
140800081,0,0,1024,2800,False
140900045,0,0,1024,2800,False
141000035,0,0,1024,2800,False
141100014,0,0,1024,2800,False
141100055,0,0,1024,2800,False
141200022,0,0,1024,2800,False
141200069,35138,0,1024,2800,True
141400026,12466,0,1024,2800,True
141400079,34400,0,1024,2800,True
141500029,0,0,1024,2800,False
142100059,0,0,1024,2800,False
142200029,0,0,1024,2800,False
142200073,0,0,1024,2800,False
142500036,0,0,1024,2800,False
142800022,0,0,1024,2800,False
142800066,0,0,1024,2800,False
143400022,0,0,1024,2800,False
143400062,0,0,1024,2800,False
143600009,0,0,1024,2800,False
143600046,0,0,1024,2800,False
143600084,0,0,1024,2800,False
143900038,0,0,1024,2800,False
143900083,0,0,1024,2800,False
144000061,0,0,1024,2798,False
144100016,0,0,1024,2800,False
144100060,0,0,1024,2800,False
144200038,0,0,1024,2800,False
144400012,15594,29671,1024,2800,True
144500033,0,0,1024,2800,False
144800044,0,0,1024,2800,False
144800081,0,59156,1024,2800,True
144900034,0,0,1024,2800,False
145000019,0,0,1024,2800,False
145000058,34778,0,1024,2800,True
145100009,0,0,1024,2800,False
145100049,0,0,1024,2800,False
145200014,0,0,1024,2800,False
145200052,0,0,1024,2800,False
145300020,0,0,1024,2800,False
146300004,0,0,1024,2800,False
146300062,0,0,1024,2800,False
147200026,0,0,1024,2800,False
147200071,0,0,1024,2800,False
147600004,0,0,1024,2800,False
147900061,23866,0,1024,2800,True
148000047,20506,0,1024,2800,True
148100011,0,0,1024,2800,False
148300030,0,0,1024,2800,False
148400002,7319,0,1024,2800,True
148400068,0,0,1024,2800,False
148500015,51747,0,1024,2800,True
148500064,35355,0,1024,2800,True
148600047,0,0,1024,2800,False
148800025,0,0,1024,2800,False
148800063,0,0,1024,2800,False
148900010,0,50117,1024,2800,True
148900057,0,0,1024,2799,False
149000036,0,0,1024,2800,False
149000084,0,0,1024,2800,False
149200038,0,72878,1024,2800,True
149200075,0,83336,1024,2800,True
149400033,0,0,1024,2800,False
149400071,0,0,1024,2800,False
149500029,0,0,1024,2800,False
149500072,0,0,1024,2800,False
149600028,0,0,1024,2800,False
149600066,0,0,1024,2800,False
149700018,0,0,1024,2800,False
149800032,0,0,1024,2800,False
149900026,0,0,1024,2800,False
149900083,0,0,1024,2800,False
150000036,15420,0,1024,2800,True
150000074,19436,0,1024,2758,True
150100035,0,0,1024,2800,False
150200057,0,0,1024,2800,False
150400005,0,0,1024,2800,False
150400043,0,83447,1024,2800,True
150600003,0,0,1024,2800,False
150600054,0,0,1024,2800,False
150700005,0,0,1024,2800,False
150700061,0,0,1024,2800,False
150800018,0,0,1024,2800,False
150800060,0,0,1024,2800,False
150900015,0,0,1024,2800,False
150900059,0,0,1024,2800,False
151000009,0,0,1024,2800,False
151000052,0,0,1024,2800,False
151100009,0,0,1024,2800,False
151700082,0,0,1024,2800,False
151800044,0,0,1024,2800,False
151900000,8584,0,1024,2800,True
151900042,0,38267,1024,2800,True
152000000,20217,0,1024,2800,True
152000040,0,0,1024,2800,False
152100006,0,0,1024,2800,False
152100064,0,0,1024,2800,False
152300028,0,0,1024,2800,False
152300080,0,0,1024,2800,False
152400032,0,0,1024,2800,False
152600040,0,0,1024,2800,False
152600083,0,0,1024,2800,False
152700037,0,0,1024,2800,False
152700081,0,52249,1024,2800,True
152800048,0,0,1024,2800,False
152900014,5928,0,1024,2800,True
152900062,0,0,1024,2800,False
153000019,0,0,1024,2800,False
153000065,0,0,1024,2800,False
153100012,0,0,1024,2800,False
153100059,0,0,1024,2800,False
153200031,0,0,1024,2800,False
153200071,0,0,1024,2800,False
153300036,0,0,1024,2800,False
153300077,0,0,1024,2800,False
153500024,0,0,1024,2800,False
153500064,0,0,1024,2800,False
153600029,0,0,1024,2800,False
153600073,0,0,1024,2800,False
153700037,0,0,1024,2800,False
153800005,0,0,1024,2800,False
153800042,0,0,1024,2800,False
154000007,0,0,1024,2800,False
154000051,0,0,1024,2800,False
154500055,0,0,1024,2800,False
154700021,0,0,1024,2800,False
154700075,0,0,1024,2800,False
155000034,0,0,1024,2800,False
155000072,0,0,1024,2776,False
155100027,0,0,1024,2800,False
155100066,0,0,1024,2800,False
155200051,0,0,1024,2800,False
155300077,0,0,1024,2800,False
155400050,31755,0,1024,2800,True
156300032,0,89474,1024,2729,True
156300076,0,0,1024,2800,False
156400068,0,0,1024,2800,False
156500024,10159,0,1024,2800,True
156600062,0,0,1024,2800,False
156700013,0,0,1024,2800,False
156700062,0,0,1024,2800,False
157200038,0,0,1024,2800,False
157200084,12787,0,1024,2800,True
157500019,0,0,1024,2800,False
157500058,0,0,1024,2800,False
157600020,0,52369,1024,2800,True
157600066,0,0,1024,2800,False
157700016,0,0,1024,2800,False
158000033,0,0,1024,2800,False
158000071,0,48901,1024,2800,True
158100018,0,0,1024,2800,False
158100070,34900,0,1024,2800,True
158300032,0,0,1024,2800,False
158300070,0,0,1024,2800,False
158500034,0,0,1024,2800,False
158500077,0,0,1024,2800,False
158600024,0,0,1024,2800,False
158600062,0,0,1024,2800,False
158700065,0,0,1024,2800,False
158800072,0,0,1024,2800,False
158900033,0,0,1024,2800,False
159000025,0,0,1024,2800,False
159300047,0,32052,1024,2800,True
160000002,0,0,1024,2800,False
160000051,0,0,1024,2800,False
160200024,0,0,1024,2800,False
160200065,0,0,1024,2800,False
160300025,0,67753,1024,2800,True
160300063,0,0,1024,2800,False
160400024,0,0,1024,2800,False
160600040,35366,0,1024,2800,True
160600079,0,0,1024,2800,False
160800037,0,0,1024,2800,False
160800077,0,12195,1024,2800,True
160900063,0,0,1024,2800,False
161200028,0,0,1024,2800,False
161200065,0,87181,1024,2800,True
161300019,0,0,1024,2800,False
161300063,0,0,1024,2800,False
161500010,0,0,1024,2800,False
161500049,0,0,1024,2800,False
161600007,0,0,1024,2800,False
161600062,0,0,1024,2800,False
161700009,0,0,1024,2800,False
161700046,0,0,1024,2800,False
161800002,0,53527,1024,2800,True
161800043,0,0,1024,2800,False
161800083,0,0,1024,2800,False
161900046,0,0,1024,2800,False
162100003,0,0,1024,2800,False
162100044,0,61175,1024,2800,True
162300069,0,0,1024,2800,False
162500001,0,0,1024,2800,False
162500046,0,0,1024,2800,False
162600025,0,0,1024,2800,False
162600070,0,0,1024,2800,False
162700032,0,0,1024,2800,False
162700080,0,0,1024,2800,False
162800034,0,0,1024,2800,False
162800075,0,0,1024,2800,False
162900032,0,0,1024,2800,False
162900070,0,0,1024,2800,False
163000074,0,0,1024,2800,False
163100053,0,0,1024,2800,False
163200036,0,0,1024,2800,False
163300032,0,0,1024,2800,False
163300075,0,53086,1024,2800,True
163700052,0,0,1024,2800,False
163800023,0,0,1024,2800,False
163800065,0,0,1024,2800,False
163900056,0,0,1024,2800,False
164000012,0,0,1024,2800,False
164000056,0,0,1024,2800,False
164300010,0,0,1024,2800,False
164500002,0,0,1024,2800,False
164500040,0,0,1024,2800,False
164600013,0,0,1024,2800,False
164600057,0,0,1024,2800,False
165200023,0,0,1024,2800,False
165200067,0,0,1024,2800,False
165300024,0,0,1024,2800,False
165300064,7410,0,1024,2800,True
165400027,0,0,1024,2800,False
165400067,0,0,1024,2800,False
165500017,0,0,1024,2800,False
165500062,0,0,1024,2800,False
165600020,0,0,1024,2800,False
165600071,0,0,1024,2800,False
165700031,0,0,1024,2800,False
165700079,0,0,1024,2800,False
165800055,0,0,1024,2800,False
165900009,0,72569,1024,2800,True
165900051,0,0,1024,2800,False
166100029,0,0,1024,2800,False
166100073,0,0,1024,2800,False
166300031,0,0,1024,2800,False
166300071,0,56914,1024,2800,True
166400027,0,0,1024,2800,False
166400071,0,0,1024,2800,False
166600020,0,0,1024,2800,False
166600058,0,0,1024,2800,False
166700033,0,0,1024,2800,False
166700083,0,0,1024,2800,False
166900002,0,0,1024,2800,False
166900071,37009,0,1024,2800,True
167000062,0,0,1024,2800,False
167100015,0,0,1024,2800,False
167100054,0,0,1024,2800,False
167200012,0,0,1024,2800,False
167200049,0,0,1024,2800,False
167300012,36033,0,1024,2800,True
167300059,0,0,1024,2800,False
167600012,0,0,1024,2800,False
167600065,0,0,1024,2800,False
167700036,0,0,1024,2800,False
167700081,0,0,1024,2800,False
167900012,0,0,1024,2800,False
167900065,0,0,1024,2800,False
168000073,0,0,1024,2800,False
168100039,0,0,1024,2800,False
168200002,0,0,1024,2800,False
168200051,0,0,1024,2800,False
168300006,0,0,1024,2800,False
168300056,0,0,1024,2800,False
168400003,0,0,1024,2800,False
168400051,0,0,1024,2800,False
168900079,0,0,1024,2800,False
169300037,0,0,1024,2800,False
169300075,0,0,1024,2800,False
169500077,0,0,1024,2800,False
169600070,0,0,1024,2800,False
169800017,0,0,1024,2800,False
169800056,0,0,1024,2800,False
170400012,15073,0,1024,2800,True
170400050,0,0,1024,2767,False
170700002,0,0,1024,2800,False
170700043,0,0,1024,2800,False
170800004,0,0,1024,2800,False
170800047,0,0,1024,2800,False
170800084,0,0,1024,2800,False
170900039,0,133673,1024,2800,True
170900084,0,0,1024,2800,False
171000032,0,0,1024,2800,False
171100000,0,0,1024,2800,False
171100038,0,0,1024,2800,False
171100076,0,0,1024,2800,False
171200036,0,0,1024,2800,False
171200080,0,47286,1024,2800,True
171300032,0,0,1024,2800,False
171300083,0,0,1024,2800,False
171400046,0,0,1024,2800,False
171500039,0,0,1024,2800,False
171500079,0,34646,1024,2800,True
171600041,0,0,1024,2800,False
171600078,0,0,1024,2800,False
171700039,0,0,1024,2800,False
171800062,0,0,1024,2800,False
171900024,0,0,1024,2800,False
171900079,0,0,1024,2800,False
172100026,0,0,1024,2800,False
172100069,0,0,1024,2800,False
172200040,0,0,1024,2800,False
172300000,0,0,1024,2800,False
172300038,0,0,1024,2800,False
172300076,0,0,1024,2800,False
172400035,0,0,1024,2800,False
172400076,0,0,1024,2800,False
175200031,0,0,1024,2800,False
175200070,0,0,1024,2800,False
175300036,0,0,1024,2800,False
175300074,0,0,1024,2800,False
175400041,0,0,1024,2800,False
175500000,0,0,1024,2800,False
175500048,0,0,1024,2800,False
175600019,0,0,1024,2800,False
175900006,0,0,1024,2800,False
175900047,0,0,1024,2800,False
176000005,0,0,1024,2800,False
176000044,0,0,1024,2800,False
176000084,0,0,1024,2800,False
99100039,0,0,1024,2800,False
99100080,0,39276,1024,2800,True
99300054,0,0,1024,2800,False
99900004,0,0,1024,2800,False
99900054,0,0,1024,2800,False
100000004,0,0,1024,2800,False
100000043,0,0,1024,2800,False
100000082,0,29056,1024,2800,True
100100037,0,0,1024,2800,False
100100080,0,0,1024,2800,False
100400019,0,0,1024,2800,False
100400060,0,0,1024,2800,False
100500011,54002,0,1024,2800,True
100500049,0,0,1024,2800,False
100700027,0,0,1024,2800,False
100700073,0,0,1024,2800,False
101100027,0,0,1024,2800,False
101100066,0,0,1024,2800,False
101500013,0,0,1024,2800,False
101500054,0,0,1024,2800,False
101600009,0,0,1024,2800,False
101600067,0,0,1024,2800,False
101700029,0,0,1024,2800,False
101700076,0,0,1024,2800,False
101900012,0,0,1024,2800,False
101900067,0,56778,1024,2800,True
102100026,27524,0,1024,2800,True
103000035,0,0,1024,2800,False
103200015,0,0,1024,2800,False
103200054,6354,0,1024,2800,True
103300018,0,0,1024,2800,False
103400041,0,0,1024,2800,False
103400083,0,0,1024,2800,False
103500061,0,0,1024,2800,False
103700036,0,0,1024,2800,False
103900019,0,0,1024,2800,False
103900064,0,0,1024,2800,False
104600022,45988,0,1024,2800,True
104600080,0,0,1024,2800,False
104700046,0,0,1024,2793,False
104800009,22667,0,1024,2800,True
104900019,0,0,1024,2800,False
104900058,0,0,1024,2800,False
105100014,0,0,1024,2800,False
105100053,0,0,1024,2800,False
105200032,0,0,1024,2800,False
105200083,0,0,1024,2800,False
105300046,0,0,1024,2800,False
105400063,35846,0,1024,2800,True
105600012,0,39331,1024,2800,True
105600050,0,0,1024,2800,False
105900005,0,0,1024,2800,False
105900043,0,0,1024,2800,False
106000033,0,0,1024,2800,False
106100018,24220,0,1024,2800,True
106100061,0,0,1024,2800,False
106200027,0,0,1024,2800,False
106200076,0,0,1024,2800,False
106300028,0,0,1024,2800,False
106500013,0,0,1024,2800,False
106500053,32680,0,1024,2800,True
106600016,0,0,1024,2800,False
106600055,0,0,1024,2800,False
106700073,0,0,1024,2800,False
106900026,0,0,1024,2800,False
106900063,0,0,1024,2800,False
107900018,0,0,1024,2800,False
107900060,0,0,1024,2800,False
108400046,34980,0,1024,2800,True
108600005,0,0,1024,2800,False
108600059,0,0,1024,2800,False
108900035,0,0,1024,2800,False
108900072,0,0,1024,2800,False
109200039,0,0,1024,2800,False
109300003,0,49045,1024,2800,True
109300041,0,83867,1024,2800,True
109600024,0,0,1024,2800,False
109600067,0,0,1024,2800,False
109700044,0,0,1024,2800,False
109800002,0,3,1024,2800,True
109800041,0,0,1024,2800,False
109800078,0,0,1024,2800,False
110100043,0,0,1024,2800,False
110200001,0,0,1024,2800,False
110400032,0,0,1024,2800,False
110400081,0,0,1024,2800,False
110700004,0,0,1024,2800,False
110700044,29225,0,1024,2800,True
110900020,0,0,1024,2800,False
110900058,34276,0,1024,2800,True
111000032,0,40139,1024,2800,True
111200011,12890,0,1024,2800,True
111200062,0,0,1024,2800,False
111400024,0,0,1024,2800,False
111400075,0,0,1024,2800,False
111500049,0,0,1024,2800,False
111700056,14355,148692,1024,2800,True
111900005,0,0,1024,2800,False
111900045,0,0,1024,2800,False
111900083,0,0,1024,2800,False
112000042,0,0,1024,2800,False
112500025,0,0,1024,2800,False
112500072,0,0,1024,2800,False
112600031,0,0,1024,2800,False
112800000,9622,0,1024,2800,True
112800039,0,0,1024,2800,False
112800076,0,0,1024,2800,False
113100033,0,0,1024,2800,False
113300025,0,0,1024,2800,False
113300063,0,28282,1024,2800,True
113400035,0,0,1024,2800,False
113400083,0,0,1024,2800,False
113500044,0,0,1024,2764,False
113700044,0,32080,1024,2800,True
113700082,0,0,1024,2800,False
114600009,0,0,1024,2800,False
114600047,0,0,1024,2800,False
114700036,0,0,1024,2800,False
114700075,0,0,1024,2800,False
114900047,0,0,1024,2800,False
115100049,0,0,1024,2800,False
115300015,0,0,1024,2800,False
115300084,0,0,1024,2800,False
115600010,0,0,1024,2800,False
115600058,0,0,1024,2800,False
116000014,0,40940,1024,2800,True
116100031,0,0,1024,2800,False
116100069,0,0,1024,2800,False
116400063,0,0,1024,2800,False
116900002,0,0,1024,2800,False
116900040,0,0,1024,2800,False
116900078,0,0,1024,2800,False
117700058,0,0,1024,2800,False
117900023,0,0,1024,2800,False
117900070,0,0,1024,2800,False
118300018,0,0,1024,2800,False
118300056,0,0,1024,2800,False
118500010,0,0,1024,2800,False
118600016,0,0,1024,2800,False
118600072,0,0,1024,2800,False
118800030,0,0,1024,2800,False
118800069,0,0,1024,2800,False
118900045,0,0,1024,2800,False
119100023,0,0,1024,2800,False
119100062,0,55570,1024,2800,True
119300077,0,0,1024,2800,False
119400024,0,0,1024,2800,False
119400061,0,0,1024,2800,False
119700038,0,0,1024,2800,False
120000020,0,0,1024,2800,False
120000057,11559,0,1024,2800,True
120200012,0,5386,1024,2800,True
120200053,0,0,1024,2800,False
120300046,0,0,1024,2800,False
120300083,1466,0,1024,2800,True
121200050,0,0,1024,2800,False
121400011,0,0,1024,2800,False
121400071,0,0,1024,2800,False
121500026,0,0,1024,2800,False
121500065,0,60867,1024,2800,True
121600064,0,0,1024,2800,False
121800027,0,14544,1024,2800,True
121800064,0,0,1024,2800,False
121900054,0,0,1024,2800,False
122300026,0,0,1024,2800,False
122300069,0,0,1024,2800,False
122400037,0,0,1024,2800,False
122500002,0,0,1024,2800,False
122500042,0,0,1024,2800,False
122600036,0,0,1024,2800,False
122600073,0,0,1024,2800,False
122700042,0,0,1024,2800,False
122900008,0,0,1024,2800,False
122900061,0,0,1024,2800,False
123300002,0,70620,1024,2800,True
123300045,0,0,1024,2800,False
123600002,0,0,1024,2800,False
123600076,0,0,1024,2800,False
123700028,0,0,1024,2800,False
123700066,0,122603,1024,2800,True
123800020,0,0,1024,2800,False
123800058,0,0,1024,2800,False
124000016,9678,0,1024,2800,True
124000076,0,0,1024,2800,False
124200026,0,0,1024,2800,False
124200079,0,0,1024,2800,False
124400032,23708,38465,1024,2800,True
124400082,0,0,1024,2800,False
124500057,0,0,1024,2800,False
124600047,0,0,1024,2800,False
124700025,0,0,1024,2800,False
124700063,0,0,1024,2800,False
124800016,0,0,1024,2800,False
124800055,0,54601,1024,2800,True
125100015,0,0,1024,2800,False
125100057,0,0,1024,2800,False
125200029,0,0,1024,2800,False
125200084,0,17276,1024,2800,True
125400040,0,0,1024,2800,False
125400077,0,0,1024,2800,False
125600030,0,0,1024,2800,False
125600074,0,0,1024,2800,False
125700034,0,0,1024,2800,False
125700073,0,0,1024,2800,False
125800020,0,0,1024,2800,False
125800074,0,0,1024,2800,False
126500023,0,22662,1024,2800,True
126600064,0,0,1024,2800,False
126800033,0,0,1024,2800,False
126800070,0,0,1024,2800,False
127000017,0,0,1024,2800,False
127000067,0,0,1024,2800,False
127200030,0,0,1024,2800,False
127300017,0,0,1024,2800,False
127300058,0,0,1024,2800,False
127600010,0,28710,1024,2800,True
127600051,0,0,1024,2800,False
127900066,0,0,1024,2800,False
128200024,0,67320,1024,2800,True
128200062,0,0,1024,2800,False
128300009,0,0,1024,2800,False
128300056,0,13394,1024,2800,True
128500011,0,0,1024,2800,False
128500050,0,0,1024,2800,False
128700063,0,0,1024,2800,False
128800020,0,0,1024,2800,False
129100041,0,81944,1024,2800,True
129300000,7724,0,1024,2800,True
129300045,0,0,1024,2800,False
129300083,0,0,1024,2800,False
129400040,0,0,1024,2792,False
129400084,0,0,1024,2800,False
129500039,0,0,1024,2800,False
129700030,0,0,1024,2800,False
129700069,0,0,1024,2800,False
129800016,0,0,1024,2800,False
129800057,0,0,1024,2800,False
129900033,0,0,1024,2800,False
130200005,0,0,1024,2800,False
130300035,0,0,1024,2800,False
130400041,0,0,1024,2800,False
130400083,0,0,1024,2800,False
130500057,0,0,1024,2800,False
130700076,0,36526,1024,2800,True
130800029,0,0,1024,2800,False
130800067,0,0,1024,2800,False
131000040,0,0,1024,2800,False
131000081,0,0,1024,2800,False
131600017,0,0,1024,2800,False
131600058,0,89093,1024,2800,True
131900031,0,0,1024,2800,False
132200068,0,0,1024,2800,False
132300016,0,0,1024,2800,False
132500029,0,0,1024,2800,False
132500074,0,48509,1024,2800,True
133200026,0,0,1024,2800,False
133200064,0,0,1024,2800,False
133500035,0,0,1024,2800,False
133600042,0,0,1024,2800,False
133700001,0,0,1024,2800,False
133700039,11935,70446,1024,2800,True
133700083,0,0,1024,2800,False
134000040,0,89556,1024,2800,True
134200006,0,0,1024,2800,False
134200049,0,0,1024,2800,False
134400009,0,0,1024,2800,False
134600034,0,0,1024,2800,False
134600080,0,0,1024,2800,False
134700042,0,0,1024,2800,False
134900059,20786,0,1024,2800,True
135300078,0,0,1024,2800,False
135400080,0,0,1024,2800,False
135500032,0,0,1024,2800,False
135500069,0,0,1024,2800,False
135700033,0,0,1024,2800,False
135700071,0,35583,1024,2800,True
135800059,0,0,1024,2800,False
135900066,0,0,1024,2800,False
136200017,0,0,1024,2800,False
136200054,15589,0,1024,2800,True
136500030,0,0,1024,2800,False
136500081,12733,0,1024,2800,True
136700073,0,0,1024,2800,False
137000064,0,0,1024,2800,False
137100011,0,0,1024,2800,False
137100057,0,17870,1024,2800,True
137400015,0,50287,1024,2800,True
137400068,0,0,1024,2800,False
137600015,0,0,1024,2800,False
137600070,0,0,1024,2800,False
137900037,0,0,1024,2800,False
138000004,0,52598,1024,2800,True
138000045,0,0,1024,2800,False
138000083,0,0,1024,2800,False
138200040,0,0,1024,2800,False
138400001,0,0,1024,2800,False
138400038,36577,0,1024,2800,True
138400080,0,0,1024,2800,False
138500044,0,0,1024,2800,False
138700005,0,0,1024,2800,False
138700042,0,0,1024,2800,False
138700080,0,0,1024,2800,False
138900030,0,0,1024,2800,False
138900069,0,0,1024,2800,False
139100042,0,0,1024,2800,False
139100080,0,0,1024,2800,False
139200032,0,0,1024,2800,False
140100081,32579,0,1024,2800,True
140200030,0,0,1024,2800,False
140200083,0,0,1024,2800,False
140300059,23937,0,1024,2800,True
140500024,0,0,1024,2800,False
140500066,0,0,1024,2800,False
140700060,0,0,1024,2800,False
140800032,0,0,1024,2800,False
140800082,0,0,1024,2800,False
140900046,0,23544,1024,2800,True
141000036,0,0,1024,2800,False
141100015,0,0,1024,2800,False
141100056,0,0,1024,2800,False
141200023,0,0,1024,2800,False
141200070,7301,0,1024,2800,True
141400027,0,0,1024,2800,False
141400080,33994,0,1024,2800,True
141500030,0,0,1024,2800,False
142100060,0,0,1024,2800,False
142200030,0,0,1024,2800,False
142200074,0,0,1024,2800,False
142500037,6616,0,1024,2800,True
142800023,0,0,1024,2800,False
142800067,0,0,1024,2800,False
143400023,0,0,1024,2800,False
143400063,0,0,1024,2800,False
143600010,0,0,1024,2800,False
143600047,0,0,1024,2800,False
143900000,0,0,1024,2800,False
143900039,0,0,1024,2800,False
143900084,0,0,1024,2800,False
144000062,0,0,1024,2773,False
144100018,0,0,1024,2800,False
144100061,0,0,1024,2800,False
144200039,0,0,1024,2800,False
144400013,0,0,1024,2800,False
144500034,0,0,1024,2800,False
144800045,0,42576,1024,2800,True
144800082,0,0,1024,2800,False
144900035,0,0,1024,2800,False
145000020,0,0,1024,2800,False
145000059,11400,0,1024,2800,True
145100010,0,0,1024,2800,False
145100050,0,0,1024,2800,False
145200015,0,44070,1024,2800,True
145200053,0,0,1024,2800,False
145300021,0,0,1024,2800,False
146300005,0,109664,1024,2800,True
146300063,0,0,1024,2800,False
147200027,0,0,1024,2800,False
147200072,0,0,1024,2800,False
147600005,0,0,1024,2800,False
147900062,34986,0,1024,2800,True
148000048,24154,0,1024,2800,True
148100012,0,0,1024,2800,False
148300031,0,0,1024,2800,False
148400003,0,74304,1024,2800,True
148400069,0,0,1024,2800,False
148500016,0,0,1024,2800,False
148500073,0,0,1024,2800,False
148600048,0,0,1024,2800,False
148800026,0,0,1024,2800,False
148800064,0,0,1024,2800,False
148900011,9682,0,1024,2800,True
148900083,0,0,1024,2800,False
149000037,0,0,1024,2800,False
149200000,0,0,1024,2800,False
149200039,0,0,1024,2800,False
149200076,0,0,1024,2800,False
149400034,0,0,1024,2800,False
149400072,0,0,1024,2800,False
149500030,0,0,1024,2800,False
149500073,0,0,1024,2800,False
149600029,0,0,1024,2800,False
149600067,0,24433,1024,2800,True
149700019,0,0,1024,2800,False
149800033,0,61764,1024,2800,True
149900027,0,0,1024,2800,False
149900084,0,0,1024,2800,False
150000043,0,0,1024,2800,False
150000081,0,119782,1024,2800,True
150100036,0,0,1024,2800,False
150200058,0,75726,1024,2800,True
150400006,0,0,1024,2800,False
150400044,0,0,1024,2800,False
150600004,0,0,1024,2800,False
150600055,0,0,1024,2800,False
150700014,0,0,1024,2800,False
150700062,0,0,1024,2800,False
150800019,0,0,1024,2800,False
150800061,0,0,1024,2800,False
150900016,0,0,1024,2800,False
150900060,0,0,1024,2800,False
151000010,0,0,1024,2800,False
151000053,0,0,1024,2800,False
151100010,4590,0,1024,2800,True
151700083,0,0,1024,2800,False
151800045,0,0,1024,2800,False
151900001,0,0,1024,2800,False
151900043,0,0,1024,2800,False
152000001,0,0,1024,2800,False
152000041,0,0,1024,2800,False
152100007,0,0,1024,2800,False
152100065,0,0,1024,2800,False
152300040,0,0,1024,2800,False
152300081,0,0,1024,2800,False
152400033,0,0,1024,2800,False
152600041,0,55169,1024,2800,True
152600084,0,0,1024,2800,False
152700038,0,0,1024,2800,False
152700082,0,0,1024,2800,False
152800049,0,0,1024,2800,False
152900015,0,0,1024,2800,False
152900063,0,0,1024,2800,False
153000020,0,0,1024,2800,False
153000066,0,0,1024,2800,False
153100013,0,0,1024,2800,False
153100060,0,0,1024,2800,False
153200032,0,0,1024,2800,False
153200072,0,0,1024,2800,False
153300037,0,0,1024,2800,False
153300078,0,0,1024,2800,False
153500025,0,0,1024,2800,False
153500065,0,0,1024,2800,False
153600030,0,0,1024,2800,False
153600074,0,0,1024,2800,False
153700038,0,0,1024,2790,False
153800006,0,0,1024,2800,False
153800043,0,0,1024,2800,False
154000008,0,0,1024,2800,False
154000052,0,0,1024,2800,False
154500056,0,0,1024,2800,False
154700022,0,0,1024,2800,False
154700076,0,0,1024,2800,False
155000035,0,0,1024,2800,False
155000073,0,0,1024,2773,False
155100028,0,0,1024,2800,False
155100067,0,0,1024,2800,False
155200052,0,0,1024,2800,False
155300078,11628,0,1024,2800,True
155400051,8998,0,1024,2800,True
156300039,0,0,1024,2800,False
156300077,0,0,1024,2800,False
156400069,0,0,1024,2800,False
156600000,0,0,1024,2800,False
156600063,0,0,1024,2800,False
156700014,0,0,1024,2800,False
156700063,0,0,1024,2800,False
157200039,0,0,1024,2800,False
157400000,36361,0,1024,2800,True
157500020,0,0,1024,2800,False
157500059,0,47621,1024,2800,True
157600021,0,0,1024,2800,False
157600067,0,0,1024,2800,False
157700017,0,0,1024,2800,False
158000034,0,0,1024,2800,False
158000072,0,0,1024,2800,False
158100019,0,0,1024,2800,False
158100071,0,0,1024,2800,False
158300033,0,0,1024,2800,False
158300071,0,0,1024,2800,False
158500035,0,85199,1024,2800,True
158500078,0,0,1024,2800,False
158600025,0,0,1024,2800,False
158600063,0,0,1024,2800,False
158700066,0,0,1024,2800,False
158800073,0,0,1024,2800,False
158900034,0,0,1024,2800,False
159000026,0,0,1024,2800,False
159300048,0,0,1024,2800,False
160000003,0,0,1024,2800,False
160000052,0,0,1024,2800,False
160200025,0,0,1024,2800,False
160200066,0,0,1024,2800,False
160300026,0,0,1024,2800,False
160300064,0,0,1024,2800,False
160400025,0,0,1024,2800,False
160600041,47304,0,1024,2800,True
160600080,0,0,1024,2800,False
160800038,0,44066,1024,2800,True
160800078,0,0,1024,2800,False
160900064,0,0,1024,2800,False
161200029,0,0,1024,2800,False
161200066,0,0,1024,2800,False
161300025,0,0,1024,2800,False
161300064,0,0,1024,2800,False
161500011,0,0,1024,2800,False
161500050,0,0,1024,2800,False
161600008,0,0,1024,2800,False
161600063,0,0,1024,2800,False
161700010,0,0,1024,2800,False
161700047,0,0,1024,2800,False
161800003,0,0,1024,2800,False
161800044,0,0,1024,2800,False
161800084,37863,0,1024,2800,True
161900047,0,0,1024,2800,False
162100004,0,0,1024,2800,False
162100045,0,0,1024,2800,False
162300070,0,0,1024,2800,False
162500002,0,0,1024,2800,False
162500047,0,0,1024,2800,False
162600026,0,0,1024,2800,False
162600071,0,0,1024,2800,False
162700033,0,0,1024,2800,False
162700081,0,0,1024,2800,False
162800035,14404,0,1024,2800,True
162800076,0,0,1024,2800,False
162900033,0,0,1024,2800,False
162900071,0,0,1024,2800,False
163000075,0,0,1024,2800,False
163100054,0,0,1024,2800,False
163200037,0,62516,1024,2800,True
163300034,0,0,1024,2800,False
163300076,0,0,1024,2800,False
163700053,0,0,1024,2800,False
163800024,0,0,1024,2800,False
163800066,0,0,1024,2800,False
163900057,0,60944,1024,2800,True
164000013,0,0,1024,2800,False
164000057,0,0,1024,2800,False
164300011,0,0,1024,2800,False
164500003,0,0,1024,2800,False
164500041,0,0,1024,2800,False
164600014,0,0,1024,2800,False
164600058,0,0,1024,2800,False
165200024,0,0,1024,2800,False
165200068,0,0,1024,2800,False
165300025,0,0,1024,2800,False
165300065,0,0,1024,2800,False
165400028,0,0,1024,2800,False
165400068,0,0,1024,2800,False
165500018,0,0,1024,2800,False
165500063,0,0,1024,2800,False
165600021,0,0,1024,2800,False
165600072,0,0,1024,2800,False
165700032,0,0,1024,2800,False
165700080,0,0,1024,2800,False
165800056,0,0,1024,2800,False
165900010,0,85292,1024,2800,True
165900052,0,19360,1024,2800,True
166100030,0,0,1024,2800,False
166100074,0,0,1024,2800,False
166300032,0,0,1024,2800,False
166300072,0,0,1024,2800,False
166400028,0,0,1024,2800,False
166400072,0,0,1024,2800,False
166600021,0,0,1024,2800,False
166600059,0,0,1024,2800,False
166700034,0,0,1024,2800,False
166700084,0,0,1024,2800,False
166900014,0,0,1024,2800,False
166900072,20159,0,1024,2800,True
167000063,0,0,1024,2800,False
167100016,0,0,1024,2800,False
167100055,0,0,1024,2800,False
167200013,0,0,1024,2800,False
167200065,6527,0,1024,2800,True
167300013,6454,0,1024,2800,True
167300060,0,0,1024,2800,False
167600013,0,0,1024,2800,False
167600066,0,0,1024,2800,False
167700037,0,0,1024,2800,False
167700082,0,109019,1024,2800,True
167900013,0,29178,1024,2800,True
167900066,0,0,1024,2800,False
168000084,0,0,1024,2800,False
168100040,0,0,1024,2800,False
168200003,0,0,1024,2800,False
168200052,0,0,1024,2800,False
168300017,0,0,1024,2800,False
168300057,0,0,1024,2800,False
168400013,0,0,1024,2800,False
168400052,0,0,1024,2800,False
168900080,0,0,1024,2800,False
169300038,0,0,1024,2800,False
169300076,0,0,1024,2800,False
169500078,0,0,1024,2800,False
169600071,0,0,1024,2800,False
169800018,0,0,1024,2800,False
169800057,0,0,1024,2800,False
170400019,0,0,1024,2800,False
170400056,0,0,1024,2800,False
170700003,0,0,1024,2800,False
170700044,0,87490,1024,2800,True
170800005,0,109796,1024,2800,True
170800048,0,0,1024,2800,False
170900000,0,0,1024,2800,False
170900040,0,0,1024,2800,False
171000001,9332,0,1024,2800,True
171000054,0,0,1024,2800,False
171100001,0,0,1024,2800,False
171100039,0,0,1024,2800,False
171100077,0,0,1024,2800,False
171200037,0,0,1024,2800,False
171200081,0,0,1024,2800,False
171300033,0,0,1024,2800,False
171300084,0,0,1024,2800,False
171500000,0,0,1024,2800,False
171500040,0,0,1024,2800,False
171500080,0,94749,1024,2800,True
171600042,0,0,1024,2800,False
171600079,0,0,1024,2800,False
171700040,0,0,1024,2800,False
171800063,0,0,1024,2800,False
171900025,0,0,1024,2800,False
171900080,0,0,1024,2800,False
172100027,0,0,1024,2800,False
172100070,0,0,1024,2800,False
172200050,0,0,1024,2800,False
172300001,0,0,1024,2800,False
172300039,0,0,1024,2800,False
172300077,0,0,1024,2800,False
172400036,0,0,1024,2800,False
172400077,0,0,1024,2800,False
175200032,0,0,1024,2800,False
175200071,0,0,1024,2800,False
175300037,0,0,1024,2800,False
175300075,0,0,1024,2800,False
175400042,0,0,1024,2800,False
175500001,0,115291,1024,2800,True
175500049,0,0,1024,2800,False
175600020,0,44005,1024,2800,True
175900007,0,0,1024,2800,False
175900048,0,0,1024,2800,False
176000006,0,0,1024,2800,False
176000045,0,0,1024,2800,False
99100003,0,0,1024,2800,False
99100040,0,0,1024,2800,False
99100081,0,0,1024,2800,False
99300055,0,0,1024,2800,False
99900005,0,0,1024,2800,False
99900055,0,0,1024,2800,False
100000005,0,0,1024,2800,False
100000044,0,42,1024,2800,True
100000083,0,58280,1024,2800,True
100100038,0,0,1024,2800,False
100100081,0,0,1024,2800,False
100400020,0,0,1024,2800,False
100400061,0,0,1024,2800,False
100500012,0,0,1024,2800,False
100500050,0,0,1024,2800,False
100700028,0,0,1024,2800,False
100700074,0,0,1024,2800,False
101100028,0,0,1024,2800,False
101100067,0,0,1024,2800,False
101500014,0,0,1024,2800,False
101500055,0,69952,1024,2800,True
101600010,0,0,1024,2800,False
101600068,0,0,1024,2800,False
101700030,0,0,1024,2800,False
101700077,0,69889,1024,2800,True
101900013,0,0,1024,2800,False
101900068,0,0,1024,2800,False
102100027,0,0,1024,2800,False
103000036,0,0,1024,2800,False
103200016,0,0,1024,2800,False
103200055,36563,0,1024,2800,True
103300019,0,0,1024,2800,False
103400042,0,0,1024,2800,False
103400084,0,0,1024,2800,False
103500062,0,0,1024,2800,False
103700037,0,0,1024,2800,False
103900020,0,0,1024,2800,False
103900065,0,0,1024,2800,False
104600023,29134,0,1024,2800,True
104600081,0,0,1024,2800,False
104700047,0,0,1024,2747,False
104800010,0,0,1024,2800,False
104900020,0,0,1024,2800,False
104900059,0,0,1024,2800,False
105100015,0,0,1024,2800,False
105100054,0,0,1024,2800,False
105200033,0,0,1024,2800,False
105200084,0,0,1024,2800,False
105300047,0,0,1024,2800,False
105400065,0,0,1024,2800,False
105600013,0,0,1024,2800,False
105600051,0,56301,1024,2800,True
105900006,0,0,1024,2800,False
105900044,0,152191,1024,2800,True
106000034,0,0,1024,2800,False
106100019,0,0,1024,2800,False
106100062,0,32,1024,2800,True
106200028,0,0,1024,2800,False
106200077,0,0,1024,2800,False
106300029,0,42439,1024,2800,True
106500014,0,0,1024,2800,False
106500059,36203,0,1024,2800,True
106600017,0,6,1024,2800,True
106600056,0,0,1024,2800,False
106700074,0,51171,1024,2800,True
106900027,0,0,1024,2800,False
106900064,0,0,1024,2800,False
107900020,0,0,1024,2800,False
107900061,0,0,1024,2800,False
108400047,7240,0,1024,2800,True
108600006,0,0,1024,2800,False
108600060,0,0,1024,2800,False
108900036,0,0,1024,2800,False
108900073,0,0,1024,2800,False
109200040,0,0,1024,2800,False
109300004,0,0,1024,2800,False
109300042,0,0,1024,2800,False
109600025,7498,0,1024,2800,True
109600079,0,0,1024,2800,False
109700045,0,68702,1024,2800,True
109800003,0,0,1024,2800,False
109800042,0,0,1024,2800,False
109800079,0,41188,1024,2800,True
110100044,0,0,1024,2800,False
110200002,0,0,1024,2800,False
110400033,0,0,1024,2800,False
110400082,0,0,1024,2800,False
110700005,0,0,1024,2800,False
110700045,6085,0,1024,2800,True
110900021,0,0,1024,2800,False
110900059,28014,34027,1024,2800,True
111000033,0,0,1024,2800,False
111200012,0,0,1024,2800,False
111200063,0,0,1024,2800,False
111400025,0,0,1024,2800,False
111400076,0,0,1024,2800,False
111500050,0,0,1024,2800,False
111700057,38623,0,1024,2800,True
111900006,0,0,1024,2800,False
111900046,0,0,1024,2800,False
111900084,5827,0,1024,2800,True
112000043,0,0,1024,2800,False
112500026,0,0,1024,2800,False
112500073,0,0,1024,2800,False
112600032,0,0,1024,2800,False
112800002,0,0,1024,2800,False
112800040,0,0,1024,2800,False
112800077,0,0,1024,2800,False
113100034,0,0,1024,2800,False
113300026,0,0,1024,2800,False
113300064,0,0,1024,2800,False
113400036,0,0,1024,2800,False
113400084,0,0,1024,2800,False
113700000,0,0,1024,2800,False
113700045,0,0,1024,2800,False
113700083,0,0,1024,2800,False
114600010,0,0,1024,2800,False
114600048,0,0,1024,2800,False
114700037,0,0,1024,2800,False
114700076,0,41606,1024,2800,True
114900048,4920,0,1024,2800,True
115100050,0,0,1024,2800,False
115300016,0,0,1024,2800,False
115500042,0,0,1024,2800,False
115600016,0,99308,1024,2800,True
115600059,0,17494,1024,2800,True
116000015,0,0,1024,2800,False
116100032,0,0,1024,2800,False
116100070,0,0,1024,2800,False
116400064,0,0,1024,2800,False
116900003,0,0,1024,2800,False
116900041,0,0,1024,2800,False
116900079,0,0,1024,2800,False
117700059,0,0,1024,2800,False
117900024,0,26867,1024,2800,True
117900071,0,0,1024,2800,False
118300019,0,0,1024,2800,False
118300057,0,0,1024,2800,False
118500011,0,0,1024,2800,False
118600017,0,0,1024,2800,False
118600073,0,0,1024,2800,False
118800031,0,0,1024,2800,False
118800070,0,0,1024,2800,False
118900046,0,0,1024,2800,False
119100024,0,0,1024,2800,False
119100063,0,0,1024,2800,False
119300078,0,0,1024,2800,False
119400025,0,0,1024,2800,False
119400062,0,0,1024,2800,False
119700039,0,17548,1024,2800,True
120000021,19132,0,1024,2800,True
120000058,0,88247,1024,2800,True
120200013,0,43977,1024,2800,True
120200054,10288,136888,1024,2800,True
120300047,0,0,1024,2800,False
120300084,0,0,1024,2800,False
121200051,0,0,1024,2800,False
121400012,0,0,1024,2800,False
121400072,0,0,1024,2800,False
121500027,0,98833,1024,2800,True
121500066,0,0,1024,2800,False
121600065,0,28827,1024,2800,True
121800028,0,16447,1024,2800,True
121800065,0,0,1024,2800,False
121900055,0,159113,1024,2800,True
122300027,0,0,1024,2800,False
122300070,0,0,1024,2800,False
122400038,0,0,1024,2800,False
122500003,0,0,1024,2800,False
122500043,0,0,1024,2800,False
122600037,0,0,1024,2800,False
122600074,0,0,1024,2800,False
122700043,0,0,1024,2800,False
122900009,0,0,1024,2800,False
122900062,0,0,1024,2800,False
123300003,0,0,1024,2800,False
123300046,0,0,1024,2800,False
123600003,0,0,1024,2800,False
123600077,0,0,1024,2800,False
123700029,0,0,1024,2800,False
123700067,0,71173,1024,2800,True
123800021,0,0,1024,2800,False
123800059,0,0,1024,2800,False
124000017,0,0,1024,2800,False
124000077,0,0,1024,2800,False
124200027,0,0,1024,2800,False
124200080,0,0,1024,2800,False
124400033,27336,0,1024,2800,True
124400083,0,0,1024,2800,False
124500058,0,0,1024,2800,False
124600048,0,0,1024,2800,False
124700026,0,0,1024,2800,False
124700064,0,0,1024,2800,False
124800017,0,31774,1024,2800,True
124800056,0,0,1024,2800,False
125100016,0,0,1024,2800,False
125100058,0,0,1024,2800,False
125200030,0,0,1024,2800,False
125400000,4266,0,1024,2800,True
125400041,0,0,1024,2800,False
125400078,0,0,1024,2800,False
125600031,0,0,1024,2800,False
125600075,0,0,1024,2800,False
125700035,0,0,1024,2800,False
125700074,0,0,1024,2800,False
125800021,0,0,1024,2800,False
125800075,0,15466,1024,2800,True
126500024,0,0,1024,2800,False
126600065,0,49710,1024,2800,True
126800034,0,0,1024,2800,False
126800071,0,0,1024,2800,False
127000018,0,0,1024,2800,False
127000068,0,0,1024,2800,False
127200031,0,0,1024,2800,False
127300018,0,0,1024,2800,False
127300059,0,0,1024,2800,False
127600011,0,0,1024,2800,False
127600052,0,0,1024,2800,False
127900067,22119,0,1024,2800,True
128200025,0,0,1024,2800,False
128200063,0,0,1024,2800,False
128300010,0,0,1024,2800,False
128300057,0,0,1024,2800,False
128500012,0,0,1024,2800,False
128500051,0,0,1024,2800,False
128700064,0,0,1024,2800,False
128800021,0,0,1024,2800,False
129100042,0,0,1024,2800,False
129300001,6320,0,1024,2800,True
129300046,0,0,1024,2800,False
129300084,0,0,1024,2800,False
129400041,15249,0,1024,2764,True
129500000,0,0,1024,2800,False
129500040,0,0,1024,2800,False
129700031,0,0,1024,2800,False
129700070,0,20089,1024,2800,True
129800017,0,108141,1024,2800,True
129800058,0,0,1024,2800,False
129900034,0,26095,1024,2800,True
130200006,0,0,1024,2800,False
130300036,0,27977,1024,2800,True
130400042,0,0,1024,2800,False
130400084,0,0,1024,2800,False
130500058,0,0,1024,2800,False
130700077,0,0,1024,2800,False
130800030,0,0,1024,2800,False
130800068,0,0,1024,2800,False
131000041,0,0,1024,2800,False
131000082,0,0,1024,2800,False
131600018,0,0,1024,2800,False
131600059,0,0,1024,2800,False
131900032,0,0,1024,2800,False
132200069,0,0,1024,2800,False
132300017,0,0,1024,2800,False
132500030,0,17666,1024,2800,True
132500075,0,0,1024,2800,False
133200027,0,0,1024,2800,False
133200065,0,0,1024,2800,False
133500036,0,0,1024,2800,False
133600043,0,0,1024,2800,False
133700002,0,28472,1024,2800,True
133700040,35643,0,1024,2800,True
133700084,0,0,1024,2800,False
134000041,0,0,1024,2800,False
134200007,0,0,1024,2800,False
134200051,0,0,1024,2800,False
134400010,0,0,1024,2800,False
134600035,0,0,1024,2800,False
134600081,0,0,1024,2800,False
134700043,0,0,1024,2800,False
134900060,0,0,1024,2800,False
135300079,0,0,1024,2800,False
135400081,0,0,1024,2800,False
135500033,0,62345,1024,2800,True
135500070,0,0,1024,2800,False
135700034,0,0,1024,2800,False
135700072,0,0,1024,2800,False
135800060,0,78754,1024,2800,True
135900067,0,0,1024,2800,False
136200018,0,0,1024,2800,False
136200055,0,0,1024,2800,False
136500031,0,36719,1024,2800,True
136500082,0,0,1024,2800,False
136700074,0,0,1024,2800,False
137000065,0,0,1024,2800,False
137100012,0,0,1024,2800,False
137100058,0,0,1024,2800,False
137400016,0,0,1024,2800,False
137400069,0,0,1024,2800,False
137600016,0,37850,1024,2800,True
137600071,0,69192,1024,2800,True
137900038,0,0,1024,2800,False
138000005,0,60492,1024,2800,True
138000046,0,0,1024,2800,False
138000084,0,0,1024,2800,False
138200041,0,0,1024,2800,False
138400002,0,0,1024,2800,False
138400041,32075,0,1024,2800,True
138400081,0,0,1024,2800,False
138500045,10913,0,1024,2800,True
138700006,0,0,1024,2800,False
138700043,0,67421,1024,2800,True
138700081,0,0,1024,2800,False
138900031,0,0,1024,2800,False
138900070,0,0,1024,2800,False
139100043,0,0,1024,2800,False
139100081,0,0,1024,2800,False
139200033,0,28959,1024,2800,True
140100082,0,0,1024,2800,False
140200031,0,0,1024,2800,False
140200084,16889,0,1024,2800,True
140300060,0,66865,1024,2800,True
140500025,0,0,1024,2800,False
140500067,0,0,1024,2800,False
140700061,0,44546,1024,2800,True
140800033,0,0,1024,2800,False
140800083,0,59411,1024,2800,True
140900047,0,0,1024,2800,False
141000037,0,0,1024,2800,False
141100016,0,0,1024,2800,False
141100057,0,0,1024,2800,False
141200024,0,0,1024,2800,False
141200071,0,0,1024,2800,False
141400028,0,0,1024,2800,False
141400081,0,0,1024,2800,False
141500031,0,0,1024,2800,False
142100061,0,0,1024,2800,False
142200031,0,0,1024,2800,False
142200075,0,0,1024,2800,False
142500038,0,0,1024,2800,False
142800024,0,67573,1024,2800,True
142800068,0,0,1024,2800,False
143400024,0,137843,1024,2800,True
143400064,0,0,1024,2800,False
143600012,0,0,1024,2800,False
143600048,0,0,1024,2800,False
143900001,0,0,1024,2800,False
143900040,0,0,1024,2800,False
144000031,0,0,1024,2800,False
144000071,0,0,1024,2800,False
144100019,0,0,1024,2800,False
144100062,0,0,1024,2791,False
144200040,0,171499,1024,2800,True
144400014,0,0,1024,2800,False
144500035,0,62838,1024,2800,True
144800046,0,0,1024,2800,False
144800083,0,0,1024,2800,False
144900036,0,0,1024,2800,False
145000021,0,0,1024,2800,False
145000060,0,132260,1024,2800,True
145100011,0,0,1024,2800,False
145100051,0,0,1024,2800,False
145200016,0,0,1024,2800,False
145200054,0,0,1024,2800,False
145300022,0,0,1024,2800,False
146300006,0,0,1024,2800,False
146300064,0,35356,1024,2800,True
147200028,0,0,1024,2800,False
147200073,0,0,1024,2800,False
147600006,0,0,1024,2800,False
147900063,31215,0,1024,2800,True
148000049,0,0,1024,2800,False
148100013,0,0,1024,2800,False
148300032,0,0,1024,2800,False
148400004,0,0,1024,2800,False
148400070,0,0,1024,2800,False
148500017,0,0,1024,2800,False
148500074,0,0,1024,2800,False
148600049,0,0,1024,2800,False
148800027,0,0,1024,2800,False
148800065,0,0,1024,2800,False
148900027,0,0,1024,2800,False
148900084,0,0,1024,2800,False
149000038,36810,0,1024,2800,True
149200001,0,0,1024,2800,False
149200040,0,0,1024,2800,False
149200077,0,0,1024,2800,False
149400035,0,0,1024,2800,False
149400073,0,0,1024,2800,False
149500031,0,0,1024,2800,False
149500074,0,197331,1024,2800,True
149600030,0,0,1024,2800,False
149600068,0,0,1024,2800,False
149700020,0,0,1024,2800,False
149800034,0,0,1024,2800,False
149900028,0,0,1024,2800,False
150000006,0,0,1024,2800,False
150000044,0,0,1024,2800,False
150000082,10742,0,1024,2800,True
150100037,0,24057,1024,2800,True
150200059,0,0,1024,2800,False
150400007,0,0,1024,2800,False
150400045,0,0,1024,2800,False
150600005,0,0,1024,2800,False
150600056,0,0,1024,2800,False
150700015,0,0,1024,2800,False
150700063,0,0,1024,2800,False
150800020,0,0,1024,2800,False
150800062,0,0,1024,2800,False
150900017,0,0,1024,2800,False
150900061,0,0,1024,2800,False
151000011,0,0,1024,2800,False
151000054,0,0,1024,2800,False
151100011,8116,0,1024,2800,True
151700084,0,88954,1024,2800,True
151800055,9804,0,1024,2800,True
151900002,0,0,1024,2800,False
151900044,0,0,1024,2800,False
152000002,0,0,1024,2800,False
152000042,0,0,1024,2800,False
152100008,0,0,1024,2800,False
152100066,0,0,1024,2800,False
152300041,0,0,1024,2800,False
152300082,0,0,1024,2800,False
152400034,0,0,1024,2800,False
152600042,0,0,1024,2800,False
152700000,0,0,1024,2800,False
152700039,0,0,1024,2800,False
152700083,0,0,1024,2800,False
152800050,0,0,1024,2800,False
152900016,0,0,1024,2800,False
152900064,0,0,1024,2800,False
153000021,0,0,1024,2800,False
153000067,0,0,1024,2800,False
153100014,0,0,1024,2800,False
153100061,0,0,1024,2800,False
153200033,0,0,1024,2800,False
153200073,0,0,1024,2800,False
153300038,0,0,1024,2800,False
153300079,0,0,1024,2800,False
153500034,0,0,1024,2800,False
153500083,14273,0,1024,2800,True
153600031,0,0,1024,2800,False
153600083,0,0,1024,2800,False
153700060,0,0,1024,2800,False
153800007,0,0,1024,2800,False
153800044,0,0,1024,2800,False
154000009,0,0,1024,2800,False
154000053,0,0,1024,2800,False
154500057,0,0,1024,2800,False
154700023,0,0,1024,2800,False
154700077,0,0,1024,2800,False
155000036,0,0,1024,2800,False
155000074,0,0,1024,2762,False
155100029,0,0,1024,2800,False
155100068,0,0,1024,2800,False
155200053,0,0,1024,2800,False
155300079,38809,0,1024,2800,True
156300002,0,0,1024,2800,False
156300040,0,54616,1024,2800,True
156300078,0,0,1024,2800,False
156400070,0,0,1024,2800,False
156600001,0,0,1024,2800,False
156600064,0,0,1024,2800,False
156700015,0,0,1024,2800,False
156700064,0,0,1024,2800,False
157200040,0,0,1024,2800,False
157400001,26418,0,1024,2800,True
157500021,0,0,1024,2800,False
157500060,0,0,1024,2800,False
157600022,0,0,1024,2800,False
157600068,0,0,1024,2800,False
157700018,0,0,1024,2800,False
158000035,0,0,1024,2800,False
158000073,0,0,1024,2800,False
158100020,0,0,1024,2800,False
158100072,0,0,1024,2800,False
158300034,0,0,1024,2800,False
158300072,0,0,1024,2800,False
158500036,0,0,1024,2800,False
158500079,0,0,1024,2800,False
158600026,0,0,1024,2800,False
158600064,0,0,1024,2800,False
158700067,0,0,1024,2800,False
158800074,0,0,1024,2800,False
158900035,0,0,1024,2800,False
159000027,0,0,1024,2800,False
159300049,0,21086,1024,2800,True
160000004,0,0,1024,2800,False
160000053,0,0,1024,2800,False
160200026,0,51234,1024,2800,True
160200067,0,0,1024,2800,False
160300027,0,0,1024,2800,False
160300065,0,0,1024,2800,False
160400026,0,0,1024,2800,False
160600042,36146,0,1024,2800,True
160600081,0,0,1024,2800,False
160800039,0,0,1024,2800,False
160800079,0,0,1024,2800,False
160900065,0,0,1024,2800,False
161200030,0,0,1024,2800,False
161200067,0,0,1024,2800,False
161300026,0,0,1024,2800,False
161300065,0,0,1024,2800,False
161500012,0,0,1024,2800,False
161500051,0,0,1024,2800,False
161600009,0,0,1024,2800,False
161600064,0,0,1024,2800,False
161700011,0,0,1024,2800,False
161700048,0,0,1024,2800,False
161800004,0,66290,1024,2800,True
161800045,0,0,1024,2800,False
161900000,0,0,1024,2800,False
161900048,0,0,1024,2800,False
162100005,0,0,1024,2800,False
162100046,0,0,1024,2800,False
162300071,0,0,1024,2800,False
162500003,0,0,1024,2800,False
162500048,0,0,1024,2800,False
162600027,0,0,1024,2800,False
162600072,0,44897,1024,2800,True
162700034,0,0,1024,2800,False
162700082,0,0,1024,2800,False
162800036,0,0,1024,2800,False
162800077,0,0,1024,2800,False
162900034,0,0,1024,2800,False
162900072,0,0,1024,2800,False
163000076,0,0,1024,2800,False
163100055,0,0,1024,2800,False
163200038,0,0,1024,2800,False
163300035,0,0,1024,2800,False
163300077,0,0,1024,2800,False
163700054,0,0,1024,2800,False
163800025,0,0,1024,2800,False
163800067,0,0,1024,2800,False
163900058,0,0,1024,2800,False
164000014,0,0,1024,2800,False
164000058,0,0,1024,2800,False
164300012,0,0,1024,2800,False
164500004,0,0,1024,2800,False
164500042,0,0,1024,2800,False
164600015,0,0,1024,2800,False
164600059,0,0,1024,2800,False
165200025,0,0,1024,2800,False
165200069,0,0,1024,2800,False
165300026,0,0,1024,2800,False
165300066,0,0,1024,2800,False
165400029,0,0,1024,2800,False
165400069,0,0,1024,2800,False
165500019,0,0,1024,2800,False
165500064,0,0,1024,2800,False
165600036,36956,0,1024,2800,True
165600073,0,0,1024,2800,False
165700033,0,0,1024,2800,False
165700081,0,0,1024,2800,False
165800057,0,0,1024,2800,False
165900011,0,0,1024,2800,False
165900053,0,0,1024,2800,False
166100031,0,0,1024,2800,False
166100075,0,0,1024,2800,False
166300033,0,0,1024,2800,False
166300073,9701,0,1024,2800,True
166400029,0,0,1024,2800,False
166400073,0,0,1024,2800,False
166600028,0,0,1024,2800,False
166600069,0,0,1024,2800,False
166700035,0,0,1024,2800,False
166800057,0,0,1024,2800,False
166900015,0,0,1024,2800,False
166900078,15103,0,1024,2800,True
167000064,0,0,1024,2800,False
167100017,0,0,1024,2800,False
167100056,0,0,1024,2800,False
167200019,0,0,1024,2800,False
167200066,0,0,1024,2800,False
167300014,0,0,1024,2800,False
167300061,0,0,1024,2800,False
167600014,0,0,1024,2800,False
167600067,10435,0,1024,2800,True
167700038,0,0,1024,2800,False
167700083,0,0,1024,2800,False
167900014,0,0,1024,2800,False
168000042,0,0,1024,2800,False
168100000,0,0,1024,2800,False
168100041,0,0,1024,2800,False
168200004,0,0,1024,2800,False
168200053,0,0,1024,2800,False
168300018,0,68462,1024,2800,True
168300058,0,0,1024,2800,False
168400014,5929,0,1024,2800,True
168400053,0,0,1024,2800,False
168900081,0,0,1024,2800,False
169300039,0,0,1024,2800,False
169300077,0,0,1024,2800,False
169500079,0,0,1024,2800,False
169600072,0,0,1024,2800,False
169800019,0,0,1024,2800,False
169800058,0,0,1024,2800,False
170400020,0,0,1024,2800,False
170400057,0,0,1024,2800,False
170700004,0,0,1024,2800,False
170700045,0,0,1024,2800,False
170800006,0,0,1024,2800,False
170800049,0,0,1024,2800,False
170900001,0,0,1024,2800,False
170900041,0,0,1024,2800,False
171000002,0,68825,1024,2800,True
171000055,0,0,1024,2800,False
171100002,0,53078,1024,2800,True
171100040,0,0,1024,2800,False
171100078,0,41722,1024,2800,True
171200038,0,0,1024,2800,False
171200082,0,0,1024,2800,False
171300034,0,0,1024,2800,False
171400016,11605,0,1024,2800,True
171500001,0,0,1024,2800,False
171500041,0,47649,1024,2800,True
171500081,0,0,1024,2800,False
171600043,0,0,1024,2800,False
171600080,0,0,1024,2800,False
171700041,0,40367,1024,2800,True
171800064,0,65465,1024,2800,True
171900026,0,0,1024,2800,False
171900081,0,0,1024,2800,False
172100028,0,0,1024,2800,False
172200010,0,0,1024,2800,False
172200051,0,0,1024,2800,False
172300002,0,0,1024,2800,False
172300040,0,0,1024,2800,False
172300078,0,0,1024,2800,False
172400037,0,0,1024,2800,False
172400078,0,0,1024,2800,False
175200033,0,0,1024,2800,False
175200072,0,0,1024,2800,False
175300038,0,0,1024,2800,False
175300076,7382,0,1024,2800,True
175400043,0,0,1024,2800,False
175500002,0,0,1024,2800,False
175500050,0,0,1024,2800,False
175600021,0,0,1024,2800,False
175900008,0,0,1024,2800,False
175900049,0,0,1024,2800,False
176000007,0,0,1024,2800,False
176000046,0,0,1024,2800,False
99100004,0,0,1024,2800,False
99100041,0,0,1024,2800,False
99100082,0,0,1024,2800,False
99300056,0,0,1024,2800,False
99900006,0,0,1024,2800,False
99900056,0,0,1024,2800,False
100000006,0,0,1024,2800,False
100000045,0,13109,1024,2800,True
100000084,0,125705,1024,2800,True
100100039,0,36966,1024,2800,True
100100082,0,0,1024,2800,False
100400021,0,0,1024,2800,False
100400062,0,0,1024,2800,False
100500013,0,56141,1024,2800,True
100500051,0,0,1024,2800,False
100700029,0,0,1024,2800,False
100700075,0,0,1024,2800,False
101100029,0,0,1024,2800,False
101100068,0,0,1024,2800,False
101500015,0,0,1024,2800,False
101500056,0,0,1024,2800,False
101600011,0,0,1024,2800,False
101600069,0,0,1024,2800,False
101700031,0,0,1024,2800,False
101700078,0,0,1024,2800,False
101900014,11142,0,1024,2800,True
101900069,0,0,1024,2800,False
102100028,0,0,1024,2800,False
103000037,0,0,1024,2800,False
103200017,0,0,1024,2800,False
103200056,26567,0,1024,2800,True
103300020,0,0,1024,2800,False
103400043,0,0,1024,2800,False
103500000,28804,0,1024,2800,True
103500063,0,0,1024,2800,False
103700038,37546,21664,1024,2800,True
103900021,0,0,1024,2800,False
103900066,0,0,1024,2800,False
104600036,25971,0,1024,2800,True
104600082,0,0,1024,2800,False
104700048,0,0,1024,2747,False
104800011,0,0,1024,2800,False
104900021,0,0,1024,2800,False
104900060,0,0,1024,2800,False
105100016,0,0,1024,2800,False
105100055,0,0,1024,2800,False
105200034,0,0,1024,2800,False
105300000,0,0,1024,2800,False
105300048,0,0,1024,2800,False
105400066,0,0,1024,2800,False
105600014,0,0,1024,2800,False
105600052,13211,101612,1024,2800,True
105900007,0,0,1024,2800,False
105900045,0,0,1024,2800,False
106000035,0,0,1024,2800,False
106100020,0,0,1024,2800,False
106100063,0,0,1024,2800,False
106200029,0,0,1024,2800,False
106200078,0,0,1024,2800,False
106300030,0,0,1024,2800,False
106500015,0,0,1024,2800,False
106500060,10906,0,1024,2800,True
106600018,0,0,1024,2800,False
106600057,0,0,1024,2800,False
106700075,0,0,1024,2800,False
106900028,0,0,1024,2800,False
106900065,0,0,1024,2800,False
107900021,0,0,1024,2800,False
107900062,0,0,1024,2800,False
108400048,9917,0,1024,2800,True
108600007,0,0,1024,2800,False
108600061,0,0,1024,2800,False
108900037,0,0,1024,2800,False
108900074,0,53548,1024,2800,True
109200041,0,0,1024,2800,False
109300005,0,0,1024,2800,False
109300043,0,0,1024,2800,False
109600036,0,0,1024,2800,False
109600080,0,0,1024,2800,False
109700046,0,0,1024,2800,False
109800004,0,0,1024,2800,False
109800043,0,0,1024,2800,False
109800080,0,0,1024,2800,False
110100045,0,0,1024,2800,False
110200003,0,0,1024,2800,False
110400034,0,0,1024,2800,False
110400083,0,0,1024,2800,False
110700006,0,0,1024,2800,False
110700046,0,0,1024,2800,False
110900022,0,0,1024,2800,False
110900061,36340,0,1024,2800,True
111000034,0,0,1024,2800,False
111200013,0,0,1024,2800,False
111200064,0,0,1024,2800,False
111400026,0,0,1024,2800,False
111400077,0,0,1024,2800,False
111500051,0,0,1024,2800,False
111700058,34385,0,1024,2800,True
111900007,0,0,1024,2800,False
111900047,0,0,1024,2800,False
112000000,0,0,1024,2800,False
112000044,0,0,1024,2800,False
112500027,0,0,1024,2800,False
112500074,0,0,1024,2800,False
112600035,0,0,1024,2800,False
112800003,6365,0,1024,2800,True
112800041,0,0,1024,2800,False
112800078,0,0,1024,2800,False
113100035,0,86293,1024,2800,True
113300027,15391,0,1024,2800,True
113300065,0,0,1024,2800,False
113400037,0,0,1024,2800,False
113500014,0,0,1024,2800,False
113700001,0,0,1024,2800,False
113700046,0,0,1024,2800,False
113700084,0,14677,1024,2800,True
114600011,0,63756,1024,2800,True
114600049,0,0,1024,2800,False
114700038,0,0,1024,2800,False
114700077,0,0,1024,2800,False
114900049,0,0,1024,2800,False
115100051,0,0,1024,2800,False
115300017,0,0,1024,2800,False
115500043,0,0,1024,2800,False
115600017,0,0,1024,2800,False
115600060,0,0,1024,2800,False
116000017,0,26593,1024,2800,True
116100033,0,59294,1024,2800,True
116100071,5620,0,1024,2800,True
116400065,0,0,1024,2800,False
116900004,0,0,1024,2800,False
116900042,0,0,1024,2800,False
116900080,0,0,1024,2800,False
117700060,0,15540,1024,2800,True
117900025,0,18481,1024,2800,True
117900072,0,76038,1024,2800,True
118300020,0,0,1024,2800,False
118300058,0,0,1024,2800,False
118500012,0,34880,1024,2800,True
118600018,0,0,1024,2800,False
118600074,0,0,1024,2800,False
118800032,0,0,1024,2800,False
118800071,0,0,1024,2800,False
118900047,0,0,1024,2800,False
119100025,0,0,1024,2800,False
119100064,0,0,1024,2800,False
119300079,0,0,1024,2800,False
119400026,0,0,1024,2800,False
119400063,0,0,1024,2800,False
119700040,0,0,1024,2800,False
120000022,26953,0,1024,2800,True
120000059,0,0,1024,2800,False
120200014,0,70414,1024,2800,True
120200055,0,0,1024,2800,False
120300048,0,20020,1024,2800,True
121200000,0,0,1024,2800,False
121200052,0,0,1024,2800,False
121400013,0,0,1024,2800,False
121400073,0,0,1024,2800,False
121500028,0,0,1024,2800,False
121500067,0,0,1024,2800,False
121600066,0,0,1024,2800,False
121800029,0,0,1024,2800,False
121800066,0,0,1024,2800,False
121900056,0,0,1024,2800,False
122300028,0,0,1024,2800,False
122300071,0,0,1024,2800,False
122400039,0,0,1024,2800,False
122500004,0,0,1024,2800,False
122500044,0,66921,1024,2800,True
122600038,0,0,1024,2800,False
122600075,0,0,1024,2800,False
122700044,0,0,1024,2800,False
122900010,0,33113,1024,2800,True
122900063,0,0,1024,2800,False
123300004,0,0,1024,2800,False
123300047,0,0,1024,2800,False
123600004,0,0,1024,2800,False
123600078,0,0,1024,2800,False
123700030,0,0,1024,2800,False
123700068,0,27495,1024,2800,True
123800022,0,59333,1024,2800,True
123800060,0,0,1024,2800,False
124000018,0,0,1024,2800,False
124000078,23511,51389,1024,2800,True
124200028,0,0,1024,2800,False
124200081,0,0,1024,2800,False
124400034,12340,0,1024,2800,True
124400084,0,0,1024,2800,False
124500059,0,0,1024,2800,False
124600049,15138,0,1024,2800,True
124700027,0,0,1024,2800,False
124700065,0,0,1024,2800,False
124800018,0,0,1024,2800,False
124800057,0,0,1024,2800,False
125100017,0,0,1024,2800,False
125100059,0,0,1024,2800,False
125200031,0,26145,1024,2800,True
125400001,13297,0,1024,2800,True
125400042,0,0,1024,2800,False
125400080,0,0,1024,2800,False
125600032,0,0,1024,2800,False
125600076,0,0,1024,2800,False
125700036,0,47766,1024,2800,True
125700075,0,0,1024,2800,False
125800022,0,83838,1024,2800,True
125800076,0,86001,1024,2800,True
126500025,0,0,1024,2800,False
126600066,0,0,1024,2800,False
126800035,0,0,1024,2800,False
126800072,0,0,1024,2800,False
127000019,0,0,1024,2800,False
127000069,0,0,1024,2800,False
127200032,0,0,1024,2800,False
127300019,0,0,1024,2800,False
127300060,0,0,1024,2800,False
127600012,0,0,1024,2800,False
127600053,0,76736,1024,2800,True
127900068,11333,0,1024,2800,True
128200026,0,0,1024,2800,False
128200064,0,0,1024,2800,False
128300011,0,33958,1024,2800,True
128300058,0,0,1024,2800,False
128500013,0,0,1024,2800,False
128500052,0,0,1024,2800,False
128700065,0,0,1024,2800,False
128800022,6799,0,1024,2800,True
129100043,0,0,1024,2800,False
129300002,0,0,1024,2800,False
129300047,0,0,1024,2800,False
129400010,0,0,1024,2800,False
129400054,0,0,1024,2800,False
129500001,0,0,1024,2800,False
129500041,0,0,1024,2800,False
129700032,0,0,1024,2800,False
129700071,0,0,1024,2800,False
129800018,0,0,1024,2800,False
129800059,0,0,1024,2800,False
129900035,0,0,1024,2800,False
130200007,0,0,1024,2800,False
130300037,0,0,1024,2800,False
130400043,0,0,1024,2800,False
130500018,0,0,1024,2800,False
130500059,0,0,1024,2800,False
130700078,0,0,1024,2800,False
130800031,0,0,1024,2800,False
130800069,0,116350,1024,2800,True
131000042,0,0,1024,2800,False
131000083,0,0,1024,2800,False
131600019,0,0,1024,2800,False
131600060,0,0,1024,2800,False
131900033,0,0,1024,2800,False
132200070,0,0,1024,2800,False
132300018,0,0,1024,2800,False
132500031,0,0,1024,2800,False
132500076,0,0,1024,2800,False
133200028,0,0,1024,2800,False
133200066,0,0,1024,2800,False
133500037,0,0,1024,2800,False
133600044,0,0,1024,2800,False
133700003,0,0,1024,2800,False
133700041,8553,0,1024,2800,True
134000000,0,0,1024,2800,False
134000042,0,0,1024,2800,False
134200008,0,0,1024,2800,False
134200052,0,0,1024,2800,False
134400011,0,0,1024,2800,False
134600036,0,0,1024,2800,False
134600082,0,0,1024,2800,False
134700044,0,0,1024,2800,False
134900061,18106,0,1024,2800,True
135300080,0,0,1024,2800,False
135400082,0,0,1024,2800,False
135500034,0,0,1024,2800,False
135500071,0,0,1024,2800,False
135700035,0,0,1024,2800,False
135700073,0,0,1024,2800,False
135800061,0,0,1024,2800,False
135900068,0,69327,1024,2800,True
136200019,0,0,1024,2800,False
136200056,0,0,1024,2800,False
136500032,0,0,1024,2800,False
136500083,0,0,1024,2800,False
136700075,0,89165,1024,2800,True
137000066,0,0,1024,2800,False
137100013,0,0,1024,2800,False
137100059,0,38200,1024,2800,True
137400017,0,0,1024,2800,False
137400070,0,24412,1024,2800,True
137600017,0,0,1024,2800,False
137600072,0,0,1024,2800,False
137900039,0,0,1024,2800,False
138000006,0,0,1024,2800,False
138000047,0,0,1024,2800,False
138200000,0,0,1024,2800,False
138200042,0,0,1024,2800,False
138400003,0,0,1024,2800,False
138400042,0,0,1024,2800,False
138400082,0,0,1024,2800,False
138500046,0,0,1024,2800,False
138700007,0,0,1024,2800,False
138700044,0,0,1024,2800,False
138700082,0,0,1024,2800,False
138900032,0,0,1024,2800,False
138900071,0,0,1024,2800,False
139100044,0,0,1024,2800,False
139100082,0,0,1024,2800,False
139200034,0,0,1024,2800,False
140100083,0,0,1024,2800,False
140200032,0,0,1024,2800,False
140300000,0,0,1024,2800,False
140300061,0,0,1024,2800,False
140500026,0,0,1024,2800,False
140500068,0,102119,1024,2800,True
140700062,0,0,1024,2800,False
140800034,0,0,1024,2800,False
140800084,0,0,1024,2800,False
140900048,0,0,1024,2800,False
141000038,0,0,1024,2800,False
141100017,0,0,1024,2800,False
141100058,0,0,1024,2800,False
141200025,0,0,1024,2800,False
141200072,0,0,1024,2800,False
141400029,0,0,1024,2800,False
141400082,9453,0,1024,2800,True
141500032,0,0,1024,2800,False
142100062,0,0,1024,2800,False
142200032,0,41817,1024,2800,True
142200076,0,0,1024,2800,False
142500039,0,0,1024,2800,False
142800025,0,0,1024,2800,False
142800069,0,0,1024,2800,False
143400025,0,0,1024,2800,False
143400065,0,0,1024,2800,False
143600013,0,0,1024,2800,False
143600049,0,0,1024,2800,False
143900002,0,0,1024,2800,False
143900041,0,0,1024,2800,False
144000032,0,0,1024,2800,False
144000072,0,0,1024,2800,False
144100021,0,0,1024,2800,False
144100063,0,0,1024,2767,False
144200041,0,0,1024,2800,False
144400015,4376,0,1024,2800,True
144500036,0,0,1024,2800,False
144800047,0,0,1024,2800,False
144800084,0,0,1024,2800,False
144900037,0,0,1024,2800,False
145000022,0,0,1024,2800,False
145000061,0,0,1024,2800,False
145100012,0,0,1024,2800,False
145100052,0,0,1024,2800,False
145200017,0,0,1024,2800,False
145200055,0,0,1024,2800,False
145300023,0,0,1024,2800,False
146300007,0,42622,1024,2800,True
146300065,0,0,1024,2800,False
147200029,0,0,1024,2800,False
147200074,0,0,1024,2800,False
147600007,0,0,1024,2800,False
147900064,21629,0,1024,2800,True
148000050,0,0,1024,2800,False
148100014,0,0,1024,2800,False
148300033,0,0,1024,2800,False
148400005,0,0,1024,2800,False
148400071,0,0,1024,2800,False
148500018,26953,0,1024,2800,True
148500075,0,0,1024,2800,False
148600050,0,0,1024,2800,False
148800028,0,0,1024,2800,False
148800066,0,0,1024,2800,False
148900028,0,0,1024,2800,False
149000000,0,0,1024,2800,False
149000039,0,0,1024,2800,False
149200002,0,0,1024,2800,False
149200041,0,0,1024,2800,False
149200078,0,0,1024,2800,False
149400036,0,0,1024,2800,False
149400074,0,111720,1024,2800,True
149500032,0,43355,1024,2800,True
149500075,0,0,1024,2800,False
149600031,0,0,1024,2800,False
149600069,0,0,1024,2800,False
149700021,0,0,1024,2800,False
149800035,0,0,1024,2800,False
149900029,0,0,1024,2800,False
150000007,0,47391,1024,2800,True
150000045,0,0,1024,2800,False
150000084,9835,0,1024,2800,True
150100038,0,0,1024,2800,False
150200060,0,0,1024,2800,False
150400008,0,0,1024,2800,False
150400046,0,40896,1024,2800,True
150600006,0,0,1024,2800,False
150600057,0,0,1024,2800,False
150700016,0,0,1024,2800,False
150700064,0,0,1024,2800,False
150800021,0,0,1024,2800,False
150800063,0,0,1024,2800,False
150900018,0,0,1024,2800,False
150900062,0,0,1024,2800,False
151000012,0,0,1024,2800,False
151000055,0,0,1024,2800,False
151100012,2486,0,1024,2800,True
151800015,11596,0,1024,2800,True
151800056,0,0,1024,2800,False
151900003,0,0,1024,2800,False
151900045,0,0,1024,2800,False
152000003,0,144146,1024,2800,True
152000043,0,0,1024,2800,False
152100009,0,0,1024,2800,False
152100067,0,0,1024,2800,False
152300042,0,0,1024,2800,False
152300083,0,0,1024,2800,False
152400035,0,0,1024,2800,False
152600043,0,0,1024,2800,False
152700001,0,0,1024,2800,False
152700040,0,0,1024,2800,False
152700084,0,0,1024,2800,False
152800051,0,0,1024,2800,False
152900017,0,0,1024,2800,False
152900065,0,0,1024,2800,False
153000022,0,0,1024,2800,False
153000068,0,0,1024,2800,False
153100015,0,0,1024,2800,False
153100062,0,0,1024,2800,False
153200034,0,0,1024,2800,False
153200074,0,0,1024,2800,False
153300039,0,0,1024,2800,False
153300080,0,0,1024,2800,False
153500035,0,36566,1024,2800,True
153500084,0,0,1024,2800,False
153600044,0,0,1024,2800,False
153600084,0,0,1024,2800,False
153700061,0,0,1024,2800,False
153800008,0,0,1024,2800,False
153800045,0,0,1024,2800,False
154000010,0,0,1024,2800,False
154000054,0,0,1024,2800,False
154500058,0,0,1024,2800,False
154700024,0,0,1024,2800,False
154700078,0,0,1024,2800,False
155000037,0,0,1024,2800,False
155000075,0,0,1024,2742,False
155100030,0,0,1024,2800,False
155100069,0,0,1024,2800,False
155200054,0,0,1024,2800,False
155300080,41394,0,1024,2800,True
156300003,0,0,1024,2800,False
156300041,0,0,1024,2800,False
156300079,0,0,1024,2800,False
156400071,0,0,1024,2800,False
156600002,0,0,1024,2800,False
156600065,0,0,1024,2800,False
156700016,0,0,1024,2800,False
156700065,0,0,1024,2800,False
157200041,0,0,1024,2800,False
157400002,0,0,1024,2800,False
157500022,0,0,1024,2800,False
157500061,0,0,1024,2800,False
157600023,0,0,1024,2800,False
157600069,0,0,1024,2800,False
157700019,0,0,1024,2800,False
158000036,0,0,1024,2800,False
158000074,0,0,1024,2800,False
158100021,0,0,1024,2800,False
158100073,0,27958,1024,2800,True
158300035,0,0,1024,2800,False
158300073,0,0,1024,2800,False
158500037,0,0,1024,2800,False
158500080,0,37504,1024,2800,True
158600027,0,0,1024,2800,False
158600065,0,64481,1024,2800,True
158700068,0,0,1024,2800,False
158800075,0,0,1024,2800,False
158900036,0,0,1024,2800,False
159000028,0,0,1024,2800,False
159300050,0,44050,1024,2800,True
160000005,0,0,1024,2800,False
160000054,0,0,1024,2800,False
160200027,0,0,1024,2800,False
160200068,0,0,1024,2800,False
160300028,0,85112,1024,2800,True
160300066,0,37030,1024,2800,True
160400027,0,0,1024,2800,False
160600043,38478,0,1024,2800,True
160600082,0,0,1024,2800,False
160800040,0,0,1024,2800,False
160800080,0,0,1024,2800,False
160900066,0,0,1024,2800,False
161200031,0,0,1024,2800,False
161200069,0,0,1024,2800,False
161300027,0,0,1024,2800,False
161300066,0,0,1024,2800,False
161500013,0,26815,1024,2800,True
161500052,0,0,1024,2800,False
161600010,0,0,1024,2800,False
161600065,0,0,1024,2800,False
161700012,0,0,1024,2800,False
161700049,0,0,1024,2800,False
161800005,0,0,1024,2800,False
161800054,4259,0,1024,2800,True
161900001,0,19320,1024,2800,True
161900049,0,0,1024,2800,False
162100006,0,0,1024,2800,False
162100047,0,0,1024,2800,False
162300072,0,75889,1024,2800,True
162500004,0,0,1024,2800,False
162500049,0,0,1024,2800,False
162600028,0,0,1024,2800,False
162600073,0,0,1024,2800,False
162700035,0,0,1024,2800,False
162700083,0,0,1024,2800,False
162800037,0,0,1024,2800,False
162800078,0,0,1024,2800,False
162900035,0,0,1024,2800,False
162900073,0,0,1024,2800,False
163000077,0,0,1024,2800,False
163100056,0,0,1024,2800,False
163200039,0,0,1024,2800,False
163300036,0,0,1024,2800,False
163300078,0,0,1024,2800,False
163700055,0,0,1024,2800,False
163800026,0,0,1024,2800,False
163800068,0,0,1024,2800,False
163900059,0,0,1024,2800,False
164000015,0,0,1024,2800,False
164000059,0,0,1024,2800,False
164300013,0,0,1024,2800,False
164500005,0,0,1024,2800,False
164500043,0,26131,1024,2800,True
164600016,0,0,1024,2800,False
164600060,0,0,1024,2800,False
165200026,0,0,1024,2800,False
165200070,0,0,1024,2800,False
165300027,0,0,1024,2800,False
165300067,10786,0,1024,2800,True
165400030,0,0,1024,2800,False
165400070,0,0,1024,2800,False
165500020,0,0,1024,2800,False
165500065,0,0,1024,2800,False
165600037,45954,0,1024,2800,True
165600074,0,0,1024,2800,False
165700034,0,0,1024,2800,False
165700082,0,0,1024,2800,False
165800058,0,0,1024,2800,False
165900012,0,0,1024,2800,False
165900054,0,0,1024,2800,False
166100032,0,0,1024,2800,False
166100076,0,0,1024,2800,False
166300034,0,0,1024,2800,False
166300074,0,81227,1024,2800,True
166400030,0,56977,1024,2800,True
166400074,0,0,1024,2800,False
166600029,0,0,1024,2800,False
166600070,0,0,1024,2800,False
166700036,0,0,1024,2800,False
166800058,0,0,1024,2800,False
166900016,0,0,1024,2800,False
166900079,3541,0,1024,2800,True
167000065,0,0,1024,2800,False
167100018,0,0,1024,2800,False
167100057,0,0,1024,2800,False
167200020,0,0,1024,2800,False
167200067,0,0,1024,2800,False
167300016,14837,0,1024,2800,True
167300062,0,0,1024,2800,False
167600015,0,0,1024,2800,False
167600068,8321,0,1024,2800,True
167700039,0,0,1024,2800,False
167700084,0,0,1024,2800,False
167900036,0,0,1024,2800,False
168000043,0,0,1024,2800,False
168100001,0,0,1024,2800,False
168100042,0,0,1024,2800,False
168200005,0,0,1024,2800,False
168200054,0,0,1024,2800,False
168300019,0,0,1024,2800,False
168300059,0,0,1024,2800,False
168400015,10562,0,1024,2800,True
168400054,0,0,1024,2800,False
168900082,0,0,1024,2800,False
169300040,0,0,1024,2800,False
169300078,0,0,1024,2800,False
169500080,0,0,1024,2800,False
169600073,0,0,1024,2800,False
169800020,0,0,1024,2800,False
169800059,0,0,1024,2800,False
170400021,0,0,1024,2800,False
170400058,0,0,1024,2800,False
170700005,0,0,1024,2800,False
170700046,0,0,1024,2800,False
170800007,0,0,1024,2800,False
170800050,0,0,1024,2800,False
170900002,0,0,1024,2800,False
170900042,0,0,1024,2800,False
171000003,0,0,1024,2800,False
171000056,0,0,1024,2800,False
171100003,0,0,1024,2800,False
171100041,0,0,1024,2800,False
171100079,0,0,1024,2800,False
171200039,0,0,1024,2800,False
171200083,0,0,1024,2800,False
171300035,0,0,1024,2800,False
171400017,0,0,1024,2800,False
171500002,0,0,1024,2800,False
171500042,0,0,1024,2800,False
171500082,0,0,1024,2800,False
171600044,0,0,1024,2800,False
171600081,0,0,1024,2800,False
171700042,0,0,1024,2800,False
171800065,0,0,1024,2800,False
171900027,0,0,1024,2800,False
171900082,0,0,1024,2800,False
172100040,0,0,1024,2800,False
172200011,0,0,1024,2800,False
172200052,0,0,1024,2800,False
172300003,0,0,1024,2800,False
172300041,0,0,1024,2800,False
172300079,0,0,1024,2800,False
172400038,0,0,1024,2800,False
172400079,0,0,1024,2800,False
175200034,0,0,1024,2800,False
175200073,0,0,1024,2800,False
175300039,0,111298,1024,2800,True
175300077,0,0,1024,2800,False
175400044,0,0,1024,2800,False
175500003,0,0,1024,2800,False
175500051,0,0,1024,2800,False
175600022,0,0,1024,2800,False
175900009,0,0,1024,2800,False
175900050,0,0,1024,2800,False
176000008,0,0,1024,2800,False
176000047,0,0,1024,2800,False
99100005,0,0,1024,2800,False
99100042,0,0,1024,2800,False
99100083,0,0,1024,2800,False
99300057,0,0,1024,2800,False
99900007,0,0,1024,2800,False
99900057,0,0,1024,2800,False
100000007,0,0,1024,2800,False
100000046,0,0,1024,2800,False
100100000,0,0,1024,2800,False
100100040,0,0,1024,2800,False
100100083,0,14179,1024,2800,True
100400022,0,0,1024,2800,False
100400063,0,0,1024,2800,False
100500014,0,0,1024,2800,False
100500052,0,0,1024,2800,False
100700030,0,0,1024,2800,False
100700076,0,0,1024,2800,False
101100030,0,0,1024,2800,False
101100069,0,0,1024,2800,False
101500016,0,3,1024,2800,True
101500057,0,0,1024,2800,False
101600012,0,0,1024,2800,False
101600070,0,0,1024,2800,False
101700032,0,0,1024,2800,False
101700079,0,0,1024,2800,False
101900015,0,0,1024,2800,False
101900070,0,0,1024,2800,False
102100029,0,0,1024,2800,False
103000038,0,0,1024,2800,False
103200018,0,0,1024,2800,False
103200057,3731,0,1024,2800,True
103300021,0,54228,1024,2800,True
103400044,0,0,1024,2800,False
103500001,32943,0,1024,2800,True
103500064,0,0,1024,2800,False
103700039,9890,92451,1024,2800,True
103900022,0,0,1024,2800,False
103900067,0,2,1024,2800,True
104600039,34708,0,1024,2800,True
104600083,0,0,1024,2800,False
104700049,0,0,1024,2708,False
104800012,0,0,1024,2800,False
104900022,0,0,1024,2800,False
104900061,0,0,1024,2800,False
105100017,0,0,1024,2800,False
105100065,0,0,1024,2800,False
105200035,0,0,1024,2800,False
105300001,0,57483,1024,2800,True
105300049,0,0,1024,2800,False
105400067,28829,0,1024,2800,True
105600015,0,0,1024,2800,False
105600053,5753,0,1024,2800,True
105900008,0,0,1024,2800,False
105900046,0,0,1024,2800,False
106000036,0,0,1024,2800,False
106100021,23391,26534,1024,2800,True
106100064,0,0,1024,2800,False
106200030,0,0,1024,2800,False
106200079,0,0,1024,2800,False
106300031,0,0,1024,2800,False
106500016,0,0,1024,2800,False
106500061,12635,0,1024,2800,True
106600019,0,0,1024,2800,False
106600058,0,0,1024,2800,False
106700076,0,0,1024,2800,False
106900029,0,0,1024,2800,False
106900066,0,0,1024,2800,False
107900022,0,0,1024,2800,False
107900063,0,0,1024,2800,False
108400049,16115,0,1024,2800,True
108600008,0,0,1024,2800,False
108600062,0,0,1024,2800,False
108900038,0,0,1024,2800,False
108900075,0,0,1024,2800,False
109200042,0,0,1024,2800,False
109300006,0,0,1024,2800,False
109300044,0,0,1024,2800,False
109600037,0,0,1024,2800,False
109600081,0,0,1024,2800,False
109700047,0,0,1024,2800,False
109800005,0,0,1024,2800,False
109800044,0,0,1024,2800,False
109800081,0,0,1024,2800,False
110100046,0,0,1024,2800,False
110200004,0,0,1024,2800,False
110400035,0,0,1024,2800,False
110400084,0,0,1024,2800,False
110700007,0,0,1024,2800,False
110700047,0,0,1024,2800,False
110900023,0,0,1024,2800,False
110900062,35571,0,1024,2800,True
111000035,0,0,1024,2800,False
111200014,12044,0,1024,2800,True
111200074,0,0,1024,2800,False
111400027,0,0,1024,2800,False
111400078,0,0,1024,2800,False
111500052,0,25485,1024,2800,True
111700059,24851,0,1024,2800,True
111900008,0,53046,1024,2800,True
111900048,0,0,1024,2800,False
112000001,0,48593,1024,2800,True
112000045,0,0,1024,2800,False
112500028,0,0,1024,2800,False
112500075,0,0,1024,2800,False
112600036,37993,0,1024,2800,True
112800004,0,0,1024,2800,False
112800042,0,0,1024,2800,False
112800079,0,0,1024,2800,False
113100036,0,0,1024,2800,False
113300028,5578,0,1024,2800,True
113300066,0,0,1024,2800,False
113400038,0,0,1024,2800,False
113500015,0,0,1024,2800,False
113700002,0,0,1024,2800,False
113700047,8103,0,1024,2800,True
114500000,37163,0,1024,2800,True
114600012,0,149995,1024,2800,True
114600050,0,0,1024,2800,False
114700039,0,0,1024,2800,False
114700078,0,0,1024,2800,False
114900050,0,0,1024,2800,False
115100052,0,0,1024,2800,False
115300018,0,0,1024,2800,False
115500044,4065,84882,1024,2800,True
115600019,12813,22348,1024,2800,True
115600061,0,16588,1024,2800,True
116000018,0,0,1024,2800,False
116100034,0,0,1024,2800,False
116400000,7758,0,1024,2800,True
116400066,0,0,1024,2800,False
116900005,0,0,1024,2800,False
116900043,0,0,1024,2800,False
116900081,0,0,1024,2800,False
117700061,0,20549,1024,2800,True
117900026,0,0,1024,2800,False
117900073,0,0,1024,2800,False
118300021,0,0,1024,2800,False
118300066,0,0,1024,2800,False
118500013,0,0,1024,2800,False
118600019,0,0,1024,2800,False
118600075,0,0,1024,2800,False
118800033,0,0,1024,2800,False
118800072,0,0,1024,2800,False
118900048,0,0,1024,2800,False
119100026,0,0,1024,2800,False
119100065,0,0,1024,2800,False
119300080,0,0,1024,2800,False
119400027,0,0,1024,2800,False
119400064,0,0,1024,2800,False
119700041,0,0,1024,2800,False
120000023,19117,0,1024,2800,True
120000060,0,0,1024,2800,False
120200015,0,0,1024,2800,False
120200056,0,0,1024,2800,False
120300049,0,0,1024,2800,False
121200001,0,0,1024,2800,False
121200053,0,0,1024,2800,False
121400014,0,0,1024,2800,False
121400074,0,111626,1024,2800,True
121500029,0,0,1024,2800,False
121500068,0,11452,1024,2800,True
121600067,0,0,1024,2800,False
121800030,0,40169,1024,2800,True
121800067,0,0,1024,2800,False
121900057,0,0,1024,2800,False
122300029,0,0,1024,2800,False
122300072,0,0,1024,2800,False
122400040,0,0,1024,2800,False
122500005,0,0,1024,2800,False
122500045,0,0,1024,2800,False
122600039,0,0,1024,2800,False
122600076,0,0,1024,2800,False
122700045,0,0,1024,2800,False
122900011,0,0,1024,2800,False
122900064,0,0,1024,2800,False
123300005,0,34609,1024,2800,True
123300048,0,0,1024,2800,False
123600021,9971,0,1024,2800,True
123600079,0,0,1024,2800,False
123700031,0,0,1024,2800,False
123700069,0,0,1024,2800,False
123800023,0,0,1024,2800,False
123800061,0,0,1024,2800,False
124000019,0,0,1024,2800,False
124000079,0,0,1024,2800,False
124200029,0,0,1024,2800,False
124200082,0,0,1024,2800,False
124400035,2,14132,1024,2800,True
124500028,0,0,1024,2800,False
124600000,0,0,1024,2800,False
124600050,0,0,1024,2800,False
124700028,0,0,1024,2800,False
124700066,0,0,1024,2800,False
124800019,0,0,1024,2800,False
124800058,0,41702,1024,2800,True
125100018,0,0,1024,2800,False
125100060,0,0,1024,2800,False
125200032,0,0,1024,2800,False
125400002,0,0,1024,2800,False
125400043,0,0,1024,2800,False
125400081,0,0,1024,2800,False
125600033,0,0,1024,2800,False
125600077,0,0,1024,2800,False
125700037,0,130534,1024,2800,True
125700076,0,0,1024,2800,False
125800023,0,0,1024,2800,False
125800077,0,0,1024,2800,False
126500026,3991,0,1024,2800,True
126600067,0,0,1024,2800,False
126800036,0,0,1024,2800,False
126800073,0,0,1024,2800,False
127000020,0,0,1024,2800,False
127000070,0,0,1024,2800,False
127200073,0,0,1024,2800,False
127300020,0,0,1024,2800,False
127300061,0,0,1024,2800,False
127600013,0,0,1024,2800,False
127600054,0,0,1024,2800,False
127900069,0,0,1024,2800,False
128200027,0,71992,1024,2800,True
128200065,0,0,1024,2800,False
128300012,0,0,1024,2800,False
128300059,0,0,1024,2800,False
128500014,0,0,1024,2800,False
128500053,0,69861,1024,2800,True
128700066,0,0,1024,2800,False
128900084,0,0,1024,2800,False
129100056,8280,0,1024,2800,True
129300003,0,0,1024,2800,False
129300048,24208,0,1024,2800,True
129400011,0,0,1024,2800,False
129400055,0,0,1024,2800,False
129500002,0,0,1024,2800,False
129500042,0,21781,1024,2800,True
129700033,0,0,1024,2800,False
129700072,0,0,1024,2800,False
129800019,0,40411,1024,2800,True
129800060,0,32344,1024,2800,True
129900036,0,0,1024,2800,False
130200008,0,0,1024,2800,False
130300038,14724,0,1024,2800,True
130400044,0,0,1024,2800,False
130500019,0,0,1024,2800,False
130500060,8872,0,1024,2800,True
130700079,0,0,1024,2800,False
130800032,0,0,1024,2800,False
130800070,0,0,1024,2800,False
131000043,0,0,1024,2800,False
131000084,0,0,1024,2800,False
131600020,0,0,1024,2800,False
131600061,0,0,1024,2800,False
131900034,0,0,1024,2800,False
132200071,0,42769,1024,2800,True
132300019,0,0,1024,2800,False
132500032,0,0,1024,2800,False
132500077,0,0,1024,2800,False
133200029,0,0,1024,2800,False
133200067,0,0,1024,2800,False
133500038,0,0,1024,2800,False
133600046,0,0,1024,2800,False
133700004,0,0,1024,2800,False
133700042,0,0,1024,2800,False
134000001,0,0,1024,2800,False
134000043,0,91612,1024,2800,True
134200009,0,0,1024,2800,False
134200053,0,0,1024,2800,False
134400012,0,0,1024,2800,False
134600037,3161,0,1024,2800,True
134600083,0,0,1024,2800,False
134700045,0,0,1024,2800,False
134900062,35973,0,1024,2800,True
135300081,0,32665,1024,2800,True
135400083,0,0,1024,2800,False
135500035,0,0,1024,2800,False
135500072,0,0,1024,2800,False
135700036,0,0,1024,2800,False
135700074,0,0,1024,2800,False
135800062,0,0,1024,2800,False
135900069,0,0,1024,2800,False
136200020,0,0,1024,2800,False
136200057,0,0,1024,2800,False
136500033,0,0,1024,2800,False
136500084,0,0,1024,2800,False
136700076,11176,0,1024,2800,True
137000067,0,0,1024,2800,False
137100014,0,0,1024,2800,False
137100060,0,0,1024,2800,False
137400018,0,16416,1024,2800,True
137400071,0,0,1024,2800,False
137600018,0,43276,1024,2800,True
137600073,0,0,1024,2800,False
137900040,0,0,1024,2800,False
138000007,0,0,1024,2800,False
138000048,0,0,1024,2800,False
138200001,0,0,1024,2800,False
138200043,0,0,1024,2800,False
138400004,0,0,1024,2800,False
138400043,23492,0,1024,2800,True
138400083,0,0,1024,2800,False
138500047,0,0,1024,2800,False
138700008,0,0,1024,2800,False
138700045,0,0,1024,2800,False
138700083,0,0,1024,2800,False
138900033,0,0,1024,2800,False
138900084,8521,0,1024,2800,True
139100045,0,0,1024,2800,False
139100083,0,0,1024,2800,False
139200035,0,0,1024,2800,False
140100084,0,0,1024,2800,False
140200033,0,0,1024,2800,False
140300001,0,0,1024,2800,False
140300062,0,0,1024,2800,False
140500027,14207,0,1024,2800,True
140700003,16694,0,1024,2800,True
140700063,0,0,1024,2800,False
140800035,0,0,1024,2800,False
140900000,0,0,1024,2800,False
140900049,0,20614,1024,2800,True
141000039,0,0,1024,2800,False
141100018,0,0,1024,2800,False
141100059,0,0,1024,2800,False
141200026,0,0,1024,2800,False
141200073,31621,0,1024,2800,True
141400030,0,0,1024,2800,False
141400083,34905,0,1024,2800,True
141500033,7387,0,1024,2800,True
142100063,0,0,1024,2800,False
142200033,0,0,1024,2800,False
142200077,0,0,1024,2800,False
142500040,0,0,1024,2800,False
142800026,0,0,1024,2800,False
142800070,0,0,1024,2800,False
143400026,0,0,1024,2800,False
143400066,0,0,1024,2800,False
143600014,0,0,1024,2800,False
143600050,0,0,1024,2800,False
143900003,0,0,1024,2800,False
143900042,0,0,1024,2800,False
144000033,0,0,1024,2800,False
144000073,0,0,1024,2800,False
144100022,0,0,1024,2800,False
144100064,0,0,1024,2754,False
144200042,0,0,1024,2800,False
144400016,0,105276,1024,2800,True
144500037,0,0,1024,2800,False
144800048,17291,0,1024,2800,True
144900000,0,0,1024,2800,False
144900038,0,0,1024,2800,False
145000023,0,0,1024,2800,False
145000062,0,0,1024,2800,False
145100013,0,0,1024,2800,False
145100053,0,0,1024,2800,False
145200018,0,0,1024,2800,False
145200056,0,24731,1024,2800,True
145300024,0,0,1024,2800,False
146300008,0,0,1024,2800,False
146300066,0,0,1024,2800,False
147200030,0,0,1024,2800,False
147200075,0,0,1024,2800,False
147600008,0,0,1024,2800,False
147900065,36074,0,1024,2800,True
148000051,0,0,1024,2800,False
148100015,0,0,1024,2800,False
148300034,0,0,1024,2800,False
148400006,0,0,1024,2800,False
148400072,0,0,1024,2800,False
148500019,23422,0,1024,2800,True
148500076,0,0,1024,2800,False
148600051,0,0,1024,2800,False
148800029,10258,0,1024,2800,True
148800067,0,0,1024,2800,False
148900029,0,0,1024,2800,False
149000001,0,0,1024,2800,False
149000040,27394,0,1024,2800,True
149200003,0,0,1024,2800,False
149200042,0,0,1024,2800,False
149200079,0,0,1024,2800,False
149400037,0,0,1024,2800,False
149400075,0,0,1024,2800,False
149500033,0,0,1024,2800,False
149500076,0,0,1024,2800,False
149600032,0,0,1024,2800,False
149600070,0,0,1024,2800,False
149700022,0,0,1024,2800,False
149800036,0,199068,1024,2800,True
149900030,0,0,1024,2800,False
150000008,0,0,1024,2800,False
150000046,0,0,1024,2800,False
150100000,0,0,1024,2800,False
150100039,0,0,1024,2800,False
150200061,0,0,1024,2800,False
150400009,0,127365,1024,2800,True
150400047,0,0,1024,2800,False
150600007,0,0,1024,2800,False
150600058,0,0,1024,2800,False
150700017,0,0,1024,2800,False
150700065,0,0,1024,2800,False
150800022,0,0,1024,2800,False
150800064,0,0,1024,2800,False
150900019,0,0,1024,2800,False
150900063,0,0,1024,2800,False
151000013,0,108670,1024,2800,True
151000056,0,0,1024,2800,False
151100013,0,0,1024,2800,False
151800016,0,0,1024,2800,False
151800057,0,0,1024,2800,False
151900004,0,0,1024,2800,False
151900046,0,0,1024,2800,False
152000004,0,59894,1024,2800,True
152000044,0,0,1024,2800,False
152100010,0,0,1024,2800,False
152300000,0,0,1024,2800,False
152300043,0,0,1024,2800,False
152300084,0,0,1024,2800,False
152400065,0,0,1024,2800,False
152600044,0,0,1024,2800,False
152700002,0,0,1024,2782,False
152700041,0,0,1024,2800,False
152800000,0,0,1024,2800,False
152800052,0,0,1024,2800,False
152900018,0,0,1024,2800,False
152900066,0,0,1024,2800,False
153000023,0,0,1024,2800,False
153000069,0,0,1024,2800,False
153100016,0,0,1024,2800,False
153100063,20079,0,1024,2800,True
153200035,0,0,1024,2800,False
153200075,0,0,1024,2800,False
153300040,0,0,1024,2800,False
153300081,0,0,1024,2800,False
153500036,0,0,1024,2800,False
153600001,7963,0,1024,2800,True
153600045,0,0,1024,2800,False
153700008,0,0,1024,2800,False
153700062,0,0,1024,2800,False
153800009,0,0,1024,2800,False
153800046,0,0,1024,2800,False
154000011,0,112646,1024,2800,True
154000055,0,0,1024,2800,False
154500059,0,0,1024,2800,False
154700025,0,28061,1024,2800,True
154700079,0,0,1024,2800,False
155000038,0,0,1024,2800,False
155000076,0,0,1024,2724,False
155100031,0,0,1024,2800,False
155100070,0,0,1024,2800,False
155200055,0,0,1024,2800,False
155300082,37291,0,1024,2800,True
156300004,0,0,1024,2800,False
156300042,0,0,1024,2800,False
156300080,0,0,1024,2800,False
156400072,0,0,1024,2800,False
156600003,0,0,1024,2800,False
156600066,0,0,1024,2800,False
156700017,0,0,1024,2800,False
156700066,0,0,1024,2800,False
157200042,0,0,1024,2800,False
157400003,0,0,1024,2800,False
157500023,0,0,1024,2800,False
157500062,0,0,1024,2800,False
157600024,0,0,1024,2800,False
157600070,0,0,1024,2800,False
157800082,9923,0,1024,2800,True
158000037,0,0,1024,2800,False
158000075,0,32415,1024,2800,True
158100022,0,0,1024,2800,False
158100074,0,0,1024,2800,False
158300036,0,0,1024,2800,False
158300074,0,0,1024,2800,False
158500038,0,0,1024,2800,False
158500081,0,0,1024,2800,False
158600028,0,0,1024,2800,False
158600066,0,0,1024,2800,False
158700069,0,0,1024,2800,False
158800076,0,0,1024,2800,False
158900037,0,0,1024,2800,False
159000029,0,0,1024,2800,False
159300051,0,0,1024,2800,False
160000006,0,0,1024,2800,False
160000055,0,0,1024,2800,False
160200028,0,0,1024,2800,False
160200069,0,0,1024,2800,False
160300029,0,0,1024,2800,False
160300067,0,0,1024,2800,False
160400028,0,0,1024,2800,False
160600044,48140,0,1024,2800,True
160600083,0,0,1024,2800,False
160800041,0,0,1024,2800,False
160800081,0,0,1024,2800,False
160900067,0,0,1024,2800,False
161200032,0,0,1024,2800,False
161200070,0,93928,1024,2800,True
161300028,0,0,1024,2800,False
161300067,0,0,1024,2800,False
161500014,0,0,1024,2800,False
161500053,0,0,1024,2800,False
161600011,0,0,1024,2800,False
161600066,0,0,1024,2800,False
161700013,0,0,1024,2800,False
161700050,0,0,1024,2800,False
161800015,21164,0,1024,2800,True
161800055,0,0,1024,2800,False
161900002,0,0,1024,2800,False
161900050,0,0,1024,2800,False
162100007,0,0,1024,2800,False
162100048,0,0,1024,2800,False
162300073,0,0,1024,2800,False
162500005,0,0,1024,2800,False
162500050,0,0,1024,2800,False
162600029,0,0,1024,2800,False
162600074,0,0,1024,2800,False
162700036,0,0,1024,2800,False
162700084,0,0,1024,2800,False
162800038,0,0,1024,2800,False
162800079,0,0,1024,2800,False
162900036,0,0,1024,2800,False
162900074,0,0,1024,2800,False
163000078,0,0,1024,2800,False
163100057,0,0,1024,2800,False
163200040,0,0,1024,2800,False
163300037,0,0,1024,2800,False
163300079,0,0,1024,2800,False
163700056,0,0,1024,2800,False
163800027,0,54934,1024,2800,True
163800069,0,0,1024,2800,False
163900060,0,0,1024,2800,False
164000016,0,0,1024,2800,False
164000060,0,0,1024,2800,False
164300014,0,0,1024,2800,False
164500006,0,0,1024,2800,False
164500044,0,0,1024,2800,False
164600017,0,0,1024,2800,False
164600061,0,0,1024,2800,False
165200027,0,0,1024,2800,False
165200071,0,0,1024,2800,False
165300028,0,0,1024,2800,False
165300068,4277,0,1024,2800,True
165400031,0,0,1024,2800,False
165400071,0,0,1024,2800,False
165500021,0,0,1024,2800,False
165500066,0,0,1024,2800,False
165600038,18639,0,1024,2800,True
165600075,0,0,1024,2800,False
165700035,0,0,1024,2800,False
165700083,0,0,1024,2800,False
165800059,0,0,1024,2800,False
165900013,0,0,1024,2800,False
165900055,0,0,1024,2800,False
166100033,0,0,1024,2800,False
166100077,0,0,1024,2800,False
166300035,0,0,1024,2800,False
166300075,0,0,1024,2800,False
166400031,0,0,1024,2800,False
166400075,0,0,1024,2800,False
166600030,0,0,1024,2800,False
166600071,0,0,1024,2800,False
166700037,0,0,1024,2800,False
166800059,0,0,1024,2800,False
166900017,0,0,1024,2800,False
166900082,0,0,1024,2800,False
167000066,0,0,1024,2800,False
167100019,0,0,1024,2800,False
167100058,0,0,1024,2800,False
167200021,0,0,1024,2800,False
167200068,0,0,1024,2800,False
167300017,25740,0,1024,2800,True
167300063,0,0,1024,2800,False
167600016,0,0,1024,2800,False
167600069,0,0,1024,2800,False
167700040,0,0,1024,2800,False
167800000,0,0,1024,2800,False
167900037,0,0,1024,2800,False
168000044,0,0,1024,2800,False
168100002,0,0,1024,2800,False
168100043,0,0,1024,2800,False
168200006,5157,0,1024,2800,True
168200055,0,0,1024,2800,False
168300020,0,52344,1024,2800,True
168300060,0,0,1024,2800,False
168400016,0,0,1024,2800,False
168400055,0,0,1024,2800,False
168900083,0,0,1024,2800,False
169300041,0,0,1024,2800,False
169300079,0,0,1024,2800,False
169500081,0,0,1024,2800,False
169600074,0,0,1024,2800,False
169800021,0,0,1024,2800,False
169800060,0,0,1024,2800,False
170400022,0,0,1024,2800,False
170400059,0,0,1024,2800,False
170700006,0,0,1024,2800,False
170700047,0,0,1024,2800,False
170800008,0,0,1024,2800,False
170800051,0,0,1024,2800,False
170900003,0,32264,1024,2800,True
170900043,0,95668,1024,2800,True
171000004,0,0,1024,2800,False
171000057,0,0,1024,2800,False
171100004,0,0,1024,2800,False
171100042,0,0,1024,2800,False
171100080,0,0,1024,2800,False
171200040,0,0,1024,2800,False
171200084,0,0,1024,2800,False
171300055,7035,0,1024,2800,True
171400018,0,0,1024,2800,False
171500003,0,40179,1024,2800,True
171500043,0,0,1024,2800,False
171500083,0,0,1024,2800,False
171600045,0,0,1024,2800,False
171600082,0,0,1024,2800,False
171700043,0,0,1024,2800,False
171800066,0,54972,1024,2800,True
171900028,0,0,1024,2800,False
171900083,0,0,1024,2800,False
172100041,0,0,1024,2800,False
172200012,0,0,1024,2800,False
172200053,0,0,1024,2800,False
172300004,0,0,1024,2800,False
172300042,0,0,1024,2800,False
172400000,0,0,1024,2800,False
172400039,0,0,1024,2800,False
172400080,0,0,1024,2800,False
175200035,0,0,1024,2800,False
175200074,0,0,1024,2800,False
175300040,0,0,1024,2800,False
175300078,0,0,1024,2800,False
175400045,0,0,1024,2800,False
175500004,0,0,1024,2800,False
175500052,0,0,1024,2800,False
175600023,0,0,1024,2800,False
175900010,0,0,1024,2798,False
175900051,0,0,1024,2800,False
176000009,0,0,1024,2800,False
176000048,0,0,1024,2800,False
99100006,0,0,1024,2800,False
99100043,0,0,1024,2800,False
99100084,0,42472,1024,2800,True
99300058,0,0,1024,2800,False
99900008,0,0,1024,2800,False
99900058,0,0,1024,2800,False
100000008,0,0,1024,2800,False
100000047,0,0,1024,2800,False
100100001,0,0,1024,2800,False
100100041,0,0,1024,2800,False
100100084,0,0,1024,2800,False
100400023,0,0,1024,2800,False
100400064,0,0,1024,2800,False
100500015,0,0,1024,2800,False
100500053,14431,0,1024,2799,True
100700031,0,0,1024,2800,False
100700077,0,0,1024,2800,False
101100031,0,0,1024,2800,False
101100070,0,0,1024,2800,False
101500017,0,0,1024,2800,False
101500058,0,0,1024,2800,False
101600013,0,0,1024,2800,False
101600071,0,0,1024,2800,False
101700033,0,0,1024,2800,False
101700080,0,0,1024,2800,False
101900016,0,0,1024,2800,False
101900071,0,0,1024,2800,False
102100030,0,0,1024,2800,False
103000039,0,0,1024,2800,False
103200019,0,0,1024,2800,False
103200058,0,0,1024,2800,False
103300022,0,0,1024,2800,False
103400045,0,0,1024,2800,False
103500002,26503,0,1024,2800,True
103500065,0,0,1024,2800,False
103700040,0,0,1024,2800,False
103900023,0,0,1024,2800,False
103900068,0,0,1024,2800,False
104600040,18293,0,1024,2800,True
104600084,0,32,1024,2800,True
104700066,0,0,1024,2800,False
104800013,0,0,1024,2800,False
104900023,0,0,1024,2800,False
104900062,0,0,1024,2800,False
105100025,0,0,1024,2800,False
105100066,0,0,1024,2800,False
105200036,0,0,1024,2800,False
105300002,0,0,1024,2800,False
105300050,0,0,1024,2800,False
105400068,0,0,1024,2800,False
105600022,17384,0,1024,2800,True
105600060,10505,4,1024,2800,True
105900009,0,28378,1024,2800,True
105900047,0,0,1024,2800,False
106000037,0,0,1024,2800,False
106100022,0,0,1024,2800,False
106100065,0,0,1024,2800,False
106200031,0,0,1024,2800,False
106200080,0,85,1024,2800,True
106300032,0,0,1024,2800,False
106500017,0,1,1024,2800,True
106500062,0,0,1024,2800,False
106600020,0,77890,1024,2800,True
106600059,0,40612,1024,2800,True
106700077,0,0,1024,2800,False
106900030,0,0,1024,2800,False
106900067,0,64948,1024,2800,True
107900023,0,31,1024,2800,True
107900064,0,0,1024,2800,False
108400050,33738,0,1024,2800,True
108600009,0,45681,1024,2800,True
108600063,0,0,1024,2800,False
108900039,0,0,1024,2800,False
108900076,0,0,1024,2800,False
109200043,0,0,1024,2800,False
109300007,0,0,1024,2800,False
109300045,0,0,1024,2800,False
109600039,0,0,1024,2800,False
109600082,0,0,1024,2800,False
109700048,0,0,1024,2800,False
109800006,0,0,1024,2800,False
109800045,0,0,1024,2800,False
109800082,0,0,1024,2800,False
110100047,0,0,1024,2800,False
110200005,0,0,1024,2800,False
110400036,0,0,1024,2800,False
110500060,0,0,1024,2800,False
110700008,0,0,1024,2800,False
110700048,0,0,1024,2800,False
110900024,0,0,1024,2800,False
110900063,0,40663,1024,2800,True
111000036,0,60736,1024,2800,True
111200033,0,0,1024,2800,False
111200075,0,0,1024,2800,False
111400028,0,0,1024,2800,False
111400079,0,0,1024,2800,False
111500053,0,0,1024,2800,False
111700060,14164,0,1024,2800,True
111900009,0,0,1024,2800,False
111900049,0,0,1024,2800,False
112000002,0,0,1024,2800,False
112000046,0,12,1024,2800,True
112500029,0,0,1024,2800,False
112500076,0,0,1024,2800,False
112600037,36189,0,1024,2800,True
112800005,0,0,1024,2800,False
112800043,0,0,1024,2800,False
112800080,0,0,1024,2800,False
113100037,0,0,1024,2800,False
113300029,4968,0,1024,2800,True
113300078,0,0,1024,2800,False
113400039,0,0,1024,2800,False
113500016,0,0,1024,2800,False
113700016,0,0,1024,2800,False
113700054,33293,0,1024,2800,True
114500001,36682,0,1024,2800,True
114600013,0,0,1024,2800,False
114600051,0,0,1024,2800,False
114700040,0,0,1024,2800,False
114700079,0,0,1024,2800,False
114900051,0,0,1024,2800,False
115100053,0,0,1024,2800,False
115300019,0,0,1024,2800,False
115500045,0,0,1024,2800,False
115600022,22258,0,1024,2800,True
115600062,0,0,1024,2800,False
116000019,0,0,1024,2800,False
116100035,0,0,1024,2800,False
116400001,0,0,1024,2800,False
116400067,0,0,1024,2800,False
116900006,0,0,1024,2800,False
116900044,0,0,1024,2800,False
116900082,0,0,1024,2800,False
117700062,0,28817,1024,2800,True
117900027,0,0,1024,2800,False
117900074,0,0,1024,2800,False
118300028,0,16859,1024,2800,True
118300067,0,0,1024,2800,False
118500014,0,26841,1024,2800,True
118600020,0,0,1024,2800,False
118600076,0,0,1024,2800,False
118800034,0,0,1024,2800,False
118800073,0,16873,1024,2800,True
118900049,0,0,1024,2800,False
119100027,0,0,1024,2800,False
119100066,0,66622,1024,2800,True
119300081,0,0,1024,2800,False
119400028,0,0,1024,2800,False
119400065,0,0,1024,2800,False
119700042,0,0,1024,2800,False
120000024,0,0,1024,2800,False
120000061,0,0,1024,2800,False
120200016,0,0,1024,2800,False
120200057,0,0,1024,2800,False
120300050,0,51607,1024,2800,True
121200002,0,0,1024,2800,False
121200054,0,28578,1024,2800,True
121400015,0,0,1024,2800,False
121400075,0,0,1024,2800,False
121500030,0,0,1024,2800,False
121500069,0,0,1024,2800,False
121600068,0,0,1024,2800,False
121800031,0,0,1024,2800,False
121800068,0,0,1024,2800,False
121900058,0,0,1024,2800,False
122300030,0,0,1024,2800,False
122300073,0,0,1024,2800,False
122400041,0,0,1024,2800,False
122500006,0,0,1024,2800,False
122500046,0,0,1024,2800,False
122600040,0,0,1024,2800,False
122600077,0,0,1024,2800,False
122700046,0,0,1024,2800,False
122900012,0,28150,1024,2800,True
122900065,0,0,1024,2800,False
123300006,0,0,1024,2800,False
123300049,0,39209,1024,2800,True
123600022,35576,0,1024,2800,True
123600080,0,0,1024,2800,False
123700032,0,0,1024,2800,False
123700070,0,55628,1024,2800,True
123800024,40646,0,1024,2800,True
123800062,0,0,1024,2800,False
124000020,0,0,1024,2800,False
124000080,0,0,1024,2800,False
124200030,0,0,1024,2800,False
124200083,0,0,1024,2800,False
124400036,0,29118,1024,2800,True
124500029,0,0,1024,2800,False
124600001,0,0,1024,2800,False
124600051,24120,0,1024,2800,True
124700029,0,0,1024,2800,False
124700067,0,34970,1024,2800,True
124800020,0,0,1024,2800,False
124800059,0,0,1024,2800,False
125100019,0,0,1024,2800,False
125100061,0,0,1024,2800,False
125200033,0,0,1024,2800,False
125400003,0,0,1024,2800,False
125400044,0,0,1024,2800,False
125400082,0,0,1024,2800,False
125600034,0,0,1024,2800,False
125600078,27007,0,1024,2800,True
125700038,0,0,1024,2800,False
125700077,0,0,1024,2800,False
125800024,0,0,1024,2800,False
125800078,0,0,1024,2800,False
126500027,0,0,1024,2800,False
126600068,0,0,1024,2800,False
126800037,0,0,1024,2800,False
126800074,0,0,1024,2800,False
127000021,0,0,1024,2800,False
127000071,0,69901,1024,2800,True
127200074,0,0,1024,2800,False
127300021,0,88845,1024,2800,True
127300062,0,0,1024,2800,False
127600014,0,0,1024,2800,False
127600055,0,0,1024,2800,False
127900070,0,0,1024,2800,False
128200028,0,0,1024,2800,False
128200066,0,0,1024,2800,False
128300013,0,0,1024,2800,False
128300060,0,0,1024,2800,False
128500015,0,29284,1024,2800,True
128500054,0,0,1024,2800,False
128700067,0,0,1024,2800,False
129100000,0,0,1024,2800,False
129100057,16802,0,1024,2800,True
129300004,0,0,1024,2800,False
129300049,0,0,1024,2800,False
129400012,0,0,1024,2800,False
129400056,0,0,1024,2800,False
129500003,0,0,1024,2800,False
129500043,0,0,1024,2800,False
129700034,0,0,1024,2800,False
129700073,0,22418,1024,2800,True
129800020,0,0,1024,2800,False
129800062,12284,0,1024,2800,True
129900037,0,0,1024,2800,False
130200009,0,0,1024,2800,False
130300039,11157,0,1024,2800,True
130400045,0,0,1024,2800,False
130500020,0,0,1024,2800,False
130500061,0,0,1024,2800,False
130700080,0,0,1024,2800,False
130800033,0,0,1024,2800,False
130800071,0,0,1024,2800,False
131000044,0,0,1024,2800,False
131100072,0,0,1024,2800,False
131600021,0,0,1024,2800,False
131600062,0,33527,1024,2800,True
131900035,0,0,1024,2800,False
132200072,0,0,1024,2800,False
132300020,0,0,1024,2800,False
132500033,0,0,1024,2800,False
132500078,0,0,1024,2800,False
133200030,0,0,1024,2800,False
133200068,0,0,1024,2800,False
133500039,0,0,1024,2800,False
133600047,0,0,1024,2800,False
133700005,0,0,1024,2800,False
133700043,0,0,1024,2800,False
134000002,0,0,1024,2800,False
134000071,5426,0,1024,2800,True
134200010,0,0,1024,2800,False
134200054,0,0,1024,2800,False
134400013,0,0,1024,2800,False
134600052,0,0,1024,2800,False
134700000,0,0,1024,2800,False
134700046,0,0,1024,2800,False
134900063,35968,0,1024,2800,True
135300082,0,0,1024,2800,False
135400084,0,72192,1024,2800,True
135500036,0,0,1024,2800,False
135500073,0,0,1024,2800,False
135700037,0,0,1024,2800,False
135700075,0,0,1024,2800,False
135800063,0,63009,1024,2800,True
135900070,0,0,1024,2800,False
136200021,0,0,1024,2800,False
136200058,0,0,1024,2800,False
136500034,0,35753,1024,2800,True
136700045,0,59880,1024,2800,True
136900000,0,0,1024,2800,False
137000068,0,0,1024,2800,False
137100015,0,0,1024,2800,False
137100061,0,0,1024,2800,False
137400019,0,0,1024,2800,False
137400072,0,0,1024,2800,False
137600019,0,0,1024,2800,False
137600074,0,0,1024,2800,False
137900041,0,0,1024,2800,False
138000008,0,0,1024,2800,False
138000049,0,0,1024,2800,False
138200002,0,50997,1024,2800,True
138200044,12822,0,1024,2800,True
138400005,0,72108,1024,2800,True
138400044,30931,0,1024,2800,True
138400084,0,0,1024,2800,False
138500048,0,0,1024,2800,False
138700009,0,0,1024,2800,False
138700046,0,0,1024,2800,False
138700084,0,0,1024,2800,False
138900041,0,0,1024,2800,False
139100000,0,0,1024,2800,False
139100046,0,0,1024,2800,False
139100084,0,0,1024,2800,False
139200036,0,0,1024,2800,False
140200002,0,0,1024,2800,False
140200040,18080,0,1024,2800,True
140300002,0,36943,1024,2800,True
140300063,0,0,1024,2800,False
140500038,0,0,1024,2800,False
140700004,33031,0,1024,2800,True
140700064,0,0,1024,2800,False
140800036,0,0,1024,2800,False
140900001,0,0,1024,2800,False
140900050,0,0,1024,2800,False
141000040,0,0,1024,2800,False
141100019,0,0,1024,2800,False
141100060,0,0,1024,2800,False
141200027,0,0,1024,2800,False
141200075,28359,0,1024,2800,True
141400031,0,0,1024,2800,False
141400084,27179,0,1024,2800,True
142000000,0,0,1024,2800,False
142100064,0,0,1024,2800,False
142200034,0,0,1024,2800,False
142200078,0,0,1024,2800,False
142500041,0,0,1024,2800,False
142800027,0,0,1024,2800,False
142800071,0,0,1024,2800,False
143400027,0,0,1024,2800,False
143400067,0,0,1024,2800,False
143600015,0,0,1024,2800,False
143600051,0,0,1024,2800,False
143900004,0,0,1024,2800,False
143900043,0,0,1024,2800,False
144000034,0,0,1024,2800,False
144000074,0,0,1024,2800,False
144100033,14378,0,1024,2800,True
144100075,0,0,1024,2800,False
144200043,0,0,1024,2800,False
144400017,0,0,1024,2800,False
144500038,0,0,1024,2800,False
144800049,0,0,1024,2800,False
144900001,0,0,1024,2800,False
144900039,0,0,1024,2800,False
145000024,0,0,1024,2800,False
145000063,6225,86019,1024,2800,True
145100014,0,0,1024,2800,False
145100054,0,0,1024,2800,False
145200019,0,0,1024,2800,False
145200057,0,0,1024,2800,False
145300025,0,0,1024,2800,False
146300009,13583,46054,1024,2800,True
146300067,0,0,1024,2800,False
147200031,0,0,1024,2800,False
147200076,0,0,1024,2800,False
147600009,0,0,1024,2800,False
147900066,20751,0,1024,2800,True
148000052,0,0,1024,2800,False
148100016,0,0,1024,2800,False
148300035,0,0,1024,2800,False
148400007,0,71752,1024,2800,True
148400073,0,0,1024,2800,False
148500020,0,0,1024,2800,False
148500077,0,0,1024,2800,False
148600052,0,0,1024,2800,False
148800030,38,0,1024,2800,True
148800068,0,0,1024,2800,False
148900030,12404,0,1024,2800,True
149000002,0,0,1024,2800,False
149000041,16558,0,1024,2800,True
149200004,3601,0,1024,2800,True
149200043,0,0,1024,2800,False
149200080,38972,100683,1024,2800,True
149400038,0,0,1024,2800,False
149400076,0,0,1024,2800,False
149500034,0,0,1024,2800,False
149500077,0,0,1024,2800,False
149600033,0,0,1024,2800,False
149600071,0,0,1024,2800,False
149700023,0,43780,1024,2800,True
149800037,0,0,1024,2800,False
149900031,0,0,1024,2800,False
150000009,0,0,1024,2800,False
150000047,0,0,1024,2800,False
150100001,0,0,1024,2800,False
150100040,0,0,1024,2800,False
150200062,0,0,1024,2800,False
150400010,0,0,1024,2800,False
150400048,0,0,1024,2800,False
150600008,0,0,1024,2800,False
150600059,0,0,1024,2800,False
150700018,0,0,1024,2800,False
150700066,0,0,1024,2800,False
150800023,0,21216,1024,2800,True
150800065,0,0,1024,2800,False
150900020,0,0,1024,2800,False
150900064,0,0,1024,2800,False
151000014,0,0,1024,2800,False
151000057,0,0,1024,2800,False
151100014,4854,0,1024,2800,True
151800017,0,0,1024,2800,False
151800058,0,0,1024,2800,False
151900005,0,0,1024,2800,False
151900047,0,0,1024,2800,False
152000005,0,0,1024,2800,False
152000045,0,0,1024,2800,False
152100037,0,0,1024,2800,False
152300001,0,0,1024,2800,False
152300044,0,0,1024,2800,False
152400005,0,0,1024,2800,False
152400066,0,0,1024,2800,False
152600045,0,0,1024,2800,False
152700003,0,0,1024,2746,False
152700042,0,0,1024,2800,False
152800001,0,0,1024,2800,False
152800053,0,0,1024,2800,False
152900019,0,0,1024,2800,False
152900067,0,0,1024,2800,False
153000024,0,0,1024,2800,False
153000070,0,0,1024,2800,False
153100017,0,0,1024,2800,False
153100064,0,0,1024,2800,False
153200036,0,0,1024,2800,False
153200076,0,0,1024,2800,False
153300041,0,0,1024,2800,False
153300082,0,0,1024,2800,False
153500037,0,0,1024,2800,False
153600002,0,0,1024,2800,False
153600046,0,0,1024,2800,False
153700009,0,0,1024,2800,False
153700063,0,0,1024,2800,False
153800010,0,0,1024,2800,False
153800047,0,0,1024,2800,False
154000012,0,0,1024,2800,False
154000056,0,0,1024,2800,False
154500060,0,0,1024,2800,False
154700026,0,0,1024,2800,False
154700080,0,0,1024,2800,False
155000039,0,0,1024,2800,False
155000082,0,0,1024,2800,False
155100032,0,0,1024,2784,False
155100071,0,71469,1024,2800,True
155200056,0,0,1024,2800,False
155300083,31543,0,1024,2800,True
156300005,0,84466,1024,2800,True
156300043,0,97265,1024,2800,True
156300081,0,0,1024,2800,False
156400073,0,70211,1024,2800,True
156600004,0,0,1024,2800,False
156600067,0,0,1024,2800,False
156700018,9766,0,1024,2800,True
157200000,0,0,1024,2800,False
157200043,0,0,1024,2800,False
157400004,0,0,1024,2800,False
157500024,0,0,1024,2800,False
157500063,0,87242,1024,2800,True
157600025,0,0,1024,2800,False
157600071,0,0,1024,2800,False
157800083,9719,0,1024,2800,True
158000038,0,0,1024,2800,False
158000076,0,0,1024,2800,False
158100023,0,30121,1024,2800,True
158100075,0,0,1024,2800,False
158300037,0,0,1024,2800,False
158300075,0,0,1024,2800,False
158500039,14111,0,1024,2800,True
158500082,0,0,1024,2800,False
158600029,0,0,1024,2800,False
158600067,0,0,1024,2800,False
158700070,0,0,1024,2800,False
158800077,0,33935,1024,2800,True
158900038,0,0,1024,2800,False
159000030,0,0,1024,2800,False
159300052,0,0,1024,2800,False
160000007,0,0,1024,2800,False
160000056,0,0,1024,2800,False
160200029,0,0,1024,2800,False
160200070,0,0,1024,2800,False
160300030,0,0,1024,2800,False
160300068,0,0,1024,2800,False
160400030,0,0,1024,2800,False
160600045,34924,0,1024,2800,True
160600084,0,0,1024,2800,False
160800042,0,45412,1024,2800,True
160800082,0,0,1024,2800,False
160900068,0,0,1024,2800,False
161200033,0,0,1024,2800,False
161200071,0,0,1024,2800,False
161300029,0,0,1024,2800,False
161300068,0,0,1024,2800,False
161500015,0,0,1024,2800,False
161500054,0,0,1024,2800,False
161600012,0,0,1024,2800,False
161600067,0,0,1024,2800,False
161700014,0,0,1024,2800,False
161700051,0,0,1024,2800,False
161800016,0,0,1024,2800,False
161800056,0,0,1024,2800,False
161900003,0,0,1024,2800,False
161900051,0,0,1024,2800,False
162100008,0,0,1024,2800,False
162100049,0,0,1024,2800,False
162300074,0,0,1024,2800,False
162500006,0,23216,1024,2800,True
162500051,0,0,1024,2800,False
162600030,0,0,1024,2800,False
162600075,0,0,1024,2800,False
162700037,0,0,1024,2800,False
162800000,0,0,1024,2800,False
162800039,0,0,1024,2800,False
162800080,0,0,1024,2800,False
162900037,0,30675,1024,2800,True
162900075,0,0,1024,2800,False
163000079,0,0,1024,2800,False
163100058,0,0,1024,2800,False
163200041,0,0,1024,2800,False
163300038,0,0,1024,2800,False
163300080,0,0,1024,2800,False
163700057,0,0,1024,2800,False
163800028,0,0,1024,2800,False
163800070,0,0,1024,2800,False
163900061,0,0,1024,2800,False
164000017,0,0,1024,2800,False
164000068,0,0,1024,2800,False
164300015,0,0,1024,2800,False
164500013,0,0,1024,2800,False
164500064,0,0,1024,2800,False
164600018,0,0,1024,2800,False
164600062,0,0,1024,2800,False
165200028,0,0,1024,2800,False
165200072,0,0,1024,2800,False
165300029,18878,0,1024,2800,True
165300069,0,0,1024,2800,False
165400032,0,0,1024,2800,False
165400072,0,0,1024,2800,False
165500022,0,0,1024,2800,False
165500078,0,0,1024,2800,False
165600039,0,0,1024,2800,False
165600076,0,0,1024,2800,False
165700036,0,0,1024,2800,False
165700084,0,0,1024,2800,False
165800060,0,0,1024,2800,False
165900014,0,103820,1024,2800,True
165900056,11932,0,1024,2800,True
166100034,0,0,1024,2800,False
166100078,0,0,1024,2800,False
166300036,0,35088,1024,2800,True
166300076,0,0,1024,2800,False
166400032,0,0,1024,2800,False
166400076,0,0,1024,2800,False
166600031,0,0,1024,2800,False
166600072,0,0,1024,2800,False
166700038,0,0,1024,2800,False
166800060,0,0,1024,2800,False
166900018,0,0,1024,2800,False
166900083,0,0,1024,2800,False
167000067,0,0,1024,2775,False
167100020,0,0,1024,2800,False
167100059,0,0,1024,2800,False
167200022,0,0,1024,2800,False
167200069,0,22109,1024,2800,True
167300018,34641,0,1024,2800,True
167300064,0,0,1024,2800,False
167600017,0,0,1024,2800,False
167600070,0,0,1024,2800,False
167700041,0,0,1024,2800,False
167800001,0,0,1024,2800,False
167900038,0,0,1024,2800,False
168000045,0,0,1024,2800,False
168100003,0,13537,1024,2800,True
168100044,0,0,1024,2800,False
168200007,0,0,1024,2800,False
168200056,0,0,1024,2800,False
168300021,0,0,1024,2800,False
168300061,0,0,1024,2800,False
168400017,0,76847,1024,2800,True
168400056,0,0,1024,2800,False
168900084,0,0,1024,2800,False
169300042,0,94622,1024,2800,True
169300080,4528,0,1024,2800,True
169500082,0,0,1024,2800,False
169600075,0,0,1024,2800,False
169800022,0,0,1024,2800,False
169800061,0,0,1024,2800,False
170400023,0,0,1024,2800,False
170400060,0,0,1024,2800,False
170700007,0,0,1024,2800,False
170700048,0,0,1024,2800,False
170800009,0,0,1024,2800,False
170800052,0,0,1024,2800,False
170900004,0,0,1024,2800,False
170900044,0,0,1024,2800,False
171000005,0,0,1024,2800,False
171000058,0,0,1024,2800,False
171100005,0,0,1024,2800,False
171100043,0,0,1024,2800,False
171100081,0,0,1024,2800,False
171200041,0,0,1024,2800,False
171300005,0,0,1024,2800,False
171300056,0,0,1024,2800,False
171400019,0,0,1024,2800,False
171500004,0,0,1024,2800,False
171500044,0,0,1024,2800,False
171500084,0,45380,1024,2800,True
171600046,0,0,1024,2800,False
171600083,0,0,1024,2800,False
171700044,0,0,1024,2800,False
171800067,0,0,1024,2800,False
171900029,0,0,1024,2800,False
171900084,0,0,1024,2800,False
172100042,0,0,1024,2800,False
172200013,0,0,1024,2800,False
172200054,0,0,1024,2800,False
172300005,0,0,1024,2800,False
172300043,0,0,1024,2800,False
172400001,0,0,1024,2800,False
172400040,0,0,1024,2772,False
172400081,0,0,1024,2800,False
175200036,0,0,1024,2800,False
175200075,0,0,1024,2800,False
175300041,0,0,1024,2800,False
175300079,0,0,1024,2800,False
175400046,0,0,1024,2800,False
175500005,0,0,1024,2800,False
175500053,0,0,1024,2800,False
175600024,0,20477,1024,2800,True
175900012,0,0,1024,2755,False
175900063,2933,0,1024,2800,True
176000010,0,0,1024,2800,False
176000049,0,0,1024,2800,False
99100007,0,0,1024,2800,False
99100044,0,0,1024,2800,False
99300000,0,0,1024,2800,False
99300059,0,0,1024,2800,False
99900009,0,0,1024,2800,False
99900059,0,0,1024,2800,False
100000009,0,0,1024,2800,False
100000048,0,0,1024,2800,False
100100002,0,0,1024,2800,False
100100042,0,0,1024,2800,False
100200000,0,0,1024,2800,False
100400024,0,0,1024,2800,False
100400065,0,0,1024,2800,False
100500016,0,0,1024,2800,False
100500078,0,29,1024,2800,True
100700032,0,0,1024,2800,False
100700078,0,0,1024,2800,False
101100032,0,66383,1024,2800,True
101100071,0,0,1024,2800,False
101500018,0,28307,1024,2800,True
101500059,0,0,1024,2800,False
101600014,0,0,1024,2800,False
101600072,0,0,1024,2800,False
101700034,0,0,1024,2800,False
101700081,0,110958,1024,2800,True
101900017,0,0,1024,2800,False
101900072,0,0,1024,2800,False
102100031,0,0,1024,2800,False
103000040,0,0,1024,2800,False
103200020,0,0,1024,2800,False
103200059,10928,0,1024,2800,True
103300023,0,0,1024,2800,False
103400046,0,0,1024,2800,False
103500003,92650,0,1024,2800,True
103500066,0,0,1024,2800,False
103700041,0,0,1024,2800,False
103900024,0,0,1024,2800,False
103900069,0,0,1024,2800,False
104600042,22261,0,1024,2800,True
104700018,0,0,1024,2800,False
104700067,0,0,1024,2800,False
104800014,23631,0,1024,2800,True
104900024,0,0,1024,2800,False
104900063,0,0,1024,2800,False
105100026,0,0,1024,2800,False
105100067,0,0,1024,2800,False
105200037,0,0,1024,2800,False
105300003,0,0,1024,2800,False
105300051,0,0,1024,2800,False
105400069,0,0,1024,2800,False
105600023,0,80,1024,2800,True
105600062,0,0,1024,2800,False
105900010,0,0,1024,2800,False
105900048,0,0,1024,2800,False
106000038,0,0,1024,2800,False
106100023,38681,0,1024,2800,True
106100066,0,0,1024,2800,False
106200032,0,0,1024,2800,False
106200081,0,0,1024,2800,False
106300033,0,48099,1024,2800,True
106500018,0,0,1024,2800,False
106500063,0,0,1024,2800,False
106600021,0,0,1024,2800,False
106600060,0,0,1024,2800,False
106700078,0,20716,1024,2800,True
106900031,0,0,1024,2800,False
106900068,0,0,1024,2800,False
107900024,0,0,1024,2800,False
107900065,0,0,1024,2800,False
108400051,33681,0,1024,2800,True
108600010,0,0,1024,2800,False
108600064,0,0,1024,2800,False
108900040,0,0,1024,2800,False
108900077,0,74719,1024,2800,True
109200044,0,0,1024,2800,False
109300008,0,76754,1024,2800,True
109300046,0,67561,1024,2800,True
109600040,0,0,1024,2800,False
109600083,0,0,1024,2800,False
109700060,0,0,1024,2800,False
109800007,0,0,1024,2800,False
109800046,0,0,1024,2800,False
109800083,0,0,1024,2800,False
110100048,0,0,1024,2800,False
110200006,0,0,1024,2800,False
110400037,0,0,1024,2800,False
110500061,0,55002,1024,2800,True
110700009,0,39889,1024,2800,True
110700049,0,0,1024,2800,False
110900025,0,0,1024,2800,False
110900064,0,0,1024,2800,False
111000037,0,0,1024,2800,False
111200034,0,0,1024,2800,False
111200076,0,0,1024,2800,False
111400029,0,0,1024,2800,False
111400080,0,0,1024,2800,False
111500054,0,0,1024,2800,False
111700061,12817,0,1024,2800,True
111900010,0,0,1024,2800,False
111900050,0,0,1024,2800,False
112000003,0,0,1024,2800,False
112000047,12666,0,1024,2800,True
112500030,0,0,1024,2800,False
112500077,0,0,1024,2800,False
112600038,0,0,1024,2800,False
112800006,2483,0,1024,2800,True
112800044,17312,0,1024,2800,True
112800081,0,0,1024,2800,False
113100038,0,67076,1024,2800,True
113300036,0,0,1024,2800,False
113300079,0,0,1024,2800,False
113400040,0,0,1024,2800,False
113500017,0,0,1024,2800,False
113700017,66,0,1024,2800,True
113700055,0,35636,1024,2800,True
114500002,12466,0,1024,2800,True
114600014,0,0,1024,2800,False
114600052,0,0,1024,2800,False
114700041,0,0,1024,2800,False
114700080,0,48025,1024,2800,True
114900052,0,0,1024,2800,False
115100054,0,0,1024,2800,False
115300020,0,0,1024,2800,False
115500046,0,0,1024,2800,False
115600023,0,69817,1024,2800,True
115600063,0,0,1024,2800,False
116100004,0,0,1024,2800,False
116100041,0,0,1024,2800,False
116400002,0,0,1024,2800,False
116400068,0,0,1024,2800,False
116900007,35819,0,1024,2800,True
116900045,0,63564,1024,2800,True
116900083,0,0,1024,2800,False
117700063,0,24594,1024,2800,True
117900028,0,0,1024,2800,False
117900075,0,32766,1024,2800,True
118300029,0,161461,1024,2800,True
118300068,0,0,1024,2800,False
118500015,0,0,1024,2800,False
118600021,0,0,1024,2800,False
118600077,0,0,1024,2800,False
118800035,0,0,1024,2800,False
118800074,0,0,1024,2800,False
118900050,0,0,1024,2800,False
119100028,0,0,1024,2800,False
119100067,0,20328,1024,2800,True
119300082,0,9545,1024,2800,True
119400029,0,0,1024,2800,False
119400066,0,0,1024,2784,False
119700043,0,0,1024,2800,False
120000025,0,0,1024,2800,False
120000062,0,0,1024,2800,False
120200017,0,15984,1024,2800,True
120200058,0,0,1024,2800,False
120300051,0,0,1024,2800,False
121200003,0,41435,1024,2800,True
121200055,0,0,1024,2800,False
121400016,0,0,1024,2800,False
121400076,0,0,1024,2800,False
121500031,0,0,1024,2800,False
121500070,0,19918,1024,2800,True
121600069,0,0,1024,2800,False
121800032,0,0,1024,2800,False
121800069,0,0,1024,2800,False
121900059,0,0,1024,2800,False
122300031,0,0,1024,2800,False
122300074,0,0,1024,2800,False
122400042,0,0,1024,2800,False
122500007,0,0,1024,2800,False
122500047,0,0,1024,2800,False
122600041,0,0,1024,2800,False
122600078,0,0,1024,2800,False
122700047,0,0,1024,2800,False
122900013,0,59467,1024,2800,True
122900066,0,0,1024,2800,False
123300007,0,0,1024,2800,False
123300050,0,0,1024,2800,False
123600023,0,0,1024,2800,False
123600081,0,0,1024,2800,False
123700033,0,0,1024,2800,False
123700071,0,0,1024,2800,False
123800025,10125,0,1024,2800,True
123800063,0,0,1024,2800,False
124000021,0,0,1024,2800,False
124000081,0,0,1024,2800,False
124200031,0,0,1024,2800,False
124200084,0,28124,1024,2800,True
124400037,9788,0,1024,2800,True
124500030,0,0,1024,2800,False
124600002,0,0,1024,2800,False
124600052,5422,0,1024,2800,True
124700030,0,47718,1024,2800,True
124700068,0,0,1024,2800,False
124800021,0,0,1024,2800,False
124800060,0,0,1024,2800,False
125100020,0,0,1024,2800,False
125100062,0,0,1024,2800,False
125200034,0,0,1024,2800,False
125400004,0,0,1024,2800,False
125400045,0,0,1024,2800,False
125400083,0,0,1024,2800,False
125600035,0,0,1024,2800,False
125600079,48489,0,1024,2800,True
125700039,0,0,1024,2800,False
125700078,0,0,1024,2800,False
125800025,0,0,1024,2800,False
125800079,0,0,1024,2800,False
126500028,0,0,1024,2800,False
126800000,0,0,1024,2800,False
126800038,0,0,1024,2800,False
126800075,0,0,1024,2800,False
127000022,0,0,1024,2800,False
127000072,0,0,1024,2800,False
127200075,0,0,1024,2800,False
127300022,0,0,1024,2800,False
127300063,0,49939,1024,2800,True
127600015,0,145131,1024,2800,True
127600056,0,0,1024,2800,False
127900071,0,0,1024,2800,False
128200029,0,0,1024,2800,False
128200067,0,0,1024,2800,False
128300014,0,0,1024,2800,False
128300061,0,0,1024,2800,False
128500016,0,0,1024,2800,False
128500055,0,0,1024,2800,False
128700068,0,0,1024,2800,False
129100001,0,0,1024,2800,False
129100058,0,0,1024,2800,False
129300005,0,0,1024,2800,False
129300050,0,0,1024,2800,False
129400013,0,0,1024,2800,False
129400057,0,21876,1024,2800,True
129500004,0,0,1024,2800,False
129500044,0,0,1024,2800,False
129700035,0,0,1024,2800,False
129700074,0,0,1024,2800,False
129800021,0,0,1024,2800,False
129800074,0,0,1024,2800,False
129900038,0,0,1024,2800,False
130200010,0,0,1024,2800,False
130300040,0,24686,1024,2800,True
130400046,0,0,1024,2800,False
130500021,0,0,1024,2800,False
130500062,0,0,1024,2800,False
130700081,0,0,1024,2800,False
130800034,0,0,1024,2786,False
130800072,0,0,1024,2800,False
131000045,0,0,1024,2800,False
131100073,0,0,1024,2800,False
131600022,0,0,1024,2800,False
131600063,0,50606,1024,2800,True
131900036,0,0,1024,2800,False
132200073,0,0,1024,2800,False
132300021,0,0,1024,2800,False
132500034,0,0,1024,2800,False
132500079,0,0,1024,2800,False
133200031,0,0,1024,2800,False
133200069,0,0,1024,2800,False
133500040,0,26901,1024,2800,True
133600048,0,0,1024,2800,False
133700006,0,0,1024,2800,False
133700044,23190,0,1024,2800,True
134000013,0,0,1024,2800,False
134000072,23351,0,1024,2800,True
134200011,0,0,1024,2800,False
134200055,0,0,1024,2800,False
134600007,4279,0,1024,2800,True
134600053,0,0,1024,2800,False
134700001,0,0,1024,2800,False
134700047,0,76010,1024,2800,True
134900064,32837,0,1024,2800,True
135300083,0,0,1024,2800,False
135500005,0,0,1024,2800,False
135500042,0,0,1024,2800,False
135500079,0,0,1024,2800,False
135700038,0,0,1024,2800,False
135700076,0,56674,1024,2800,True
135800064,0,0,1024,2800,False
135900071,0,0,1024,2800,False
136200022,0,0,1024,2800,False
136200059,0,0,1024,2800,False
136500035,0,0,1024,2800,False
136700046,0,0,1024,2800,False
136900001,0,0,1024,2800,False
137000069,0,0,1024,2800,False
137100016,0,0,1024,2800,False
137100062,0,0,1024,2800,False
137400020,0,36051,1024,2800,True
137400073,0,0,1024,2800,False
137600020,11307,110906,1024,2800,True
137600075,0,49120,1024,2800,True
137900042,0,0,1024,2800,False
138000009,0,69915,1024,2800,True
138000050,0,0,1024,2800,False
138200003,0,0,1024,2800,False
138200058,28789,0,1024,2800,True
138400006,0,0,1024,2800,False
138400046,6861,0,1024,2800,True
138500000,0,0,1024,2800,False
138500049,0,0,1024,2800,False
138700010,0,0,1024,2800,False
138700047,0,0,1024,2800,False
138900003,0,0,1024,2800,False
138900042,0,0,1024,2800,False
139100001,0,0,1024,2800,False
139100047,0,0,1024,2800,False
139200000,0,0,1024,2800,False
139200037,0,0,1024,2800,False
140200003,0,0,1024,2800,False
140200041,30362,0,1024,2800,True
140300003,0,0,1024,2800,False
140300064,0,0,1024,2800,False
140500039,0,0,1024,2800,False
140700007,45700,0,1024,2800,True
140700065,0,35518,1024,2800,True
140800037,0,0,1024,2800,False
140900002,0,0,1024,2800,False
140900051,0,0,1024,2800,False
141000041,0,0,1024,2800,False
141100020,0,0,1024,2800,False
141100061,0,0,1024,2800,False
141200028,0,0,1024,2800,False
141200082,28156,0,1024,2800,True
141400032,0,0,1024,2800,False
141500003,0,0,1024,2800,False
142000001,0,42392,1024,2800,True
142100065,0,0,1024,2800,False
142200035,0,0,1024,2800,False
142200079,0,0,1024,2800,False
142500042,0,0,1024,2800,False
142800028,0,0,1024,2800,False
142800072,7748,0,1024,2800,True
143400028,0,0,1024,2800,False
143400068,0,53140,1024,2800,True
143600016,0,0,1024,2800,False
143600052,0,0,1024,2800,False
143900005,0,0,1024,2800,False
143900044,0,73856,1024,2800,True
144000035,0,0,1024,2800,False
144000075,0,0,1024,2800,False
144100034,0,0,1024,2800,False
144100076,0,0,1024,2800,False
144200044,0,0,1024,2800,False
144500000,21440,0,1024,2800,True
144500039,0,0,1024,2800,False
144800050,0,57016,1024,2800,True
144900002,0,0,1024,2800,False
144900040,0,0,1024,2800,False
145000025,0,0,1024,2800,False
145000064,0,0,1024,2800,False
145100015,0,0,1024,2800,False
145100055,0,0,1024,2800,False
145200020,0,0,1024,2800,False
145200058,0,0,1024,2800,False
145300026,0,0,1024,2800,False
146300010,0,0,1024,2800,False
146300068,0,0,1024,2800,False
147200032,0,0,1024,2800,False
147200077,0,0,1024,2800,False
147900000,0,0,1024,2800,False
147900068,34646,0,1024,2800,True
148000053,0,0,1024,2800,False
148100017,0,0,1024,2800,False
148300036,0,30981,1024,2800,True
148400008,8127,0,1024,2800,True
148400074,0,0,1024,2800,False
148500021,0,0,1024,2800,False
148500078,0,0,1024,2800,False
148600053,0,0,1024,2800,False
148800031,15481,0,1024,2800,True
148800069,0,0,1024,2800,False
148900031,0,0,1024,2800,False
149000003,0,26987,1024,2800,True
149000042,24835,0,1024,2800,True
149200005,7500,0,1024,2800,True
149200044,0,0,1024,2800,False
149200081,0,0,1024,2800,False
149400039,0,0,1024,2800,False
149400077,0,0,1024,2800,False
149500035,0,0,1024,2800,False
149500078,0,0,1024,2800,False
149600034,0,0,1024,2800,False
149600072,0,0,1024,2800,False
149700024,0,0,1024,2800,False
149800038,0,0,1024,2800,False
149900032,0,0,1024,2800,False
150000010,0,0,1024,2800,False
150000048,0,0,1024,2800,False
150100002,0,0,1024,2800,False
150100041,0,0,1024,2800,False
150200063,0,40002,1024,2800,True
150400011,0,0,1024,2800,False
150400049,0,0,1024,2800,False
150600009,0,0,1024,2800,False
150600060,0,0,1024,2800,False
150700019,0,0,1024,2800,False
150700067,0,0,1024,2800,False
150800024,0,0,1024,2800,False
150800066,0,0,1024,2800,False
150900021,0,0,1024,2800,False
150900065,0,0,1024,2800,False
151000015,0,0,1024,2800,False
151000058,0,0,1024,2800,False
151100015,0,0,1024,2800,False
151800018,0,0,1024,2800,False
151800059,0,0,1024,2800,False
151900006,0,0,1024,2800,False
151900048,0,49666,1024,2800,True
152000006,0,0,1024,2800,False
152000046,0,0,1024,2800,False
152100038,0,0,1024,2800,False
152300002,0,0,1024,2800,False
152300045,0,0,1024,2800,False
152400006,0,0,1024,2800,False
152400068,0,0,1024,2800,False
152600046,0,0,1024,2800,False
152700004,0,0,1024,2725,False
152700043,0,0,1024,2800,False
152800002,0,0,1024,2800,False
152800054,0,0,1024,2800,False
152900020,3706,0,1024,2800,True
152900068,0,0,1024,2800,False
153000025,0,0,1024,2800,False
153000071,0,0,1024,2800,False
153100018,0,0,1024,2800,False
153100065,0,0,1024,2800,False
153200037,0,0,1024,2800,False
153200077,0,0,1024,2800,False
153300042,0,0,1024,2800,False
153300083,0,0,1024,2800,False
153500038,0,0,1024,2800,False
153600003,0,0,1024,2800,False
153600047,0,0,1024,2800,False
153700010,0,0,1024,2800,False
153700064,0,0,1024,2800,False
153800011,0,0,1024,2800,False
153800048,0,0,1024,2800,False
154000013,0,0,1024,2800,False
154000057,0,0,1024,2800,False
154500061,0,0,1024,2800,False
154700027,0,0,1024,2800,False
154700081,0,0,1024,2800,False
155000045,0,0,1024,2800,False
155000083,0,0,1024,2800,False
155100033,0,0,1024,2779,False
155100072,0,63075,1024,2800,True
155200057,0,0,1024,2800,False
155300084,13581,0,1024,2800,True
156300006,0,25943,1024,2800,True
156300044,0,0,1024,2800,False
156300082,0,0,1024,2800,False
156400074,0,0,1024,2800,False
156600005,0,0,1024,2800,False
156600068,0,0,1024,2800,False
156700036,0,0,1024,2800,False
157200001,0,0,1024,2800,False
157200058,28449,0,1024,2800,True
157400005,0,0,1024,2800,False
157500025,0,0,1024,2800,False
157500064,0,0,1024,2800,False
157600026,0,0,1024,2800,False
157600072,0,0,1024,2800,False
157800084,0,0,1024,2800,False
158000039,0,0,1024,2800,False
158000077,0,0,1024,2800,False
158100024,0,0,1024,2800,False
158300000,0,0,1024,2800,False
158300038,0,0,1024,2800,False
158300076,0,0,1024,2800,False
158500040,0,0,1024,2800,False
158500083,0,0,1024,2800,False
158600036,5987,0,1024,2800,True
158600079,5044,0,1024,2800,True
158700071,0,0,1024,2800,False
158800078,0,0,1024,2800,False
158900039,0,0,1024,2800,False
159000031,0,0,1024,2800,False
159300053,0,12145,1024,2800,True
160000008,0,0,1024,2800,False
160000057,0,0,1024,2800,False
160200030,0,0,1024,2800,False
160200071,0,0,1024,2800,False
160300031,0,0,1024,2800,False
160300069,0,0,1024,2800,False
160400031,0,0,1024,2800,False
160600046,37906,0,1024,2800,True
160800000,0,0,1024,2800,False
160800043,0,0,1024,2800,False
160800083,0,0,1024,2800,False
160900069,0,0,1024,2800,False
161200034,0,0,1024,2800,False
161200072,33802,0,1024,2800,True
161300030,0,0,1024,2800,False
161300069,0,0,1024,2800,False
161500016,0,0,1024,2800,False
161500055,0,0,1024,2800,False
161600013,0,0,1024,2800,False
161600068,0,0,1024,2800,False
161700015,0,0,1024,2800,False
161700052,0,0,1024,2800,False
161800017,0,0,1024,2800,False
161800057,0,0,1024,2800,False
161900004,0,0,1024,2800,False
161900052,0,0,1024,2800,False
162100009,0,0,1024,2800,False
162100050,0,0,1024,2800,False
162300075,0,82342,1024,2800,True
162500007,0,0,1024,2800,False
162500052,0,0,1024,2800,False
162600031,0,0,1024,2800,False
162600076,0,0,1024,2800,False
162700038,0,0,1024,2800,False
162800001,0,0,1024,2800,False
162800040,0,0,1024,2800,False
162800081,0,0,1024,2800,False
162900038,0,42731,1024,2800,True
162900076,0,0,1024,2800,False
163000080,0,0,1024,2800,False
163100059,0,0,1024,2800,False
163200042,0,50503,1024,2800,True
163300039,0,0,1024,2800,False
163300081,0,0,1024,2800,False
163700058,0,0,1024,2800,False
163800029,0,0,1024,2800,False
163800071,0,0,1024,2800,False
163900062,0,43789,1024,2800,True
164000030,0,0,1024,2800,False
164000069,0,0,1024,2800,False
164300016,0,0,1024,2800,False
164500014,0,0,1024,2800,False
164500065,0,27206,1024,2800,True
164600019,0,0,1024,2800,False
164600063,0,0,1024,2800,False
165200029,0,0,1024,2800,False
165200073,0,0,1024,2800,False
165300030,16241,0,1024,2800,True
165300070,8741,0,1024,2800,True
165400033,0,0,1024,2800,False
165400073,0,0,1024,2800,False
165500036,6421,0,1024,2800,True
165500079,0,0,1024,2800,False
165600040,35039,0,1024,2800,True
165600077,0,0,1024,2800,False
165700037,0,0,1024,2800,False
165800000,0,0,1024,2800,False
165800061,0,0,1024,2800,False
165900015,0,36332,1024,2800,True
165900057,0,34798,1024,2800,True
166100035,0,0,1024,2800,False
166100079,0,0,1024,2800,False
166300037,0,0,1024,2800,False
166300077,0,0,1024,2800,False
166400033,0,0,1024,2800,False
166400077,0,0,1024,2800,False
166600032,0,0,1024,2800,False
166600073,0,0,1024,2800,False
166700039,0,0,1024,2800,False
166800061,0,0,1024,2800,False
166900019,0,0,1024,2800,False
166900084,0,0,1024,2800,False
167000068,0,0,1024,2756,False
167100021,0,0,1024,2800,False
167100060,0,0,1024,2800,False
167200023,0,0,1024,2800,False
167200070,0,0,1024,2800,False
167300019,34631,0,1024,2800,True
167300065,0,44054,1024,2800,True
167600018,0,0,1024,2800,False
167600071,0,0,1024,2800,False
167700055,0,0,1024,2800,False
167800002,0,0,1024,2800,False
167900039,0,0,1024,2800,False
168000046,0,0,1024,2800,False
168100004,0,0,1024,2800,False
168100045,0,0,1024,2800,False
168200008,0,0,1024,2800,False
168200064,0,211687,1024,2800,True
168300022,0,0,1024,2800,False
168300062,0,0,1024,2800,False
168400018,0,0,1024,2800,False
168400057,0,0,1024,2800,False
169300000,0,0,1024,2800,False
169300043,0,0,1024,2800,False
169300081,0,0,1024,2800,False
169500083,0,0,1024,2800,False
169600076,0,0,1024,2787,False
169800023,0,0,1024,2800,False
169800062,0,0,1024,2800,False
170400024,0,0,1024,2800,False
170400061,0,0,1024,2800,False
170700008,0,0,1024,2800,False
170700049,0,0,1024,2800,False
170800010,0,75488,1024,2800,True
170800053,0,0,1024,2800,False
170900005,0,0,1024,2800,False
170900045,0,0,1024,2800,False
171000006,0,0,1024,2800,False
171000059,0,0,1024,2800,False
171100006,0,0,1024,2800,False
171100044,0,0,1024,2800,False
171100082,0,0,1024,2800,False
171200042,0,0,1024,2800,False
171300006,0,0,1024,2800,False
171300057,0,0,1024,2800,False
171400020,0,0,1024,2800,False
171500005,0,0,1024,2800,False
171500045,0,0,1024,2800,False
171600000,0,151496,1024,2800,True
171600047,2999,0,1024,2800,True
171600084,0,0,1024,2800,False
171700075,7476,95115,1024,2800,True
171800068,0,0,1024,2800,False
171900030,0,0,1024,2800,False
172100000,0,0,1024,2800,False
172100043,0,0,1024,2800,False
172200014,0,0,1024,2800,False
172200055,0,0,1024,2800,False
172300012,0,0,1024,2800,False
172300049,0,0,1024,2800,False
172400002,0,0,1024,2800,False
172400041,0,0,1024,2757,False
175200000,0,0,1024,2800,False
175200037,0,0,1024,2800,False
175200076,0,0,1024,2800,False
175300042,0,162588,1024,2800,True
175300080,0,0,1024,2800,False
175400047,0,0,1024,2800,False
175500006,0,0,1024,2800,False
175500054,0,0,1024,2800,False
175600025,0,0,1024,2800,False
175900021,0,85218,1024,2800,True
175900064,0,0,1024,2800,False
176000011,0,0,1024,2800,False
176000050,0,0,1024,2800,False
99100008,0,0,1024,2800,False
99100045,0,0,1024,2800,False
99300001,0,0,1024,2800,False
99300060,0,0,1024,2800,False
99900010,0,0,1024,2800,False
99900060,0,0,1024,2800,False
100000010,0,0,1024,2800,False
100000049,0,23778,1024,2800,True
100100003,0,0,1024,2800,False
100100043,0,35642,1024,2800,True
100200001,0,0,1024,2800,False
100400025,0,0,1024,2800,False
100400066,0,0,1024,2800,False
100500023,0,0,1024,2800,False
100500079,0,0,1024,2800,False
100700033,0,0,1024,2800,False
100700079,0,0,1024,2800,False
101100033,0,0,1024,2800,False
101100072,0,0,1024,2800,False
101500019,0,0,1024,2800,False
101500060,0,0,1024,2800,False
101600015,0,0,1024,2800,False
101600073,0,0,1024,2800,False
101700035,0,0,1024,2800,False
101700082,0,0,1024,2800,False
101900018,0,0,1024,2800,False
101900073,0,0,1024,2800,False
102100032,0,0,1024,2800,False
103000041,0,0,1024,2800,False
103200022,0,0,1024,2800,False
103200060,0,0,1024,2800,False
103300024,0,0,1024,2800,False
103400047,0,0,1024,2800,False
103500004,90169,0,1024,2800,True
103500067,21744,0,1024,2800,True
103700042,3080,0,1024,2800,True
103900025,0,0,1024,2800,False
103900070,0,0,1024,2800,False
104600043,20623,0,1024,2800,True
104700020,0,0,1024,2800,False
104700068,0,0,1024,2800,False
104800015,0,0,1024,2800,False
104900025,0,0,1024,2800,False
104900064,0,27684,1024,2800,True
105100027,0,0,1024,2800,False
105100068,0,0,1024,2800,False
105200038,0,0,1024,2800,False
105300004,0,0,1024,2800,False
105300052,0,0,1024,2800,False
105400070,22310,0,1024,2800,True
105600024,0,0,1024,2800,False
105600063,0,0,1024,2800,False
105900011,0,0,1024,2800,False
105900049,0,0,1024,2800,False
106000039,0,0,1024,2800,False
106100024,44499,0,1024,2800,True
106100067,0,25026,1024,2800,True
106200033,0,0,1024,2800,False
106200082,0,0,1024,2800,False
106300034,0,0,1024,2800,False
106500019,0,0,1024,2800,False
106500064,0,0,1024,2800,False
106600022,0,0,1024,2786,False
106600061,0,0,1024,2800,False
106700079,0,0,1024,2800,False
106900032,0,0,1024,2800,False
106900069,0,0,1024,2800,False
107900025,0,0,1024,2800,False
107900066,0,0,1024,2800,False
108400052,22921,0,1024,2800,True
108600011,0,0,1024,2800,False
108600065,0,61,1024,2800,True
108900041,0,0,1024,2800,False
108900078,0,0,1024,2800,False
109200045,0,0,1024,2800,False
109300009,0,0,1024,2800,False
109300047,0,0,1024,2800,False
109600041,0,0,1024,2800,False
109600084,0,0,1024,2800,False
109700061,0,0,1024,2800,False
109800008,0,0,1024,2800,False
109800047,0,0,1024,2800,False
109800084,0,63041,1024,2800,True
110100049,0,0,1024,2800,False
110200007,0,0,1024,2800,False
110400038,0,35059,1024,2800,True
110500062,0,0,1024,2800,False
110700010,0,0,1024,2800,False
110700050,0,0,1024,2800,False
110900026,0,0,1024,2800,False
110900065,35958,0,1024,2800,True
111000038,53,0,1024,2800,True
111200036,0,37677,1024,2800,True
111200077,0,0,1024,2800,False
111400030,0,0,1024,2800,False
111400081,0,0,1024,2800,False
111500055,4,0,1024,2800,True
111700062,21773,0,1024,2800,True
111900011,20167,0,1024,2800,True
111900051,0,0,1024,2800,False
112000004,0,84714,1024,2800,True
112000048,14754,0,1024,2800,True
112500031,0,0,1024,2800,False
112500078,0,0,1024,2800,False
112600057,0,0,1024,2800,False
112800007,0,0,1024,2800,False
112800045,0,0,1024,2800,False
112800082,0,0,1024,2800,False
113100039,0,0,1024,2800,False
113300037,0,0,1024,2800,False
113300080,0,0,1024,2800,False
113400041,0,0,1024,2800,False
113500018,0,0,1024,2800,False
113700018,0,60118,1024,2800,True
113700056,0,16298,1024,2800,True
114500003,37810,0,1024,2800,True
114600015,0,0,1024,2800,False
114600053,0,0,1024,2800,False
114700042,0,95962,1024,2800,True
114700081,0,0,1024,2800,False
114900053,0,0,1024,2800,False
115100055,0,0,1024,2800,False
115300021,7691,0,1024,2800,True
115500047,0,0,1024,2800,False
115600024,0,0,1024,2800,False
115600064,0,0,1024,2800,False
116100005,0,0,1024,2800,False
116100042,0,0,1024,2800,False
116400003,0,0,1024,2800,False
116400069,0,0,1024,2800,False
116900008,34432,0,1024,2800,True
116900046,0,0,1024,2800,False
117600001,15418,41878,1024,2800,True
117700064,20679,0,1024,2800,True
117900029,0,0,1024,2800,False
117900076,0,194287,1024,2800,True
118300030,0,0,1024,2800,False
118300069,0,0,1024,2800,False
118500016,0,0,1024,2800,False
118600022,0,0,1024,2800,False
118600078,0,0,1024,2800,False
118800036,0,0,1024,2800,False
118800075,0,0,1024,2800,False
118900051,0,0,1024,2800,False
119100029,0,80081,1024,2800,True
119100068,0,57312,1024,2800,True
119300083,0,0,1024,2800,False
119400030,6257,0,1024,2800,True
119400067,0,0,1024,2756,False
119700044,0,0,1024,2800,False
120000026,19017,0,1024,2800,True
120000063,0,0,1024,2800,False
120200018,0,0,1024,2800,False
120200059,0,149772,1024,2800,True
120300052,0,0,1024,2800,False
121200004,0,0,1024,2800,False
121200056,0,0,1024,2800,False
121400017,0,0,1024,2800,False
121400077,0,0,1024,2800,False
121500032,0,53732,1024,2800,True
121500071,0,0,1024,2800,False
121600070,0,0,1024,2800,False
121800033,0,0,1024,2800,False
121800070,0,0,1024,2800,False
121900060,0,0,1024,2800,False
122300032,0,0,1024,2800,False
122300075,0,0,1024,2800,False
122400043,0,0,1024,2800,False
122500008,0,0,1024,2800,False
122500048,0,0,1024,2800,False
122600042,0,0,1024,2800,False
122600079,0,0,1024,2800,False
122700048,0,0,1024,2800,False
122900014,0,79164,1024,2800,True
122900067,43666,0,1024,2800,True
123300008,0,0,1024,2800,False
123300051,0,0,1024,2800,False
123600024,0,0,1024,2800,False
123600082,0,0,1024,2800,False
123700034,0,0,1024,2800,False
123700072,0,21278,1024,2800,True
123800026,0,66880,1024,2800,True
123800064,0,0,1024,2800,False
124000022,0,0,1024,2800,False
124000082,0,0,1024,2800,False
124200032,0,0,1024,2800,False
124400000,0,0,1024,2800,False
124400038,36814,0,1024,2800,True
124500031,0,0,1024,2800,False
124600003,0,0,1024,2800,False
124600053,3057,0,1024,2800,True
124700031,0,0,1024,2800,False
124700069,0,0,1024,2800,False
124800022,0,0,1024,2800,False
124800061,0,0,1024,2800,False
125100021,0,0,1024,2800,False
125100063,0,0,1024,2800,False
125200035,0,0,1024,2800,False
125400005,0,0,1024,2800,False
125400046,0,0,1024,2800,False
125400084,0,0,1024,2800,False
125600036,0,0,1024,2800,False
125600080,17114,0,1024,2800,True
125700040,0,0,1024,2800,False
125700079,0,0,1024,2800,False
125800026,0,0,1024,2800,False
125800080,0,76953,1024,2800,True
126600038,0,0,1024,2800,False
126800001,0,0,1024,2800,False
126800039,0,0,1024,2800,False
126800076,0,0,1024,2800,False
127000023,0,39438,1024,2800,True
127200004,0,0,1024,2800,False
127200076,0,0,1024,2800,False
127300023,0,0,1024,2800,False
127300064,0,0,1024,2800,False
127600016,0,0,1024,2800,False
127600057,0,0,1024,2800,False
127900072,0,0,1024,2800,False
128200030,0,0,1024,2800,False
128200068,0,0,1024,2800,False
128300015,24684,0,1024,2800,True
128300062,0,0,1024,2800,False
128500017,0,0,1024,2800,False
128500056,0,0,1024,2800,False
128700069,0,0,1024,2800,False
129100002,0,0,1024,2800,False
129100059,0,0,1024,2800,False
129300006,0,0,1024,2800,False
129300051,0,0,1024,2800,False
129400014,0,0,1024,2800,False
129400058,0,0,1024,2800,False
129500005,0,0,1024,2800,False
129500045,0,0,1024,2800,False
129700036,0,0,1024,2800,False
129700075,0,0,1024,2800,False
129800022,0,0,1024,2800,False
129800075,0,0,1024,2800,False
129900039,0,0,1024,2800,False
130200011,0,0,1024,2800,False
130300041,0,0,1024,2800,False
130400047,0,0,1024,2800,False
130500024,19200,0,1024,2800,True
130500063,0,0,1024,2800,False
130700082,0,0,1024,2800,False
130800035,0,0,1024,2767,False
130800073,0,82370,1024,2800,True
131000046,0,0,1024,2800,False
131100074,0,0,1024,2800,False
131600023,0,0,1024,2800,False
131600064,0,0,1024,2800,False
131900037,0,0,1024,2800,False
132200074,0,0,1024,2800,False
132300022,0,0,1024,2800,False
132500035,0,0,1024,2800,False
132500080,0,0,1024,2800,False
133200032,0,0,1024,2800,False
133200070,0,0,1024,2800,False
133500041,0,0,1024,2800,False
133600049,0,0,1024,2800,False
133700007,0,0,1024,2800,False
133700045,13438,0,1024,2800,True
134000014,11314,21476,1024,2800,True
134000073,0,0,1024,2800,False
134200012,0,0,1024,2800,False
134200056,0,0,1024,2800,False
134600008,0,0,1024,2800,False
134600054,0,0,1024,2800,False
134700002,0,0,1024,2800,False
134700048,0,0,1024,2800,False
134900065,0,0,1024,2800,False
135300084,0,0,1024,2800,False
135500006,0,0,1024,2800,False
135500043,8881,0,1024,2800,True
135500080,0,0,1024,2800,False
135700039,0,0,1024,2800,False
135700077,0,0,1024,2800,False
135800065,0,0,1024,2800,False
135900072,0,0,1024,2800,False
136200023,0,0,1024,2800,False
136200060,0,0,1024,2800,False
136500036,0,70024,1024,2800,True
136700047,0,0,1024,2800,False
136900002,0,0,1024,2800,False
137000070,0,0,1024,2800,False
137100017,0,0,1024,2800,False
137100063,0,0,1024,2800,False
137400021,0,0,1024,2800,False
137400074,0,30944,1024,2800,True
137600021,0,0,1024,2800,False
137600076,0,0,1024,2800,False
137900043,0,0,1024,2800,False
138000010,0,0,1024,2800,False
138000051,0,0,1024,2800,False
138200004,11428,0,1024,2800,True
138200059,33720,0,1024,2800,True
138400007,0,0,1024,2800,False
138400047,8926,0,1024,2800,True
138500001,0,0,1024,2800,False
138500050,0,0,1024,2800,False
138700011,0,0,1024,2800,False
138700048,0,0,1024,2800,False
138900004,0,0,1024,2800,False
138900043,0,32831,1024,2800,True
139100002,0,0,1024,2800,False
139100048,0,0,1024,2800,False
139200001,0,0,1024,2800,False
139200038,0,0,1024,2800,False
140200004,0,0,1024,2800,False
140200042,33639,0,1024,2800,True
140300004,0,0,1024,2800,False
140300065,0,52265,1024,2800,True
140500040,0,0,1024,2800,False
140700010,19462,0,1024,2800,True
140700066,0,0,1024,2800,False
140800038,0,0,1024,2800,False
140900003,0,0,1024,2800,False
140900052,0,0,1024,2800,False
141000042,0,0,1024,2800,False
141100021,0,0,1024,2800,False
141100062,11055,0,1024,2800,True
141200029,0,0,1024,2800,False
141200083,26916,0,1024,2800,True
141400054,6532,0,1024,2800,True
141500004,0,0,1024,2800,False
142000002,0,0,1024,2800,False
142100066,0,0,1024,2800,False
142200036,0,35291,1024,2800,True
142200080,0,0,1024,2800,False
142500043,0,0,1024,2800,False
142800029,0,52741,1024,2795,True
142800083,9849,0,1024,2800,True
143400029,0,0,1024,2800,False
143400069,0,0,1024,2800,False
143600017,0,0,1024,2800,False
143600053,6425,0,1024,2800,True
143900006,0,0,1024,2800,False
143900045,0,0,1024,2800,False
144000036,0,0,1024,2800,False
144000076,0,0,1024,2800,False
144100035,0,0,1024,2800,False
144100077,0,0,1024,2800,False
144200045,0,35940,1024,2800,True
144500001,15816,60511,1024,2800,True
144500040,0,60324,1024,2800,True
144800051,0,0,1024,2800,False
144900003,0,0,1024,2800,False
144900041,0,0,1024,2800,False
145000026,0,0,1024,2800,False
145000065,0,0,1024,2800,False
145100016,0,0,1024,2800,False
145100056,0,0,1024,2800,False
145200021,0,0,1024,2800,False
145200059,0,0,1024,2800,False
145300027,0,56994,1024,2800,True
146300011,0,0,1024,2800,False
146300069,0,0,1024,2800,False
147200033,0,0,1024,2800,False
147200078,0,0,1024,2800,False
147900001,0,30377,1024,2800,True
147900069,7013,0,1024,2800,True
148000054,0,0,1024,2800,False
148100018,0,0,1024,2800,False
148300038,0,0,1024,2800,False
148400016,0,0,1024,2800,False
148400075,0,0,1024,2800,False
148500022,0,0,1024,2800,False
148500079,0,0,1024,2800,False
148600054,0,0,1024,2800,False
148800032,0,0,1024,2800,False
148800070,0,0,1024,2800,False
148900032,0,0,1024,2800,False
149000004,0,0,1024,2800,False
149000043,16623,0,1024,2800,True
149200006,0,0,1024,2800,False
149200045,0,0,1024,2800,False
149200082,0,0,1024,2800,False
149400040,0,0,1024,2800,False
149400078,0,83881,1024,2800,True
149500036,0,0,1024,2800,False
149500079,0,0,1024,2800,False
149600035,0,0,1024,2800,False
149600073,0,0,1024,2800,False
149700025,0,0,1024,2800,False
149800039,0,0,1024,2800,False
149900033,0,0,1024,2800,False
150000011,0,0,1024,2800,False
150000049,0,0,1024,2800,False
150100003,0,0,1024,2800,False
150100042,0,24534,1024,2800,True
150200064,0,76431,1024,2800,True
150400012,0,0,1024,2800,False
150400050,0,112307,1024,2800,True
150600010,0,0,1024,2800,False
150600061,0,0,1024,2800,False
150700020,0,0,1024,2800,False
150700068,0,0,1024,2800,False
150800025,0,0,1024,2800,False
150800067,0,0,1024,2800,False
150900022,0,74294,1024,2800,True
150900066,0,0,1024,2800,False
151000016,0,0,1024,2800,False
151000059,0,0,1024,2800,False
151100016,0,0,1024,2800,False
151800019,0,0,1024,2800,False
151800060,0,0,1024,2800,False
151900007,0,105264,1024,2800,True
151900049,0,0,1024,2800,False
152000007,0,101442,1024,2800,True
152000047,0,0,1024,2800,False
152100039,0,0,1024,2800,False
152300003,0,0,1024,2800,False
152300046,0,0,1024,2800,False
152400007,0,0,1024,2800,False
152400069,0,0,1024,2800,False
152600047,0,0,1024,2800,False
152700012,0,0,1024,2800,False
152700056,0,0,1024,2800,False
152800003,0,0,1024,2800,False
152800055,0,0,1024,2800,False
152900021,0,0,1024,2800,False
152900069,0,0,1024,2800,False
153000026,0,0,1024,2800,False
153000072,0,0,1024,2800,False
153100019,0,0,1024,2800,False
153200000,0,0,1024,2800,False
153200038,0,0,1024,2800,False
153200078,0,0,1024,2800,False
153300043,0,0,1024,2800,False
153300084,0,0,1024,2800,False
153500039,0,0,1024,2800,False
153600004,0,0,1024,2800,False
153600048,0,39872,1024,2800,True
153700011,0,0,1024,2800,False
153700065,0,0,1024,2800,False
153800012,0,0,1024,2800,False
153800049,6786,0,1024,2800,True
154000014,0,0,1024,2800,False
154000058,0,0,1024,2800,False
154500062,0,0,1024,2800,False
154700028,0,0,1024,2800,False
154700082,0,0,1024,2800,False
155000046,0,0,1024,2800,False
155000084,0,0,1024,2800,False
155100034,0,0,1024,2770,False
155100081,0,0,1024,2800,False
155200058,0,0,1024,2800,False
155400022,0,0,1024,2800,False
156300007,0,0,1024,2800,False
156300045,0,0,1024,2800,False
156300083,0,0,1024,2800,False
156400075,0,0,1024,2793,False
156600006,0,0,1024,2800,False
156600069,0,0,1024,2800,False
156700037,0,0,1024,2800,False
157200013,0,0,1024,2800,False
157200059,16761,59170,1024,2800,True
157400006,0,0,1024,2800,False
157500026,0,36109,1024,2800,True
157500065,0,0,1024,2800,False
157600027,0,0,1024,2800,False
157600073,0,0,1024,2800,False
157900000,0,0,1024,2800,False
158000040,0,0,1024,2800,False
158000078,0,0,1024,2800,False
158100045,0,0,1024,2800,False
158300001,0,0,1024,2800,False
158300039,0,0,1024,2800,False
158300077,0,0,1024,2800,False
158500041,0,0,1024,2800,False
158500084,0,65773,1024,2800,True
158600037,0,0,1024,2800,False
158600080,0,0,1024,2800,False
158700072,0,0,1024,2800,False
158800079,0,0,1024,2800,False
158900040,0,0,1024,2800,False
159000032,0,0,1024,2800,False
159300054,0,20474,1024,2800,True
160000009,0,0,1024,2800,False
160000058,0,0,1024,2800,False
160200031,0,0,1024,2800,False
160200072,0,51830,1024,2800,True
160300032,0,63564,1024,2800,True
160300070,0,0,1024,2800,False
160400032,0,0,1024,2800,False
160600047,34745,0,1024,2800,True
160800001,0,0,1024,2800,False
160800044,0,0,1024,2800,False
160800084,0,0,1024,2800,False
160900070,0,0,1024,2800,False
161200035,0,0,1024,2800,False
161200073,12245,0,1024,2800,True
161300031,0,0,1024,2800,False
161300070,0,0,1024,2800,False
161500017,0,26548,1024,2800,True
161500056,0,57539,1024,2800,True
161600014,0,0,1024,2800,False
161600069,0,0,1024,2800,False
161700016,0,0,1024,2800,False
161700053,0,0,1024,2800,False
161800018,0,0,1024,2800,False
161800058,0,0,1024,2800,False
161900005,0,112668,1024,2800,True
161900053,0,0,1024,2800,False
162100010,0,0,1024,2800,False
162100051,0,0,1024,2800,False
162300076,0,0,1024,2800,False
162500008,0,0,1024,2800,False
162500053,0,0,1024,2800,False
162600032,0,0,1024,2800,False
162600077,0,0,1024,2800,False
162700039,0,0,1024,2800,False
162800002,0,0,1024,2800,False
162800041,0,0,1024,2800,False
162800082,0,0,1024,2800,False
162900039,0,0,1024,2800,False
162900077,0,0,1024,2800,False
163000081,0,0,1024,2800,False
163100060,0,0,1024,2800,False
163200043,0,0,1024,2800,False
163300040,0,0,1024,2800,False
163300082,0,0,1024,2800,False
163700059,0,0,1024,2800,False
163800030,0,0,1024,2800,False
163800072,0,0,1024,2800,False
163900063,0,0,1024,2800,False
164000031,0,0,1024,2800,False
164000070,0,0,1024,2800,False
164300017,0,0,1024,2800,False
164500015,0,0,1024,2800,False
164500066,0,0,1024,2800,False
164600020,0,0,1024,2800,False
164600064,0,0,1024,2800,False
165200030,0,0,1024,2800,False
165200074,0,0,1024,2800,False
165300031,0,0,1024,2800,False
165300071,0,0,1024,2800,False
165400034,0,0,1024,2800,False
165400074,0,0,1024,2800,False
165500037,0,0,1024,2800,False
165500080,0,0,1024,2800,False
165600041,34526,0,1024,2800,True
165600078,0,0,1024,2800,False
165700038,0,0,1024,2800,False
165800001,0,0,1024,2800,False
165800062,0,0,1024,2800,False
165900016,0,0,1024,2800,False
165900058,0,0,1024,2800,False
166100036,0,0,1024,2800,False
166100080,0,0,1024,2800,False
166300038,0,0,1024,2800,False
166300078,0,0,1024,2800,False
166400034,0,46636,1024,2800,True
166400078,0,0,1024,2800,False
166600033,0,0,1024,2800,False
166600074,0,0,1024,2800,False
166700040,0,0,1024,2800,False
166800062,0,0,1024,2800,False
166900020,0,0,1024,2800,False
167000037,0,0,1024,2800,False
167000075,0,0,1024,2800,False
167100029,0,0,1024,2800,False
167100072,0,0,1024,2800,False
167200024,0,0,1024,2800,False
167200071,0,0,1024,2800,False
167300020,31907,0,1024,2800,True
167300066,0,7512,1024,2800,True
167600019,0,0,1024,2800,False
167600072,0,0,1024,2800,False
167700056,0,0,1024,2800,False
167800003,0,0,1024,2800,False
167900040,0,0,1024,2800,False
168000047,0,0,1024,2800,False
168100005,0,0,1024,2800,False
168100046,0,0,1024,2800,False
168200026,0,0,1024,2800,False
168200065,0,0,1024,2800,False
168300023,0,0,1024,2800,False
168300063,0,0,1024,2800,False
168400019,0,0,1024,2800,False
168400058,0,0,1024,2800,False
169300001,0,0,1024,2800,False
169300044,0,0,1024,2800,False
169300082,28203,0,1024,2800,True
169500084,0,0,1024,2800,False
169700000,0,49879,1024,2800,True
169800024,0,0,1024,2800,False
169800063,0,0,1024,2800,False
170400025,0,0,1024,2800,False
170400062,0,0,1024,2800,False
170700009,0,0,1024,2800,False
170700050,0,104693,1024,2800,True
170800011,0,0,1024,2800,False
170800054,0,0,1024,2800,False
170900006,0,0,1024,2800,False
170900046,0,107048,1024,2800,True
171000007,0,0,1024,2800,False
171000060,0,0,1024,2800,False
171100007,0,0,1024,2800,False
171100045,0,0,1024,2800,False
171100083,0,63045,1024,2800,True
171200043,0,0,1024,2800,False
171300007,0,0,1024,2800,False
171300058,0,0,1024,2800,False
171400021,0,63040,1024,2800,True
171500006,0,0,1024,2800,False
171500046,0,0,1024,2800,False
171600001,9776,62983,1024,2800,True
171600048,36192,0,1024,2800,True
171700014,0,94428,1024,2800,True
171700076,0,35989,1024,2800,True
171800069,0,0,1024,2800,False
171900031,0,0,1024,2800,False
172100001,0,0,1024,2800,False
172100044,0,0,1024,2800,False
172200015,0,0,1024,2800,False
172200056,0,0,1024,2800,False
172300013,0,0,1024,2800,False
172300050,0,0,1024,2800,False
172400003,0,0,1024,2800,False
172400051,25658,0,1024,2800,True
175200001,0,0,1024,2800,False
175200038,0,0,1024,2800,False
175200077,0,0,1024,2800,False
175300043,0,0,1024,2800,False
175300081,0,0,1024,2800,False
175400048,0,0,1024,2800,False
175500007,0,0,1024,2800,False
175500055,0,0,1024,2800,False
175600026,0,0,1024,2800,False
175900022,0,0,1024,2800,False
175900065,0,0,1024,2800,False
176000012,0,0,1024,2800,False
176000051,0,0,1024,2796,False
99100009,0,0,1024,2800,False
99100046,0,0,1024,2800,False
99300002,0,0,1024,2800,False
99300061,0,0,1024,2800,False
99900011,2,0,1024,2800,True
99900062,31603,0,1024,2800,True
100000011,0,0,1024,2800,False
100000050,0,0,1024,2800,False
100100004,0,0,1024,2800,False
100100044,0,0,1024,2800,False
100200002,0,0,1024,2800,False
100400026,0,0,1024,2800,False
100400067,0,0,1024,2800,False
100500024,0,0,1024,2800,False
100500080,0,0,1024,2800,False
100700034,0,0,1024,2800,False
100700080,0,0,1024,2800,False
101100034,0,0,1024,2800,False
101100073,0,0,1024,2800,False
101500020,0,0,1024,2800,False
101500061,0,0,1024,2800,False
101600016,0,37822,1024,2800,True
101600074,0,0,1024,2800,False
101700036,0,0,1024,2800,False
101700083,0,0,1024,2800,False
101900019,0,0,1024,2800,False
101900074,0,0,1024,2800,False
103000000,0,0,1024,2800,False
103000042,0,0,1024,2800,False
103200023,0,0,1024,2800,False
103200061,0,0,1024,2800,False
103300025,0,0,1024,2800,False
103400048,0,0,1024,2800,False
103500005,43392,0,1024,2800,True
103500068,25453,0,1024,2800,True
103700043,27017,0,1024,2800,True
103900026,0,0,1024,2793,False
103900071,15344,0,1024,2800,True
104600044,27095,0,1024,2800,True
104700021,31719,0,1024,2800,True
104700069,0,0,1024,2800,False
104800016,0,0,1024,2800,False
104900026,0,0,1024,2800,False
104900065,0,0,1024,2800,False
105100028,0,0,1024,2800,False
105100069,0,0,1024,2800,False
105200039,0,0,1024,2800,False
105300005,0,0,1024,2800,False
105300053,0,69314,1024,2800,True
105400071,0,0,1024,2800,False
105600025,0,0,1024,2800,False
105600064,0,0,1024,2800,False
105900012,0,59771,1024,2800,True
105900050,0,0,1024,2800,False
106000040,0,0,1024,2800,False
106100025,13720,0,1024,2800,True
106100068,0,0,1024,2800,False
106200034,0,17545,1024,2800,True
106200083,0,0,1024,2800,False
106300035,0,0,1024,2800,False
106500020,0,0,1024,2800,False
106500065,0,0,1024,2800,False
106600023,0,0,1024,2758,False
106600068,0,0,1024,2800,False
106700080,0,0,1024,2800,False
106900033,0,0,1024,2800,False
106900070,0,52284,1024,2800,True
107900026,0,0,1024,2800,False
107900067,0,0,1024,2800,False
108400053,0,0,1024,2800,False
108600012,0,0,1024,2800,False
108600066,0,0,1024,2800,False
108900042,0,0,1024,2800,False
108900079,0,0,1024,2800,False
109200046,0,0,1024,2800,False
109300010,0,0,1024,2800,False
109300048,0,0,1024,2800,False
109600042,0,0,1024,2800,False
109700017,0,0,1024,2800,False
109700062,0,0,1024,2800,False
109800009,0,0,1024,2800,False
109800048,0,0,1024,2800,False
110100013,17161,0,1024,2800,True
110100050,0,0,1024,2800,False
110200008,0,0,1024,2800,False
110400039,0,0,1024,2800,False
110500063,0,0,1024,2800,False
110700011,0,0,1024,2800,False
110700051,0,0,1024,2800,False
110900027,0,0,1024,2800,False
110900066,27372,0,1024,2800,True
111000039,0,0,1024,2800,False
111200037,0,0,1024,2800,False
111200078,0,0,1024,2800,False
111400031,0,0,1024,2800,False
111400082,0,0,1024,2800,False
111500056,0,0,1024,2800,False
111700064,5355,81288,1024,2800,True
111900012,37993,0,1024,2800,True
111900052,0,0,1024,2800,False
112000005,0,0,1024,2800,False
112000049,0,0,1024,2800,False
112500032,0,0,1024,2800,False
112500079,0,0,1024,2757,False
112600058,0,0,1024,2800,False
112800008,0,0,1024,2800,False
112800046,0,0,1024,2800,False
112800083,0,0,1024,2800,False
113100040,0,0,1024,2800,False
113300038,0,0,1024,2800,False
113300081,0,0,1024,2800,False
113400042,0,0,1024,2800,False
113500019,0,0,1024,2800,False
113700019,0,55478,1024,2800,True
113700057,0,0,1024,2800,False
114500004,33024,0,1024,2800,True
114600016,0,0,1024,2800,False
114600054,0,0,1024,2800,False
114700043,0,0,1024,2800,False
114700082,0,0,1024,2800,False
114900054,3039,6,1024,2800,True
115100056,0,0,1024,2800,False
115300023,0,0,1024,2800,False
115500048,0,35820,1024,2800,True
115600025,0,40624,1024,2800,True
115600065,4017,18708,1024,2800,True
116100006,0,0,1024,2800,False
116100043,0,0,1024,2800,False
116400004,0,0,1024,2800,False
116400070,12946,0,1024,2800,True
116900009,27599,0,1024,2800,True
116900053,20014,70020,1024,2800,True
117700033,0,0,1024,2800,False
117700073,0,0,1024,2800,False
117900030,0,0,1024,2800,False
117900077,0,0,1024,2800,False
118300031,0,0,1024,2800,False
118300070,0,0,1024,2800,False
118500017,0,0,1024,2800,False
118600023,0,0,1024,2800,False
118600079,0,0,1024,2800,False
118800037,0,0,1024,2800,False
118800077,0,0,1024,2800,False
118900052,0,0,1024,2800,False
119100030,0,0,1024,2800,False
119100069,0,0,1024,2800,False
119300084,0,0,1024,2800,False
119400036,0,0,1024,2800,False
119400074,0,0,1024,2800,False
119700045,0,0,1024,2800,False
120000027,14546,0,1024,2800,True
120000064,0,127470,1024,2800,True
120200020,0,84122,1024,2800,True
120200061,0,0,1024,2800,False
120300053,0,0,1024,2800,False
121200005,0,0,1024,2800,False
121200057,0,0,1024,2800,False
121400018,0,0,1024,2800,False
121400078,0,31746,1024,2800,True
121500033,0,108126,1024,2800,True
121500072,0,0,1024,2800,False
121600071,0,0,1024,2800,False
121800034,0,0,1024,2800,False
121800071,0,0,1024,2800,False
121900061,0,0,1024,2800,False
122300033,0,0,1024,2800,False
122300076,0,0,1024,2800,False
122400044,0,0,1024,2800,False
122500009,0,0,1024,2800,False
122500049,0,0,1024,2800,False
122600043,0,0,1024,2800,False
122600080,0,0,1024,2800,False
122700049,0,0,1024,2800,False
122900015,0,0,1024,2800,False
122900068,0,0,1024,2800,False
123300009,0,73022,1024,2800,True
123300052,0,0,1024,2800,False
123600025,0,0,1024,2800,False
123600083,0,0,1024,2800,False
123700035,0,0,1024,2800,False
123700073,0,0,1024,2800,False
123800027,0,0,1024,2800,False
123800065,0,71436,1024,2800,True
124000023,0,0,1024,2800,False
124000083,0,54890,1024,2800,True
124200033,0,0,1024,2800,False
124400001,0,0,1024,2800,False
124400039,32708,0,1024,2800,True
124500032,0,32714,1024,2800,True
124600004,0,0,1024,2800,False
124600054,13675,0,1024,2800,True
124700032,0,0,1024,2800,False
124700070,0,0,1024,2800,False
124800023,0,0,1024,2800,False
124800062,0,0,1024,2800,False
125100022,0,0,1024,2800,False
125100064,0,0,1024,2800,False
125200036,0,0,1024,2800,False
125400006,0,25527,1024,2800,True
125400047,0,0,1024,2800,False
125600000,0,0,1024,2800,False
125600037,0,0,1024,2800,False
125600081,0,0,1024,2800,False
125700041,0,0,1024,2800,False
125700080,0,0,1024,2800,False
125800027,0,0,1024,2800,False
125800081,0,0,1024,2800,False
126600039,0,0,1024,2800,False
126800002,0,0,1024,2800,False
126800040,0,0,1024,2800,False
126800077,0,0,1024,2800,False
127000024,0,0,1024,2800,False
127200005,0,0,1024,2800,False
127200077,0,18345,1024,2800,True
127300024,0,0,1024,2800,False
127300065,0,0,1024,2800,False
127600017,0,0,1024,2800,False
127600058,24400,0,1024,2800,True
127900073,0,0,1024,2800,False
128200031,0,73169,1024,2800,True
128200069,0,0,1024,2800,False
128300017,13840,0,1024,2800,True
128300063,0,0,1024,2800,False
128500018,0,37892,1024,2800,True
128500057,0,0,1024,2800,False
128700070,0,0,1024,2800,False
129100003,0,0,1024,2800,False
129100060,0,0,1024,2800,False
129300007,0,0,1024,2800,False
129300052,0,0,1024,2800,False
129400015,0,0,1024,2800,False
129400059,0,17560,1024,2800,True
129500006,0,0,1024,2800,False
129500046,0,0,1024,2800,False
129700037,0,0,1024,2800,False
129700076,0,0,1024,2800,False
129800032,0,0,1024,2800,False
129800076,0,0,1024,2800,False
129900040,0,0,1024,2800,False
130200012,0,0,1024,2800,False
130300042,17511,0,1024,2800,True
130400048,0,0,1024,2800,False
130500025,0,0,1024,2800,False
130500064,0,0,1024,2800,False
130700083,0,0,1024,2800,False
130800036,0,60465,1024,2737,True
130800074,0,0,1024,2800,False
131000047,0,0,1024,2800,False
131100075,0,0,1024,2800,False
131600024,0,0,1024,2800,False
131600065,0,0,1024,2800,False
131900038,0,0,1024,2800,False
132200075,0,0,1024,2800,False
132300023,0,0,1024,2800,False
132500036,0,0,1024,2800,False
132500081,0,0,1024,2800,False
133200033,0,0,1024,2800,False
133200071,0,0,1024,2800,False
133500042,0,0,1024,2800,False
133600050,0,0,1024,2800,False
133700008,0,0,1024,2800,False
133700046,0,0,1024,2800,False
134000015,0,47257,1024,2800,True
134000074,0,0,1024,2800,False
134200013,0,0,1024,2800,False
134200058,0,0,1024,2800,False
134600009,0,0,1024,2800,False
134600055,0,0,1024,2800,False
134700003,0,0,1024,2800,False
134700049,0,0,1024,2800,False
134900066,18973,0,1024,2800,True
135400055,0,36743,1024,2800,True
135500007,0,41810,1024,2800,True
135500044,6783,0,1024,2800,True
135500081,0,0,1024,2800,False
135700040,0,0,1024,2800,False
135700078,0,0,1024,2800,False
135800066,0,0,1024,2800,False
135900073,0,0,1024,2800,False
136200024,0,0,1024,2800,False
136200061,0,0,1024,2800,False
136500037,0,0,1024,2800,False
136700048,0,0,1024,2800,False
136900003,13949,49385,1024,2800,True
137000071,0,0,1024,2800,False
137100018,0,0,1024,2800,False
137100064,0,0,1024,2800,False
137400022,0,0,1024,2800,False
137400075,0,41357,1024,2800,True
137600022,0,31095,1024,2800,True
137600077,0,0,1024,2800,False
137900044,0,0,1024,2800,False
138000011,0,0,1024,2800,False
138000052,0,0,1024,2800,False
138200014,0,0,1024,2800,False
138200062,33889,0,1024,2800,True
138400008,0,0,1024,2800,False
138400048,0,0,1024,2800,False
138500002,0,0,1024,2800,False
138500051,0,0,1024,2800,False
138700012,0,0,1024,2800,False
138700049,0,0,1024,2800,False
138900005,0,0,1024,2800,False
138900044,0,0,1024,2800,False
139100003,0,0,1024,2800,False
139100049,0,0,1024,2800,False
139200002,0,0,1024,2800,False
139200039,0,0,1024,2800,False
140200005,0,0,1024,2800,False
140200043,5374,0,1024,2800,True
140300005,11981,0,1024,2800,True
140300066,7029,0,1024,2800,True
140500041,0,32523,1024,2800,True
140700013,35701,0,1024,2800,True
140700067,0,93463,1024,2800,True
140800039,0,0,1024,2800,False
140900004,0,0,1024,2800,False
140900053,0,0,1024,2800,False
141000043,0,0,1024,2800,False
141100022,0,0,1024,2800,False
141100063,16888,0,1024,2800,True
141200030,0,0,1024,2800,False
141400002,0,0,1024,2800,False
141400055,0,0,1024,2800,False
141500005,0,0,1024,2800,False
142000003,0,0,1024,2800,False
142100067,0,0,1024,2800,False
142200037,0,0,1024,2800,False
142200081,0,22601,1024,2800,True
142500044,0,0,1024,2800,False
142800030,13724,0,1024,2788,True
142800084,24538,0,1024,2800,True
143400030,0,0,1024,2800,False
143400070,0,0,1024,2800,False
143600018,0,0,1024,2800,False
143600054,0,0,1024,2800,False
143900007,19757,0,1024,2800,True
143900046,0,0,1024,2800,False
144000037,0,0,1024,2800,False
144000077,0,0,1024,2800,False
144100036,0,0,1024,2800,False
144100078,0,0,1024,2800,False
144200046,0,0,1024,2800,False
144500002,0,0,1024,2800,False
144500041,0,0,1024,2800,False
144800052,0,0,1024,2800,False
144900004,0,0,1024,2800,False
144900042,0,0,1024,2800,False
145000027,0,0,1024,2800,False
145000066,0,0,1024,2800,False
145100017,0,0,1024,2800,False
145100057,0,0,1024,2800,False
145200022,0,0,1024,2800,False
145200060,0,0,1024,2800,False
145300028,0,0,1024,2800,False
146300012,0,0,1024,2800,False
146300070,0,0,1024,2800,False
147200034,0,0,1024,2800,False
147200079,0,0,1024,2800,False
147900002,0,0,1024,2800,False
147900070,35556,0,1024,2800,True
148000055,0,0,1024,2800,False
148100019,0,0,1024,2800,False
148300039,0,0,1024,2800,False
148400018,0,0,1024,2800,False
148400076,0,0,1024,2800,False
148500023,0,0,1024,2800,False
148500080,0,0,1024,2800,False
148600055,0,0,1024,2800,False
148800033,0,0,1024,2800,False
148800071,0,0,1024,2800,False
148900033,0,0,1024,2800,False
149000005,0,0,1024,2800,False
149000044,22276,0,1024,2800,True
149200007,0,0,1024,2800,False
149200046,0,0,1024,2800,False
149200083,0,0,1024,2800,False
149400041,0,0,1024,2800,False
149400079,0,0,1024,2800,False
149500037,0,52668,1024,2800,True
149500080,0,0,1024,2800,False
149600036,0,0,1024,2800,False
149600074,0,0,1024,2800,False
149700026,0,0,1024,2800,False
149800040,0,0,1024,2800,False
149900034,33651,0,1024,2800,True
150000012,0,36994,1024,2800,True
150000050,0,0,1024,2800,False
150100004,0,0,1024,2800,False
150100043,0,40919,1024,2800,True
150200065,0,0,1024,2800,False
150400013,0,0,1024,2800,False
150400051,0,0,1024,2800,False
150600011,0,0,1024,2800,False
150600062,0,0,1024,2800,False
150700021,0,0,1024,2800,False
150700069,0,0,1024,2800,False
150800026,0,0,1024,2800,False
150800068,0,0,1024,2800,False
150900023,0,0,1024,2800,False
150900067,0,0,1024,2800,False
151000017,0,95393,1024,2800,True
151000060,0,0,1024,2800,False
151100017,4418,68300,1024,2800,True
151800020,0,0,1024,2800,False
151800061,0,0,1024,2800,False
151900008,0,0,1024,2800,False
151900050,0,48720,1024,2800,True
152000008,0,0,1024,2800,False
152000048,0,0,1024,2800,False
152100040,0,0,1024,2800,False
152300004,0,0,1024,2800,False
152300047,0,0,1024,2800,False
152400008,0,0,1024,2800,False
152400070,0,0,1024,2800,False
152600048,0,0,1024,2800,False
152700013,0,0,1024,2800,False
152700057,0,0,1024,2800,False
152800004,0,0,1024,2800,False
152800056,0,0,1024,2800,False
152900022,0,0,1024,2800,False
152900070,0,0,1024,2800,False
153000027,0,0,1024,2800,False
153000073,0,0,1024,2800,False
153100020,7160,0,1024,2800,True
153200001,0,0,1024,2800,False
153200039,0,0,1024,2800,False
153200079,0,0,1024,2800,False
153300044,0,0,1024,2800,False
153500000,0,0,1024,2800,False
153500040,0,51162,1024,2800,True
153600005,0,0,1024,2800,False
153600049,0,0,1024,2800,False
153700012,0,0,1024,2800,False
153700066,0,0,1024,2800,False
153800013,0,0,1024,2800,False
153800050,7308,14543,1024,2800,True
154000015,0,62519,1024,2800,True
154000059,0,0,1024,2800,False
154500063,0,0,1024,2800,False
154700029,0,0,1024,2800,False
154700083,0,0,1024,2800,False
155000047,0,0,1024,2800,False
155100003,0,0,1024,2800,False
155100042,0,0,1024,2800,False
155100082,0,0,1024,2800,False
155200059,0,0,1024,2800,False
155400023,0,0,1024,2800,False
156300008,0,0,1024,2800,False
156300046,31715,144733,1024,2800,True
156300084,0,0,1024,2800,False
156400076,0,0,1024,2782,False
156600007,0,0,1024,2800,False
156600070,0,0,1024,2800,False
156700038,0,0,1024,2800,False
157200014,0,59057,1024,2800,True
157200060,0,0,1024,2800,False
157400007,0,0,1024,2800,False
157500027,0,0,1024,2800,False
157500066,0,102808,1024,2800,True
157600028,0,0,1024,2800,False
157600074,0,0,1024,2800,False
157900001,0,0,1024,2800,False
158000041,0,0,1024,2800,False
158000079,0,0,1024,2800,False
158100046,0,0,1024,2800,False
158300002,0,0,1024,2800,False
158300040,0,0,1024,2800,False
158300078,0,0,1024,2800,False
158500042,0,0,1024,2800,False
158600000,0,0,1024,2800,False
158600038,0,0,1024,2800,False
158600081,0,0,1024,2800,False
158700073,0,0,1024,2800,False
158800080,0,0,1024,2800,False
158900041,0,0,1024,2800,False
159000033,0,0,1024,2800,False
159300055,0,0,1024,2800,False
160000010,0,0,1024,2800,False
160000059,18654,0,1024,2800,True
160200032,0,62784,1024,2800,True
160200073,0,0,1024,2800,False
160300033,0,0,1024,2800,False
160300071,0,0,1024,2800,False
160400033,0,0,1024,2800,False
160600048,34695,0,1024,2800,True
160800002,0,0,1024,2800,False
160800045,0,0,1024,2800,False
160900039,0,0,1024,2800,False
160900078,0,0,1024,2800,False
161200036,0,0,1024,2800,False
161200074,0,0,1024,2800,False
161300032,0,0,1024,2800,False
161300071,0,0,1024,2800,False
161500018,0,0,1024,2800,False
161500057,0,0,1024,2800,False
161600015,0,0,1024,2800,False
161600070,0,0,1024,2800,False
161700017,4440,55642,1024,2800,True
161700063,12860,0,1024,2800,True
161800019,0,0,1024,2800,False
161800059,0,0,1024,2800,False
161900006,0,64822,1024,2800,True
161900054,0,0,1024,2800,False
162100011,0,0,1024,2800,False
162100052,0,0,1024,2800,False
162300077,0,0,1024,2800,False
162500009,0,0,1024,2800,False
162500054,0,0,1024,2800,False
162600033,0,0,1024,2800,False
162600078,0,0,1024,2800,False
162700040,0,0,1024,2800,False
162800003,0,0,1024,2800,False
162800042,0,0,1024,2800,False
162800083,0,0,1024,2800,False
162900040,0,0,1024,2800,False
162900078,0,0,1024,2800,False
163000082,0,0,1024,2800,False
163100061,0,0,1024,2800,False
163200044,0,0,1024,2800,False
163300041,14686,70939,1024,2800,True
163300083,0,0,1024,2800,False
163700060,17093,0,1024,2800,True
163800031,0,0,1024,2800,False
163800073,0,0,1024,2800,False
163900064,0,0,1024,2800,False
164000032,0,0,1024,2800,False
164000071,0,0,1024,2800,False
164300018,0,0,1024,2800,False
164500016,0,0,1024,2800,False
164500067,0,0,1024,2800,False
164600021,0,0,1024,2800,False
164600065,0,0,1024,2800,False
165200031,0,0,1024,2800,False
165200075,0,0,1024,2800,False
165300032,0,0,1024,2800,False
165300072,0,0,1024,2800,False
165400035,0,0,1024,2800,False
165400075,0,0,1024,2800,False
165500038,0,0,1024,2800,False
165500081,0,0,1024,2800,False
165600042,15456,0,1024,2800,True
165600079,0,0,1024,2800,False
165700039,0,0,1024,2800,False
165800002,0,0,1024,2800,False
165800063,0,0,1024,2800,False
165900017,0,0,1024,2780,False
165900059,0,0,1024,2800,False
166100037,0,0,1024,2800,False
166100081,0,0,1024,2800,False
166300039,0,0,1024,2800,False
166300079,0,45551,1024,2800,True
166400035,0,0,1024,2800,False
166400079,0,0,1024,2800,False
166600034,0,0,1024,2800,False
166600075,0,0,1024,2800,False
166700041,0,0,1024,2800,False
166800063,0,0,1024,2800,False
166900021,0,0,1024,2800,False
167000038,0,0,1024,2800,False
167000076,0,0,1024,2800,False
167100030,0,0,1024,2800,False
167100073,0,0,1024,2800,False
167200025,0,0,1024,2800,False
167200072,0,0,1024,2800,False
167300021,34809,0,1024,2800,True
167300067,0,0,1024,2800,False
167600020,0,0,1024,2800,False
167700010,0,0,1024,2800,False
167700057,0,0,1024,2800,False
167800004,0,0,1024,2800,False
167900041,0,0,1024,2800,False
168000048,0,0,1024,2800,False
168100006,0,112858,1024,2800,True
168100047,0,0,1024,2800,False
168200027,0,0,1024,2800,False
168200066,0,0,1024,2800,False
168300024,0,63902,1024,2800,True
168300064,0,0,1024,2800,False
168400020,0,52862,1024,2800,True
168400059,0,0,1024,2800,False
169300002,0,0,1024,2800,False
169300045,0,0,1024,2800,False
169300083,31373,0,1024,2800,True
169600046,0,0,1024,2800,False
169700001,0,0,1024,2800,False
169800025,0,0,1024,2800,False
169800064,0,0,1024,2800,False
170400026,0,0,1024,2800,False
170400063,0,0,1024,2800,False
170700010,0,0,1024,2800,False
170700051,0,0,1024,2800,False
170800012,0,0,1024,2800,False
170800055,0,125799,1024,2800,True
170900007,0,0,1024,2800,False
170900047,0,0,1024,2800,False
171000008,0,18382,1024,2800,True
171000061,0,0,1024,2800,False
171100008,0,0,1024,2800,False
171100046,0,84794,1024,2800,True
171100084,0,0,1024,2800,False
171200044,0,0,1024,2800,False
171300008,0,0,1024,2800,False
171300059,0,0,1024,2800,False
171400022,0,0,1024,2800,False
171500007,0,97724,1024,2800,True
171500047,0,32166,1024,2800,True
171600002,0,0,1024,2800,False
171600049,18247,0,1024,2800,True
171700015,0,0,1024,2800,False
171700077,0,0,1024,2800,False
171800070,0,0,1024,2800,False
171900032,0,0,1024,2800,False
172100002,0,0,1024,2800,False
172100045,0,0,1024,2800,False
172200016,0,0,1024,2800,False
172200057,0,0,1024,2800,False
172300014,0,0,1024,2800,False
172300051,0,0,1024,2800,False
172400004,0,0,1024,2800,False
172400052,0,0,1024,2800,False
175200002,0,0,1024,2800,False
175200039,0,0,1024,2800,False
175300000,0,0,1024,2800,False
175300044,0,0,1024,2800,False
175300082,0,0,1024,2800,False
175400049,0,0,1024,2800,False
175500008,0,0,1024,2800,False
175500056,0,0,1024,2800,False
175600027,0,0,1024,2800,False
175900023,0,0,1024,2800,False
175900066,17024,0,1024,2800,True
176000013,0,0,1024,2800,False
176000052,0,0,1024,2771,False
99100010,0,0,1024,2800,False
99100047,0,0,1024,2800,False
99300003,0,0,1024,2800,False
99300062,0,0,1024,2800,False
99900012,0,0,1024,2800,False
99900063,0,0,1024,2800,False
100000012,0,0,1024,2800,False
100000051,0,19224,1024,2800,True
100100005,0,0,1024,2800,False
100100045,0,0,1024,2800,False
100200003,0,0,1024,2800,False
100400027,0,0,1024,2800,False
100400068,0,0,1024,2800,False
100500025,0,0,1024,2800,False
100500081,0,0,1024,2800,False
100700035,0,0,1024,2800,False
100700081,0,0,1024,2800,False
101100035,0,0,1024,2800,False
101100074,0,0,1024,2800,False
101500021,0,0,1024,2800,False
101500062,0,0,1024,2800,False
101600017,0,23267,1024,2800,True
101600075,0,0,1024,2800,False
101700037,0,0,1024,2800,False
101700084,0,0,1024,2800,False
101900020,0,0,1024,2800,False
101900075,0,0,1024,2800,False
103000001,0,0,1024,2800,False
103000043,0,0,1024,2800,False
103200024,0,0,1024,2800,False
103200062,0,0,1024,2800,False
103300026,0,0,1024,2800,False
103400049,0,0,1024,2800,False
103500006,42299,0,1024,2800,True
103500069,0,0,1024,2800,False
103700044,0,0,1024,2800,False
103900040,0,0,1024,2800,False
104500080,0,0,1024,2800,False
104600045,31245,0,1024,2800,True
104700022,0,0,1024,2800,False
104700070,0,1,1024,2800,True
104800017,0,0,1024,2800,False
104900027,0,0,1024,2800,False
104900066,0,0,1024,2800,False
105100029,0,0,1024,2800,False
105100070,0,0,1024,2800,False
105200040,0,0,1024,2800,False
105300006,0,0,1024,2800,False
105300054,0,0,1024,2800,False
105400072,0,0,1024,2800,False
105600026,0,0,1024,2800,False
105600065,0,3,1024,2800,True
105900013,0,0,1024,2800,False
105900051,0,0,1024,2800,False
106000041,0,0,1024,2800,False
106100026,28563,0,1024,2800,True
106100069,0,0,1024,2800,False
106200035,0,0,1024,2800,False
106200084,0,0,1024,2800,False
106300036,0,0,1024,2800,False
106500021,0,0,1024,2800,False
106500066,0,0,1024,2800,False
106600024,0,0,1024,2730,False
106600069,0,0,1024,2800,False
106700081,0,0,1024,2800,False
106900034,0,32553,1024,2800,True
106900071,0,0,1024,2800,False
107900027,0,0,1024,2800,False
107900068,0,49,1024,2800,True
108400054,33632,0,1024,2800,True
108600035,0,0,1024,2800,False
108900000,0,0,1024,2800,False
108900043,0,0,1024,2800,False
108900080,0,0,1024,2800,False
109200047,0,0,1024,2800,False
109300011,0,0,1024,2800,False
109600000,0,0,1024,2800,False
109600043,0,0,1024,2800,False
109700018,0,0,1024,2800,False
109700063,0,0,1024,2800,False
109800010,0,41094,1024,2800,True
109800049,0,0,1024,2800,False
110100014,45755,0,1024,2800,True
110100051,0,0,1024,2800,False
110200009,0,0,1024,2800,False
110400040,0,0,1024,2800,False
110500064,0,0,1024,2800,False
110700012,0,0,1024,2800,False
110700052,0,0,1024,2800,False
110900028,8008,0,1024,2800,True
110900067,0,0,1024,2800,False
111000040,0,0,1024,2800,False
111200038,0,0,1024,2800,False
111200079,0,0,1024,2800,False
111400032,0,0,1024,2800,False
111400083,0,0,1024,2800,False
111500057,0,36328,1024,2800,True
111700065,24262,0,1024,2800,True
111900013,0,12,1024,2800,True
111900053,0,0,1024,2800,False
112000006,0,0,1024,2800,False
112000050,0,0,1024,2790,False
112500033,0,0,1024,2800,False
112500080,0,0,1024,2739,False
112600060,0,0,1024,2800,False
112800009,14821,0,1024,2800,True
112800047,0,0,1024,2800,False
112800084,0,0,1024,2800,False
113100041,0,54992,1024,2800,True
113300039,0,0,1024,2800,False
113300082,0,0,1024,2800,False
113400043,0,0,1024,2800,False
113500020,0,0,1024,2800,False
113700020,0,26473,1024,2800,True
113700058,0,0,1024,2800,False
114500005,35634,0,1024,2800,True
114600017,0,111194,1024,2800,True
114600055,0,0,1024,2800,False
114700044,0,0,1024,2800,False
114700083,0,0,1024,2800,False
115100025,0,0,1024,2800,False
115100076,0,0,1024,2800,False
115300060,0,0,1024,2800,False
115500049,0,0,1024,2800,False
115600026,0,0,1024,2800,False
115600066,0,0,1024,2800,False
116100007,0,0,1024,2800,False
116100044,0,0,1024,2800,False
116400005,0,0,1024,2800,False
116400077,0,0,1024,2800,False
116900016,0,0,1024,2800,False
116900054,46609,0,1024,2800,True
117700034,0,0,1024,2800,False
117700074,0,0,1024,2800,False
117900031,0,0,1024,2800,False
117900078,0,0,1024,2800,False
118300032,0,0,1024,2800,False
118300071,0,0,1024,2800,False
118500018,0,96921,1024,2800,True
118600024,0,0,1024,2800,False
118600080,0,0,1024,2800,False
118800038,0,0,1024,2800,False
118800078,0,0,1024,2800,False
118900053,0,0,1024,2800,False
119100031,0,0,1024,2800,False
119100070,0,0,1024,2800,False
119400000,0,15531,1024,2800,True
119400037,0,0,1024,2800,False
119400075,0,0,1024,2800,False
119700046,0,0,1024,2800,False
120000028,0,0,1024,2800,False
120000065,0,0,1024,2800,False
120200021,0,0,1024,2800,False
120200062,5443,0,1024,2800,True
120300054,0,0,1024,2800,False
121200006,0,0,1024,2800,False
121200058,0,0,1024,2800,False
121400019,0,0,1024,2800,False
121400079,5990,0,1024,2800,True
121500034,0,0,1024,2800,False
121500073,0,0,1024,2800,False
121600073,0,0,1024,2800,False
121800035,0,48087,1024,2800,True
121800072,0,0,1024,2800,False
121900062,0,0,1024,2800,False
122300034,0,0,1024,2800,False
122300077,0,14324,1024,2800,True
122400045,0,0,1024,2800,False
122500010,0,0,1024,2800,False
122500050,0,0,1024,2800,False
122600044,0,47005,1024,2800,True
122600081,0,0,1024,2800,False
122700050,0,0,1024,2800,False
122900016,0,0,1024,2800,False
122900069,0,0,1024,2800,False
123300010,0,0,1024,2800,False
123300053,0,0,1024,2800,False
123600026,0,0,1024,2800,False
123600084,0,0,1024,2800,False
123700036,0,0,1024,2800,False
123700081,6762,0,1024,2800,True
123800028,0,0,1024,2800,False
123800066,0,0,1024,2800,False
124000024,0,0,1024,2800,False
124000084,0,0,1024,2800,False
124200055,7952,0,1024,2800,True
124400002,0,0,1024,2800,False
124400041,0,0,1024,2800,False
124500033,0,0,1024,2800,False
124600005,0,0,1024,2800,False
124600055,0,52597,1024,2800,True
124700033,0,0,1024,2800,False
124700071,0,0,1024,2800,False
124800024,0,0,1024,2800,False
124800063,0,0,1024,2800,False
125100023,0,0,1024,2800,False
125100065,0,0,1024,2800,False
125200037,0,31232,1024,2800,True
125400007,0,0,1024,2800,False
125400048,0,0,1024,2800,False
125600001,0,0,1024,2800,False
125600038,0,0,1024,2800,False
125600082,0,0,1024,2800,False
125700042,0,0,1024,2800,False
125700081,0,0,1024,2800,False
125800028,0,0,1024,2800,False
125800082,4003,0,1024,2800,True
126600040,0,0,1024,2800,False
126800003,0,0,1024,2800,False
126800041,0,0,1024,2800,False
126800078,0,0,1024,2800,False
127000042,0,0,1024,2800,False
127200006,0,0,1024,2800,False
127200078,0,0,1024,2800,False
127300025,0,0,1024,2800,False
127300066,0,0,1024,2800,False
127600018,0,0,1024,2800,False
127600059,12950,0,1024,2800,True
127900074,0,0,1024,2800,False
128200032,0,0,1024,2800,False
128200070,0,0,1024,2800,False
128300018,21364,77341,1024,2800,True
128300064,0,0,1024,2800,False
128500019,0,0,1024,2800,False
128500058,0,0,1024,2800,False
128700071,0,0,1024,2800,False
129100004,0,0,1024,2800,False
129100061,0,0,1024,2800,False
129300008,0,0,1024,2800,False
129300053,0,0,1024,2800,False
129400016,0,0,1024,2800,False
129400060,0,0,1024,2800,False
129500007,0,0,1024,2800,False
129500047,0,0,1024,2800,False
129700038,0,0,1024,2800,False
129700077,0,18394,1024,2800,True
129800033,0,0,1024,2800,False
129800077,0,0,1024,2800,False
129900041,0,0,1024,2800,False
130200013,0,0,1024,2800,False
130300043,11539,0,1024,2800,True
130400049,0,0,1024,2800,False
130500026,0,0,1024,2800,False
130500065,0,0,1024,2800,False
130700084,0,0,1024,2800,False
130800037,5079,0,1024,2713,True
130800081,0,0,1024,2800,False
131000048,0,0,1024,2800,False
131100076,0,0,1024,2800,False
131600025,0,0,1024,2800,False
131600066,0,79942,1024,2800,True
131900039,0,0,1024,2800,False
132200076,0,0,1024,2800,False
132300024,0,0,1024,2800,False
132500037,0,0,1024,2800,False
132500082,0,0,1024,2800,False
133200034,0,0,1024,2800,False
133200072,0,0,1024,2800,False
133500043,0,0,1024,2800,False
133600051,0,71648,1024,2800,True
133700009,0,27191,1024,2800,True
133700047,14431,0,1024,2800,True
134000016,0,0,1024,2800,False
134000076,0,106078,1024,2800,True
134200014,0,0,1024,2800,False
134200069,0,0,1024,2800,False
134600010,0,0,1024,2800,False
134600056,0,0,1024,2800,False
134700004,0,0,1024,2800,False
134700050,0,0,1024,2800,False
134900067,35669,0,1024,2800,True
135400056,0,0,1024,2800,False
135500008,0,0,1024,2800,False
135500045,0,0,1024,2800,False
135500082,0,152966,1024,2800,True
135700041,0,0,1024,2800,False
135700079,0,0,1024,2800,False
135800067,0,0,1024,2800,False
135900074,0,0,1024,2800,False
136200025,0,28593,1024,2800,True
136200062,0,0,1024,2783,False
136500038,0,0,1024,2800,False
136700049,0,0,1024,2800,False
136900004,11145,110006,1024,2800,True
137000072,0,0,1024,2800,False
137100019,0,0,1024,2800,False
137100065,0,0,1024,2800,False
137400023,0,0,1024,2800,False
137400076,0,0,1024,2800,False
137600023,8545,40706,1024,2800,True
137900013,0,0,1024,2800,False
137900065,0,0,1024,2800,False
138000012,0,0,1024,2800,False
138000053,0,0,1024,2800,False
138200015,0,0,1024,2800,False
138200064,15547,0,1024,2800,True
138400009,0,0,1024,2800,False
138400049,0,0,1024,2800,False
138500003,0,0,1024,2800,False
138500052,0,0,1024,2800,False
138700013,0,0,1024,2800,False
138700050,0,0,1024,2781,False
138900006,0,0,1024,2800,False
138900045,0,0,1024,2800,False
139100004,0,0,1024,2800,False
139100050,0,0,1024,2800,False
139200003,0,0,1024,2800,False
139200040,0,0,1024,2800,False
140200006,0,0,1024,2800,False
140200044,31083,0,1024,2800,True
140300035,5436,0,1024,2800,True
140500000,0,0,1024,2800,False
140500042,0,0,1024,2800,False
140700018,31391,0,1024,2800,True
140700068,0,0,1024,2800,False
140800040,0,0,1024,2800,False
140900005,0,0,1024,2800,False
140900054,0,28047,1024,2800,True
141000044,0,0,1024,2800,False
141100023,0,0,1024,2800,False
141100064,5125,0,1024,2800,True
141200031,0,0,1024,2800,False
141400003,0,0,1024,2800,False
141400056,0,0,1024,2800,False
141500006,0,0,1024,2800,False
142000004,0,0,1024,2800,False
142100068,0,0,1024,2800,False
142200038,0,0,1024,2800,False
142200082,0,0,1024,2800,False
142500045,0,54587,1024,2800,True
142800042,18419,0,1024,2800,True
142900000,0,0,1024,2800,False
143400031,0,0,1024,2800,False
143400071,0,0,1024,2800,False
143600019,0,0,1024,2800,False
143600055,0,0,1024,2800,False
143900008,0,0,1024,2800,False
143900047,0,0,1024,2800,False
144000038,0,0,1024,2800,False
144000078,0,0,1024,2800,False
144100037,0,0,1024,2800,False
144100079,0,0,1024,2800,False
144200047,0,0,1024,2800,False
144500003,0,0,1024,2800,False
144500042,0,0,1024,2800,False
144800053,16625,0,1024,2800,True
144900005,0,0,1024,2800,False
144900043,0,0,1024,2800,False
145000028,0,0,1024,2800,False
145000067,0,0,1024,2800,False
145100018,0,0,1024,2800,False
145100058,0,0,1024,2800,False
145200023,0,0,1024,2800,False
145200061,0,0,1024,2800,False
145300029,0,0,1024,2800,False
146300013,10347,109509,1024,2800,True
146300071,0,0,1024,2800,False
147200035,0,0,1024,2800,False
147200080,0,0,1024,2800,False
147900003,0,0,1024,2800,False
147900071,16720,0,1024,2800,True
148000056,30665,0,1024,2800,True
148100020,0,0,1024,2800,False
148300040,0,0,1024,2800,False
148400019,0,0,1024,2800,False
148400077,0,0,1024,2800,False
148500024,0,0,1024,2800,False
148500081,0,0,1024,2800,False
148600056,0,0,1024,2800,False
148800034,24403,0,1024,2800,True
148800072,0,0,1024,2800,False
148900034,0,0,1024,2800,False
149000006,5359,37323,1024,2800,True
149000045,42731,0,1024,2800,True
149200008,0,0,1024,2800,False
149200047,0,51971,1024,2800,True
149200084,0,83169,1024,2800,True
149400042,0,0,1024,2800,False
149400080,0,0,1024,2800,False
149500038,0,0,1024,2800,False
149500081,0,0,1024,2800,False
149600037,0,0,1024,2800,False
149600075,0,0,1024,2800,False
149700027,0,0,1024,2800,False
149800041,0,0,1024,2800,False
149900035,7244,0,1024,2800,True
150000013,0,0,1024,2800,False
150000051,0,0,1024,2800,False
150100005,0,0,1024,2800,False
150100044,0,0,1024,2800,False
150200066,0,0,1024,2800,False
150400014,3,0,1024,2800,True
150400052,0,0,1024,2800,False
150600012,0,0,1024,2800,False
150600063,0,0,1024,2800,False
150700023,0,0,1024,2800,False
150700070,0,0,1024,2800,False
150800027,0,0,1024,2800,False
150800069,0,0,1024,2800,False
150900024,0,0,1024,2800,False
150900068,0,0,1024,2800,False
151000018,0,0,1024,2800,False
151000061,0,0,1024,2800,False
151100018,0,0,1024,2800,False
151800021,0,0,1024,2800,False
151800062,0,0,1024,2800,False
151900009,0,0,1024,2800,False
151900051,0,0,1024,2800,False
152000009,0,0,1024,2800,False
152000049,0,0,1024,2800,False
152100041,0,0,1024,2800,False
152300005,0,0,1024,2800,False
152300048,0,0,1024,2800,False
152400009,0,0,1024,2800,False
152400071,0,0,1024,2800,False
152600049,0,94216,1024,2800,True
152700014,0,0,1024,2800,False
152700058,0,0,1024,2800,False
152800005,0,0,1024,2800,False
152800057,0,0,1024,2800,False
152900023,0,0,1024,2800,False
152900071,0,0,1024,2800,False
153000028,0,0,1024,2800,False
153000074,0,0,1024,2800,False
153100035,0,0,1024,2800,False
153200002,0,0,1024,2800,False
153200040,0,0,1024,2800,False
153200080,0,0,1024,2800,False
153300045,0,0,1024,2800,False
153500001,0,0,1024,2800,False
153500041,0,0,1024,2800,False
153600006,0,0,1024,2800,False
153600050,0,0,1024,2800,False
153700014,0,0,1024,2800,False
153700067,0,0,1024,2800,False
153800014,0,0,1024,2800,False
153800051,0,0,1024,2800,False
154000016,0,19011,1024,2800,True
154000060,0,0,1024,2800,False
154500064,0,0,1024,2800,False
154700030,0,0,1024,2800,False
154700084,0,0,1024,2800,False
155000048,0,0,1024,2800,False
155100004,0,0,1024,2800,False
155100043,0,103112,1024,2800,True
155100083,0,0,1024,2800,False
155200060,0,0,1024,2800,False
155400024,15395,0,1024,2800,True
156300009,0,0,1024,2800,False
156300047,0,0,1024,2800,False
156400045,16983,0,1024,2800,True
156500000,5247,0,1024,2800,True
156600008,0,0,1024,2800,False
156600071,0,0,1024,2800,False
156700039,0,0,1024,2800,False
157200015,0,0,1024,2800,False
157200061,0,0,1024,2800,False
157400008,23474,0,1024,2800,True
157500028,0,0,1024,2800,False
157500067,0,0,1024,2800,False
157600029,0,0,1024,2800,False
157600075,0,0,1024,2800,False
157900002,0,0,1024,2800,False
158000042,0,0,1024,2800,False
158000080,0,0,1024,2800,False
158100047,0,0,1024,2800,False
158300003,0,28429,1024,2800,True
158300041,0,0,1024,2800,False
158300079,0,0,1024,2800,False
158500043,0,0,1024,2800,False
158600001,0,0,1024,2800,False
158600039,0,0,1024,2800,False
158600082,35174,0,1024,2800,True
158700074,0,0,1024,2800,False
158800081,0,0,1024,2800,False
158900042,0,0,1024,2800,False
159000034,0,0,1024,2800,False
159300056,0,0,1024,2800,False
160000011,0,0,1024,2800,False
160000061,0,0,1024,2800,False
160200033,0,0,1024,2800,False
160200074,0,0,1024,2800,False
160300034,0,0,1024,2800,False
160300072,0,0,1024,2800,False
160400034,0,0,1024,2800,False
160600049,35526,0,1024,2800,True
160800003,0,0,1024,2800,False
160800046,0,0,1024,2800,False
160900040,0,0,1024,2800,False
160900080,0,0,1024,2800,False
161200037,0,0,1024,2800,False
161200075,0,69683,1024,2800,True
161300033,0,0,1024,2800,False
161300072,0,0,1024,2800,False
161500019,0,0,1024,2800,False
161500058,0,0,1024,2800,False
161600016,0,0,1024,2800,False
161600071,0,0,1024,2800,False
161700023,0,0,1024,2800,False
161700064,0,0,1024,2800,False
161800020,0,0,1024,2800,False
161800060,0,0,1024,2800,False
161900007,0,0,1024,2800,False
161900055,0,0,1024,2800,False
162100012,0,0,1024,2800,False
162100053,11371,0,1024,2800,True
162300078,0,0,1024,2800,False
162500010,0,0,1024,2800,False
162500055,0,0,1024,2800,False
162600034,0,0,1024,2800,False
162600079,0,0,1024,2800,False
162700041,0,0,1024,2800,False
162800004,0,0,1024,2800,False
162800044,0,0,1024,2800,False
162800084,0,0,1024,2800,False
162900041,0,0,1024,2800,False
162900079,0,0,1024,2800,False
163000083,0,0,1024,2800,False
163100062,0,0,1024,2800,False
163200045,0,0,1024,2800,False
163300042,0,0,1024,2800,False
163300084,0,0,1024,2800,False
163700070,0,0,1024,2800,False
163800032,0,20233,1024,2800,True
163800074,0,0,1024,2800,False
163900065,0,126435,1024,2800,True
164000033,0,0,1024,2800,False
164000072,0,0,1024,2800,False
164300019,0,0,1024,2800,False
164500017,0,0,1024,2800,False
164500068,0,0,1024,2800,False
164600022,0,0,1024,2800,False
164600066,0,0,1024,2800,False
165200032,0,0,1024,2800,False
165200076,0,0,1024,2800,False
165300033,0,0,1024,2800,False
165300073,20541,0,1024,2800,True
165400036,0,0,1024,2800,False
165400076,0,0,1024,2800,False
165500039,0,0,1024,2800,False
165500082,0,0,1024,2800,False
165600043,31307,0,1024,2800,True
165600080,0,0,1024,2800,False
165700040,0,0,1024,2800,False
165800003,0,0,1024,2800,False
165800064,0,0,1024,2800,False
165900018,0,0,1024,2757,False
165900070,0,0,1024,2800,False
166100038,0,0,1024,2800,False
166100082,0,98981,1024,2800,True
166300040,0,0,1024,2800,False
166300080,0,0,1024,2800,False
166400036,0,0,1024,2800,False
166400080,0,0,1024,2800,False
166600035,0,0,1024,2800,False
166600076,0,0,1024,2800,False
166700042,0,0,1024,2800,False
166800064,0,93845,1024,2800,True
166900022,0,0,1024,2800,False
167000039,0,0,1024,2800,False
167000077,0,0,1024,2800,False
167100031,0,0,1024,2800,False
167100074,0,0,1024,2800,False
167200026,0,0,1024,2800,False
167200073,0,0,1024,2800,False
167300022,35457,0,1024,2800,True
167300068,0,0,1024,2800,False
167600042,0,0,1024,2800,False
167700011,0,0,1024,2800,False
167700058,0,0,1024,2800,False
167800005,0,0,1024,2800,False
167900042,0,0,1024,2800,False
168000049,0,0,1024,2800,False
168100007,0,0,1024,2800,False
168100048,0,0,1024,2800,False
168200028,25778,0,1024,2800,True
168200067,0,0,1024,2800,False
168300025,0,0,1024,2800,False
168300065,0,0,1024,2800,False
168400021,0,0,1024,2800,False
168400060,0,0,1024,2800,False
169300005,0,0,1024,2800,False
169300046,0,0,1024,2800,False
169400077,0,0,1024,2800,False
169600047,0,0,1024,2800,False
169700002,0,0,1024,2800,False
169800026,0,0,1024,2800,False
169800065,0,0,1024,2800,False
170400027,0,0,1024,2800,False
170400064,0,0,1024,2800,False
170700011,0,0,1024,2800,False
170700052,0,0,1024,2800,False
170800013,0,55141,1024,2800,True
170800056,0,0,1024,2800,False
170900008,0,0,1024,2800,False
170900048,0,0,1024,2800,False
171000009,0,0,1024,2800,False
171000062,0,0,1024,2800,False
171100009,0,0,1024,2800,False
171100047,0,0,1024,2800,False
171200000,0,0,1024,2800,False
171200045,0,0,1024,2800,False
171300009,0,0,1024,2800,False
171300060,0,0,1024,2800,False
171400023,0,0,1024,2800,False
171500008,0,23819,1024,2800,True
171500048,0,0,1024,2800,False
171600003,0,0,1024,2800,False
171600050,8785,0,1024,2800,True
171700016,0,0,1024,2800,False
171700078,0,0,1024,2800,False
171800071,0,0,1024,2800,False
171900033,0,0,1024,2800,False
172100003,0,0,1024,2800,False
172100046,0,0,1024,2800,False
172200017,0,0,1024,2800,False
172200058,0,0,1024,2800,False
172300015,0,118027,1024,2800,True
172300052,0,0,1024,2800,False
172400012,0,0,1024,2800,False
172400053,0,0,1024,2800,False
175200003,0,0,1024,2800,False
175200040,0,0,1024,2800,False
175300001,0,26240,1024,2800,True
175300045,0,45287,1024,2800,True
175300083,0,0,1024,2800,False
175400050,0,0,1024,2800,False
175500009,0,0,1024,2800,False
175500057,0,0,1024,2800,False
175600028,0,0,1024,2800,False
175900024,0,0,1024,2800,False
175900067,13517,0,1024,2800,True
176000014,0,0,1024,2800,False
176000053,0,0,1024,2745,False
99100011,0,0,1024,2800,False
99100048,0,0,1024,2800,False
99300004,0,0,1024,2800,False
99300063,0,0,1024,2800,False
99900013,0,0,1024,2800,False
99900064,0,0,1024,2800,False
100000013,0,0,1024,2800,False
100000052,0,0,1024,2800,False
100100006,0,0,1024,2800,False
100100046,0,123664,1024,2800,True
100200004,0,36557,1024,2800,True
100400028,0,0,1024,2800,False
100400069,0,0,1024,2800,False
100500026,0,0,1024,2800,False
100500083,0,0,1024,2800,False
100700036,0,0,1024,2800,False
100700082,0,0,1024,2800,False
101100036,0,0,1024,2800,False
101100075,0,0,1024,2800,False
101500022,0,0,1024,2800,False
101500063,0,11,1024,2800,True
101600018,0,0,1024,2800,False
101600076,0,0,1024,2800,False
101700038,0,0,1024,2800,False
101800000,0,0,1024,2800,False
101900044,0,0,1024,2800,False
102100002,18509,0,1024,2800,True
103000002,0,0,1024,2800,False
103000044,0,0,1024,2800,False
103200025,0,0,1024,2800,False
103200063,0,0,1024,2800,False
103300027,0,0,1024,2800,False
103400050,0,0,1024,2800,False
103500007,0,0,1024,2800,False
103500070,0,0,1024,2800,False
103700045,0,0,1024,2800,False
103900041,0,0,1024,2800,False
104500081,0,0,1024,2800,False
104600046,17438,0,1024,2800,True
104700023,0,0,1024,2800,False
104700071,0,0,1024,2800,False
104800018,0,0,1024,2800,False
104900028,0,0,1024,2800,False
104900067,0,0,1024,2800,False
105100030,0,0,1024,2800,False
105100071,0,0,1024,2800,False
105200041,0,0,1024,2800,False
105300007,0,0,1024,2800,False
105300055,0,0,1024,2800,False
105400073,0,0,1024,2800,False
105600027,0,60448,1024,2800,True
105600066,0,0,1024,2800,False
105900014,0,0,1024,2800,False
105900052,0,0,1024,2800,False
106000042,0,0,1024,2800,False
106100027,25721,0,1024,2800,True
106100070,0,0,1024,2800,False
106200036,0,0,1024,2800,False
106300000,0,0,1024,2800,False
106300037,0,46533,1024,2800,True
106500022,0,0,1024,2800,False
106500067,0,0,1024,2800,False
106600031,0,0,1024,2800,False
106600070,0,0,1024,2800,False
106700082,0,0,1024,2800,False
106900035,0,0,1024,2800,False
106900072,0,0,1024,2800,False
107900028,0,0,1024,2800,False
107900069,0,0,1024,2800,False
108400055,16134,0,1024,2800,True
108600036,0,18865,1024,2800,True
108900001,0,0,1024,2800,False
108900044,16775,98523,1024,2800,True
108900081,0,0,1024,2800,False
109200048,0,0,1024,2800,False
109300018,0,0,1024,2800,False
109600001,0,0,1024,2800,False
109600044,0,0,1024,2800,False
109700019,0,0,1024,2800,False
109700064,0,0,1024,2800,False
109800011,0,0,1024,2800,False
109800050,0,0,1024,2800,False
110100015,0,0,1024,2800,False
110100052,0,0,1024,2800,False
110200010,0,0,1024,2800,False
110400041,0,0,1024,2800,False
110500065,0,80092,1024,2800,True
110700013,0,0,1024,2800,False
110700053,0,0,1024,2800,False
110900029,39258,0,1024,2800,True
110900068,0,0,1024,2800,False
111000041,0,0,1024,2800,False
111200039,0,0,1024,2800,False
111200080,0,0,1024,2800,False
111400033,0,35784,1024,2800,True
111400084,0,0,1024,2800,False
111500058,0,0,1024,2800,False
111700066,0,114268,1024,2800,True
111900014,0,0,1024,2800,False
111900054,0,0,1024,2800,False
112000007,0,0,1024,2800,False
112000051,3035,0,1024,2776,True
112500034,0,0,1024,2800,False
112600008,0,0,1024,2800,False
112600061,0,0,1024,2800,False
112800010,14743,0,1024,2800,True
112800048,0,0,1024,2800,False
113100010,13125,0,1024,2800,True
113300001,0,0,1024,2800,False
113300040,0,29132,1024,2800,True
113300083,0,0,1024,2800,False
113400044,0,0,1024,2800,False
113500021,0,0,1024,2800,False
113700021,0,0,1024,2800,False
113700059,0,0,1024,2800,False
114500006,33719,0,1024,2800,True
114600018,0,0,1024,2800,False
114600056,0,0,1024,2800,False
114700045,0,0,1024,2800,False
114700084,0,0,1024,2800,False
115100026,0,0,1024,2800,False
115100077,0,0,1024,2800,False
115300061,0,0,1024,2800,False
115500050,0,0,1024,2800,False
115600027,0,0,1024,2800,False
115600067,0,27396,1024,2800,True
116100008,0,0,1024,2800,False
116100045,0,38647,1024,2800,True
116400006,0,0,1024,2800,False
116400078,0,0,1024,2800,False
116900017,0,0,1024,2800,False
116900055,45898,0,1024,2800,True
117700035,0,18696,1024,2800,True
117700079,0,0,1024,2800,False
117900032,0,0,1024,2800,False
117900079,28108,84210,1024,2800,True
118300033,0,0,1024,2800,False
118300072,0,12630,1024,2800,True
118500019,0,0,1024,2800,False
118600025,0,0,1024,2800,False
118600081,0,78136,1024,2800,True
118800039,0,0,1024,2800,False
118800079,0,0,1024,2800,False
118900054,0,0,1024,2800,False
119100032,0,0,1024,2800,False
119100071,0,0,1024,2800,False
119400001,0,0,1024,2800,False
119400038,0,0,1024,2800,False
119400076,0,0,1024,2800,False
119700047,0,0,1024,2800,False
120000029,0,0,1024,2800,False
120000066,0,0,1024,2800,False
120200022,0,55810,1024,2800,True
120200071,0,0,1024,2800,False
120300055,5165,42050,1024,2800,True
121200007,0,0,1024,2800,False
121200059,0,61426,1024,2800,True
121400020,0,0,1024,2800,False
121400080,0,0,1024,2800,False
121500035,0,0,1024,2800,False
121500074,0,0,1024,2800,False
121600074,0,0,1024,2800,False
121800036,0,0,1024,2800,False
121800073,0,0,1024,2800,False
121900063,0,104796,1024,2800,True
122300035,0,0,1024,2800,False
122300078,0,0,1024,2800,False
122400046,0,0,1024,2800,False
122500011,0,0,1024,2800,False
122500051,0,0,1024,2800,False
122600045,0,0,1024,2800,False
122600082,0,0,1024,2800,False
122700051,0,0,1024,2800,False
122900017,0,0,1024,2800,False
122900070,0,0,1024,2800,False
123300011,0,0,1024,2800,False
123300054,0,0,1024,2800,False
123600027,10235,0,1024,2800,True
123700005,0,0,1024,2800,False
123700043,0,116284,1024,2800,True
123700082,0,0,1024,2800,False
123800029,0,78256,1024,2800,True
123800067,0,0,1024,2800,False
124000025,0,0,1024,2800,False
124200003,0,0,1024,2800,False
124200056,0,0,1024,2800,False
124400003,0,0,1024,2800,False
124400042,0,0,1024,2800,False
124500034,0,0,1024,2800,False
124600006,0,0,1024,2800,False
124600056,0,0,1024,2800,False
124700034,0,0,1024,2800,False
124700072,0,0,1024,2800,False
124800025,0,0,1024,2800,False
124800064,0,0,1024,2800,False
125100024,0,54391,1024,2800,True
125100066,0,53766,1024,2800,True
125200038,0,0,1024,2800,False
125400008,0,0,1024,2800,False
125400049,0,0,1024,2800,False
125600002,0,0,1024,2800,False
125600039,0,0,1024,2800,False
125600083,0,0,1024,2800,False
125700043,0,0,1024,2800,False
125700082,0,0,1024,2800,False
125800029,6397,0,1024,2800,True
126500000,0,0,1024,2800,False
126600041,0,0,1024,2800,False
126800004,0,0,1024,2800,False
126800042,0,0,1024,2800,False
126800079,0,0,1024,2800,False
127000043,0,0,1024,2800,False
127200007,0,0,1024,2800,False
127200079,0,0,1024,2800,False
127300026,0,0,1024,2800,False
127300067,0,0,1024,2800,False
127600019,0,151433,1024,2800,True
127600060,0,0,1024,2800,False
127900075,0,0,1024,2800,False
128200033,0,0,1024,2800,False
128200071,0,0,1024,2800,False
128300019,35682,0,1024,2800,True
128300065,0,0,1024,2800,False
128500020,0,0,1024,2800,False
128500059,0,0,1024,2800,False
128700072,0,0,1024,2800,False
129100005,4317,0,1024,2800,True
129100062,0,0,1024,2800,False
129300009,0,0,1024,2800,False
129300054,0,0,1024,2800,False
129400017,8669,0,1024,2800,True
129400061,0,0,1024,2800,False
129500008,0,23546,1024,2800,True
129500048,10293,0,1024,2800,True
129700039,0,0,1024,2800,False
129700078,0,0,1024,2800,False
129800034,0,0,1024,2800,False
129800078,2012,0,1024,2800,True
129900042,0,0,1024,2800,False
130200014,0,0,1024,2800,False
130300044,0,31663,1024,2800,True
130400050,0,0,1024,2800,False
130500027,0,0,1024,2800,False
130500066,0,0,1024,2800,False
130800000,0,0,1024,2800,False
130800044,0,0,1024,2800,False
130800082,0,0,1024,2800,False
131000049,0,0,1024,2800,False
131100077,34429,0,1024,2800,True
131600026,0,0,1024,2800,False
131600080,18310,0,1024,2800,True
131900040,0,0,1024,2800,False
132200077,0,0,1024,2800,False
132300025,0,0,1024,2800,False
132500038,0,0,1024,2800,False
132500083,0,0,1024,2800,False
133200035,0,0,1024,2800,False
133200073,0,0,1024,2800,False
133500044,0,34746,1024,2800,True
133600052,0,0,1024,2800,False
133700010,0,0,1024,2800,False
133700048,31037,0,1024,2800,True
134000017,0,0,1024,2800,False
134000077,0,0,1024,2800,False
134200015,0,41722,1024,2800,True
134200070,0,0,1024,2800,False
134600011,0,0,1024,2800,False
134600057,0,0,1024,2800,False
134700005,0,0,1024,2800,False
134700051,0,0,1024,2800,False
134900068,35790,0,1024,2800,True
135400057,0,0,1024,2800,False
135500009,0,63135,1024,2800,True
135500046,0,87228,1024,2800,True
135500083,0,0,1024,2800,False
135700042,0,0,1024,2800,False
135700080,0,0,1024,2800,False
135800068,0,0,1024,2800,False
135900075,0,0,1024,2800,False
136200026,33004,0,1024,2800,True
136200063,0,0,1024,2759,False
136500039,0,0,1024,2800,False
136700050,0,0,1024,2800,False
136900005,0,0,1024,2800,False
137000073,0,0,1024,2800,False
137100020,0,0,1024,2800,False
137100066,0,0,1024,2800,False
137400024,0,89857,1024,2800,True
137400077,0,0,1024,2800,False
137600047,0,0,1024,2800,False
137900014,0,0,1024,2800,False
137900066,36269,0,1024,2800,True
138000013,0,0,1024,2800,False
138000054,0,0,1024,2800,False
138200016,0,0,1024,2800,False
138200066,33964,0,1024,2800,True
138400010,0,67974,1024,2800,True
138400050,15859,0,1024,2800,True
138500004,0,38114,1024,2800,True
138500053,0,0,1024,2800,False
138700014,0,0,1024,2800,False
138700051,0,0,1024,2751,False
138900007,0,0,1024,2800,False
138900046,0,0,1024,2800,False
139100005,0,0,1024,2800,False
139100051,0,0,1024,2800,False
139200004,0,0,1024,2800,False
139200041,0,0,1024,2800,False
140200007,0,0,1024,2800,False
140200045,30338,0,1024,2800,True
140300036,0,0,1024,2800,False
140500001,0,0,1024,2800,False
140500043,0,0,1024,2800,False
140700020,35886,0,1024,2800,True
140700069,0,0,1024,2800,False
140800041,0,47672,1024,2800,True
140900006,0,0,1024,2800,False
140900055,0,0,1024,2800,False
141000045,0,0,1024,2800,False
141100024,0,0,1024,2800,False
141100065,0,0,1024,2800,False
141200032,0,0,1024,2800,False
141400004,0,0,1024,2800,False
141400057,22063,0,1024,2800,True
141500007,0,0,1024,2800,False
142000005,0,60160,1024,2800,True
142100069,0,0,1024,2800,False
142200039,0,0,1024,2800,False
142200083,0,0,1024,2800,False
142800000,0,0,1024,2800,False
142800043,7662,0,1024,2800,True
142900001,0,0,1024,2800,False
143400032,0,0,1024,2800,False
143400072,0,0,1024,2800,False
143600020,0,0,1024,2800,False
143600056,0,0,1024,2800,False
143900009,0,0,1024,2800,False
143900048,0,0,1024,2800,False
144000039,0,0,1024,2800,False
144000079,0,0,1024,2800,False
144100038,0,0,1024,2800,False
144100080,0,66684,1024,2800,True
144200048,0,0,1024,2800,False
144500004,0,0,1024,2800,False
144500043,0,0,1024,2800,False
144800054,0,70591,1024,2800,True
144900006,0,0,1024,2800,False
144900044,0,0,1024,2800,False
145000029,0,0,1024,2800,False
145000068,0,0,1024,2800,False
145100019,0,0,1024,2800,False
145100059,0,0,1024,2800,False
145200024,0,0,1024,2800,False
145200062,0,0,1024,2800,False
145300030,0,0,1024,2800,False
146300014,0,0,1024,2800,False
146300072,6904,0,1024,2800,True
147200036,0,0,1024,2800,False
147200081,0,0,1024,2800,False
147900004,0,0,1024,2800,False
147900072,25846,0,1024,2800,True
148000057,11764,0,1024,2800,True
148100021,0,0,1024,2800,False
148300041,0,45864,1024,2800,True
148400020,24847,0,1024,2800,True
148400078,0,0,1024,2800,False
148500025,0,0,1024,2800,False
148500082,0,0,1024,2800,False
148600057,0,0,1024,2800,False
148800035,38496,0,1024,2800,True
148800073,0,0,1024,2800,False
148900035,0,0,1024,2800,False
149000007,0,0,1024,2800,False
149000046,34954,0,1024,2800,True
149200009,0,0,1024,2800,False
149200048,0,28804,1024,2800,True
149400000,0,0,1024,2800,False
149400043,0,0,1024,2800,False
149400081,0,0,1024,2800,False
149500039,0,0,1024,2800,False
149500082,0,0,1024,2800,False
149600038,0,0,1024,2800,False
149600076,0,0,1024,2800,False
149700028,0,0,1024,2800,False
149800042,0,60168,1024,2800,True
149900036,0,0,1024,2800,False
150000014,0,0,1024,2800,False
150000052,0,0,1024,2800,False
150100006,0,0,1024,2800,False
150100045,0,0,1024,2800,False
150200067,0,0,1024,2800,False
150400015,0,0,1024,2800,False
150400053,0,0,1024,2800,False
150600013,0,0,1024,2800,False
150600064,0,0,1024,2800,False
150700024,0,0,1024,2800,False
150700071,0,0,1024,2800,False
150800028,0,0,1024,2800,False
150800070,0,0,1024,2800,False
150900025,0,0,1024,2800,False
150900069,0,0,1024,2800,False
151000019,0,0,1024,2800,False
151000062,0,0,1024,2800,False
151100019,0,0,1024,2800,False
151800022,0,0,1024,2800,False
151800063,0,0,1024,2800,False
151900010,0,0,1024,2800,False
151900052,0,39505,1024,2800,True
152000010,0,0,1024,2800,False
152000050,0,0,1024,2800,False
152100042,0,0,1024,2800,False
152300006,0,0,1024,2800,False
152300049,0,0,1024,2800,False
152400010,0,0,1024,2800,False
152400072,0,0,1024,2800,False
152600050,0,0,1024,2800,False
152700015,0,0,1024,2800,False
152700059,0,0,1024,2800,False
152800006,0,0,1024,2800,False
152800058,35327,0,1024,2800,True
152900024,0,0,1024,2800,False
152900072,0,0,1024,2800,False
153000029,0,0,1024,2800,False
153000075,0,0,1024,2800,False
153100036,0,0,1024,2800,False
153200003,0,0,1024,2800,False
153200041,0,0,1024,2800,False
153200081,0,0,1024,2800,False
153300046,0,0,1024,2800,False
153500002,0,0,1024,2800,False
153500042,0,40885,1024,2800,True
153600007,0,0,1024,2800,False
153600051,0,0,1024,2800,False
153700015,0,0,1024,2800,False
153700068,0,0,1024,2800,False
153800015,0,0,1024,2800,False
153800052,0,0,1024,2800,False
154000017,0,0,1024,2800,False
154000061,0,0,1024,2800,False
154500065,0,0,1024,2800,False
154700031,0,0,1024,2800,False
155000008,0,0,1024,2800,False
155000049,0,0,1024,2800,False
155100005,0,0,1024,2800,False
155100044,0,0,1024,2800,False
155100084,0,0,1024,2800,False
155200061,0,0,1024,2800,False
155400025,35100,0,1024,2800,True
156300010,0,44166,1024,2800,True
156300048,0,0,1024,2800,False
156400046,4592,59769,1024,2800,True
156500001,0,0,1024,2800,False
156600009,0,0,1024,2800,False
156600072,0,0,1024,2800,False
156700040,0,0,1024,2800,False
157200016,0,0,1024,2800,False
157200062,0,0,1024,2800,False
157400009,0,0,1024,2800,False
157500029,0,0,1024,2800,False
157500068,0,0,1024,2800,False
157600030,0,0,1024,2800,False
157600076,0,0,1024,2800,False
158000000,0,0,1024,2800,False
158000043,0,0,1024,2800,False
158000081,0,0,1024,2800,False
158100048,0,0,1024,2800,False
158300004,0,0,1024,2800,False
158300042,9673,0,1024,2800,True
158300080,0,0,1024,2800,False
158500044,0,0,1024,2793,False
158600002,0,68759,1024,2800,True
158600040,0,0,1024,2800,False
158600083,0,0,1024,2800,False
158700075,0,0,1024,2800,False
158800082,0,0,1024,2800,False
158900043,0,0,1024,2800,False
159000035,0,0,1024,2800,False
159300057,0,31965,1024,2800,True
160000012,0,0,1024,2800,False
160000062,0,0,1024,2800,False
160200034,0,0,1024,2800,False
160200075,0,0,1024,2800,False
160300035,0,37432,1024,2800,True
160300073,0,0,1024,2800,False
160400035,0,0,1024,2800,False
160600050,34966,0,1024,2800,True
160800004,0,0,1024,2800,False
160800047,0,0,1024,2800,False
160900041,0,0,1024,2800,False
160900081,0,0,1024,2800,False
161200038,0,0,1024,2800,False
161200076,0,42258,1024,2800,True
161300034,0,0,1024,2800,False
161300073,0,0,1024,2800,False
161500020,0,0,1024,2800,False
161500059,0,0,1024,2800,False
161600017,0,0,1024,2800,False
161600072,0,0,1024,2800,False
161700024,0,0,1024,2800,False
161700065,0,0,1024,2800,False
161800021,0,0,1024,2800,False
161800061,0,0,1024,2800,False
161900008,0,0,1024,2800,False
161900056,0,0,1024,2800,False
162100013,0,0,1024,2800,False
162100054,0,0,1024,2800,False
162300079,0,0,1024,2800,False
162500011,0,0,1024,2800,False
162500056,0,0,1024,2800,False
162600035,0,0,1024,2800,False
162600080,0,0,1024,2800,False
162700042,0,0,1024,2800,False
162800005,0,23053,1024,2800,True
162800045,0,0,1024,2800,False
162900000,0,60292,1024,2800,True
162900042,0,30726,1024,2800,True
162900080,0,0,1024,2800,False
163000084,0,0,1024,2800,False
163100063,0,0,1024,2800,False
163200046,0,0,1024,2800,False
163300043,0,0,1024,2800,False
163700030,0,0,1024,2800,False
163700071,0,0,1024,2800,False
163800033,0,0,1024,2800,False
163800075,0,0,1024,2800,False
163900066,0,0,1024,2800,False
164000034,0,0,1024,2800,False
164000073,0,58692,1024,2800,True
164300020,0,0,1024,2800,False
164500018,0,0,1024,2800,False
164500069,0,0,1024,2800,False
164600023,0,0,1024,2800,False
164600067,0,0,1024,2800,False
165200033,0,0,1024,2800,False
165200077,0,0,1024,2800,False
165300034,0,0,1024,2800,False
165300074,35633,0,1024,2800,True
165400037,0,0,1024,2800,False
165400077,0,0,1024,2800,False
165500040,0,0,1024,2800,False
165500083,0,0,1024,2800,False
165600044,44390,0,1024,2800,True
165600081,0,0,1024,2800,False
165700041,0,0,1024,2800,False
165800004,0,0,1024,2800,False
165800065,0,0,1024,2800,False
165900029,0,0,1024,2800,False
165900071,0,0,1024,2800,False
166100039,0,0,1024,2800,False
166100083,0,0,1024,2800,False
166300041,0,0,1024,2800,False
166300081,0,0,1024,2800,False
166400037,0,40370,1024,2800,True
166400081,0,0,1024,2800,False
166600036,0,0,1024,2800,False
166600077,0,0,1024,2800,False
166700043,0,0,1024,2800,False
166800065,0,0,1024,2800,False
166900023,0,0,1024,2800,False
167000040,0,0,1024,2800,False
167000078,0,0,1024,2800,False
167100032,0,0,1024,2800,False
167100075,0,0,1024,2800,False
167200027,0,0,1024,2800,False
167200074,0,0,1024,2800,False
167300023,20940,0,1024,2800,True
167300069,0,0,1024,2800,False
167600043,0,0,1024,2800,False
167700012,0,0,1024,2800,False
167700059,0,0,1024,2800,False
167800006,0,0,1024,2800,False
167900043,0,0,1024,2800,False
168000051,0,0,1024,2800,False
168100008,0,0,1024,2800,False
168100049,0,0,1024,2800,False
168200029,35211,0,1024,2800,True
168200068,0,0,1024,2800,False
168300026,0,0,1024,2800,False
168300066,0,0,1024,2800,False
168400022,0,0,1024,2800,False
168400061,0,0,1024,2800,False
169300006,0,0,1024,2800,False
169300053,0,112136,1024,2800,True
169400078,0,0,1024,2800,False
169600048,0,0,1024,2800,False
169700003,0,127440,1024,2800,True
169800027,0,0,1024,2800,False
169800066,23047,0,1024,2800,True
170400028,0,0,1024,2800,False
170400065,0,0,1024,2800,False
170700012,0,0,1024,2800,False
170700067,0,0,1024,2800,False
170800014,0,0,1024,2800,False
170800057,0,0,1024,2800,False
170900009,0,0,1024,2800,False
170900049,0,137713,1024,2800,True
171000010,0,0,1024,2800,False
171000063,0,0,1024,2800,False
171100010,0,0,1024,2791,False
171100048,0,0,1024,2800,False
171200001,0,0,1024,2800,False
171200046,0,0,1024,2800,False
171300010,0,0,1024,2800,False
171300061,0,0,1024,2800,False
171400024,0,0,1024,2800,False
171500009,0,0,1024,2800,False
171500049,0,0,1024,2800,False
171600004,0,150455,1024,2800,True
171600051,37818,0,1024,2800,True
171700017,0,0,1024,2800,False
171700079,0,0,1024,2800,False
171800072,0,0,1024,2800,False
171900034,0,0,1024,2800,False
172100004,0,0,1024,2800,False
172100047,0,0,1024,2800,False
172200018,0,0,1024,2800,False
172200059,0,0,1024,2800,False
172300016,0,75063,1024,2800,True
172300053,0,0,1024,2800,False
172400013,0,59838,1024,2800,True
172400054,0,0,1024,2800,False
175200009,0,0,1024,2800,False
175200047,3467,0,1024,2800,True
175300002,0,23209,1024,2800,True
175300046,0,0,1024,2800,False
175300084,0,0,1024,2800,False
175400051,0,0,1024,2800,False
175500010,0,0,1024,2800,False
175500058,0,0,1024,2800,False
175600029,0,0,1024,2800,False
175900025,0,0,1024,2800,False
175900068,0,24419,1024,2800,True
176000015,0,0,1024,2780,False
176000062,0,49839,1024,2800,True
99100012,0,0,1024,2800,False
99100049,0,0,1024,2800,False
99300005,0,0,1024,2800,False
99300064,0,60291,1024,2800,True
99900014,0,0,1024,2800,False
99900065,0,0,1024,2790,False
100000014,0,0,1024,2800,False
100000053,0,0,1024,2800,False
100100007,0,0,1024,2800,False
100100047,0,0,1024,2800,False
100200005,0,37902,1024,2800,True
100400029,0,0,1024,2800,False
100400070,0,0,1024,2800,False
100500027,0,0,1024,2800,False
100500084,0,0,1024,2800,False
100700037,0,0,1024,2800,False
100700083,0,0,1024,2800,False
101100037,0,69260,1024,2800,True
101100076,0,0,1024,2800,False
101500023,0,16979,1024,2800,True
101500064,0,0,1024,2800,False
101600019,0,0,1024,2800,False
101600077,0,0,1024,2800,False
101700039,0,0,1024,2800,False
101800001,6351,0,1024,2800,True
101900045,0,0,1024,2800,False
102100003,0,44543,1024,2800,True
103000003,0,0,1024,2800,False
103000045,0,0,1024,2800,False
103200026,0,8,1024,2800,True
103200064,0,0,1024,2800,False
103300028,0,0,1024,2800,False
103400051,0,0,1024,2800,False
103500008,11923,0,1024,2800,True
103500071,52714,0,1024,2800,True
103700046,0,0,1024,2800,False
103900042,0,0,1024,2800,False
104500082,0,0,1024,2800,False
104600047,33519,0,1024,2800,True
104700024,0,0,1024,2800,False
104700072,0,0,1024,2800,False
104800019,0,0,1024,2800,False
104900029,0,0,1024,2800,False
104900068,0,0,1024,2800,False
105100031,0,0,1024,2800,False
105100072,0,0,1024,2800,False
105200042,0,0,1024,2800,False
105300008,0,0,1024,2800,False
105300056,0,0,1024,2800,False
105400075,0,0,1024,2800,False
105600028,0,0,1024,2800,False
105600067,0,0,1024,2800,False
105900015,0,0,1024,2800,False
105900053,0,64517,1024,2800,True
106000043,0,0,1024,2800,False
106100028,21569,0,1024,2800,True
106100071,0,52275,1024,2800,True
106200037,0,0,1024,2800,False
106300001,13588,7,1024,2800,True
106300038,0,0,1024,2800,False
106500023,0,25196,1024,2800,True
106500071,26543,0,1024,2800,True
106600033,0,0,1024,2800,False
106600071,0,0,1024,2800,False
106700083,0,0,1024,2800,False
106900036,0,0,1024,2800,False
106900073,0,0,1024,2800,False
107900029,0,59338,1024,2800,True
107900070,0,0,1024,2800,False
108400056,25499,0,1024,2800,True
108600037,0,0,1024,2800,False
108900002,0,23814,1024,2800,True
108900050,0,62042,1024,2800,True
109200000,0,0,1024,2800,False
109200049,0,0,1024,2800,False
109300019,0,0,1024,2800,False
109600002,0,0,1024,2800,False
109600045,0,0,1024,2800,False
109700020,0,0,1024,2800,False
109700065,5258,57123,1024,2800,True
109800012,0,0,1024,2800,False
109800051,0,0,1024,2800,False
110100016,0,0,1024,2800,False
110100053,0,0,1024,2800,False
110200011,0,0,1024,2800,False
110400042,0,0,1024,2800,False
110500066,0,0,1024,2800,False
110700014,0,25652,1024,2800,True
110700054,0,0,1024,2800,False
110900030,29312,0,1024,2800,True
110900069,0,0,1024,2800,False
111000042,11423,33445,1024,2800,True
111200040,0,0,1024,2800,False
111200081,0,0,1024,2800,False
111400034,0,0,1024,2800,False
111500000,0,0,1024,2800,False
111500059,0,0,1024,2800,False
111700067,0,0,1024,2800,False
111900015,0,0,1024,2800,False
111900055,0,0,1024,2800,False
112000008,10294,0,1024,2800,True
112000052,0,0,1024,2756,False
112500050,0,0,1024,2800,False
112600009,0,0,1024,2800,False
112600062,0,0,1024,2800,False
112800011,0,0,1024,2800,False
112800049,0,0,1024,2800,False
113100011,0,0,1024,2800,False
113300002,0,0,1024,2800,False
113300041,0,0,1024,2800,False
113300084,0,0,1024,2800,False
113400061,0,0,1024,2800,False
113500022,0,0,1024,2800,False
113700022,0,86154,1024,2800,True
113700060,0,49220,1024,2800,True
114500007,36384,0,1024,2800,True
114600019,0,0,1024,2800,False
114600057,0,0,1024,2800,False
114700046,0,0,1024,2800,False
114900024,0,0,1024,2800,False
115100027,0,0,1024,2800,False
115100078,0,0,1024,2800,False
115300062,0,0,1024,2800,False
115500051,0,0,1024,2800,False
115600028,0,36945,1024,2800,True
115600068,0,0,1024,2800,False
116100009,0,0,1024,2800,False
116100046,0,0,1024,2800,False
116400007,0,0,1024,2800,False
116400079,0,0,1024,2800,False
116900018,0,102401,1024,2800,True
116900056,0,38642,1024,2800,True
117700036,0,0,1024,2800,False
117700080,0,69201,1024,2800,True
117900033,0,0,1024,2800,False
117900080,0,0,1024,2800,False
118300034,0,45071,1024,2800,True
118300073,0,0,1024,2800,False
118500020,0,0,1024,2800,False
118600026,0,0,1024,2800,False
118600082,0,0,1024,2800,False
118800040,0,0,1024,2800,False
118800080,0,18670,1024,2800,True
118900055,0,0,1024,2800,False
119100033,0,0,1024,2800,False
119100072,0,0,1024,2800,False
119400002,0,0,1024,2800,False
119400039,0,0,1024,2800,False
119400077,0,0,1024,2800,False
119700048,0,0,1024,2800,False
120000030,0,0,1024,2800,False
120000067,0,0,1024,2800,False
120200023,0,0,1024,2800,False
120200072,0,0,1024,2800,False
120300056,0,0,1024,2800,False
121200008,0,24674,1024,2800,True
121200060,0,0,1024,2800,False
121400021,0,0,1024,2800,False
121400081,0,70639,1024,2800,True
121500036,0,0,1024,2800,False
121500075,0,52324,1024,2800,True
121600075,0,0,1024,2800,False
121800037,0,32339,1024,2800,True
121800074,0,0,1024,2800,False
121900064,0,38221,1024,2800,True
122300036,0,0,1024,2800,False
122300079,0,0,1024,2800,False
122400047,0,0,1024,2800,False
122500012,0,0,1024,2800,False
122500052,0,0,1024,2800,False
122600046,0,0,1024,2800,False
122600083,0,0,1024,2800,False
122700052,0,0,1024,2800,False
122900018,0,0,1024,2800,False
122900071,0,0,1024,2800,False
123300012,0,0,1024,2800,False
123300055,0,0,1024,2800,False
123600029,34878,0,1024,2800,True
123700006,0,0,1024,2800,False
123700044,0,0,1024,2800,False
123700083,0,0,1024,2800,False
123800030,0,0,1024,2800,False
123800068,0,0,1024,2786,False
124000026,0,0,1024,2800,False
124200004,0,0,1024,2800,False
124200057,0,0,1024,2800,False
124400004,0,0,1024,2800,False
124400043,0,0,1024,2800,False
124500035,0,0,1024,2800,False
124600007,0,0,1024,2800,False
124600057,0,0,1024,2800,False
124700035,0,0,1024,2800,False
124700073,0,0,1024,2800,False
124800026,0,0,1024,2800,False
124800065,0,74794,1024,2800,True
125100025,0,0,1024,2800,False
125100067,0,0,1024,2800,False
125200039,0,0,1024,2800,False
125400009,0,0,1024,2800,False
125400050,0,0,1024,2800,False
125600003,0,0,1024,2800,False
125600040,0,0,1024,2800,False
125600084,0,0,1024,2800,False
125700044,0,0,1024,2800,False
125700083,0,0,1024,2800,False
125800052,0,0,1024,2800,False
126500001,0,32833,1024,2800,True
126600042,0,0,1024,2800,False
126800005,0,0,1024,2800,False
126800043,0,0,1024,2800,False
126800080,38640,0,1024,2800,True
127000044,0,0,1024,2800,False
127200008,0,0,1024,2800,False
127200080,0,0,1024,2800,False
127300027,0,0,1024,2800,False
127300068,0,0,1024,2800,False
127600020,0,0,1024,2800,False
127600061,0,0,1024,2800,False
127900076,0,0,1024,2800,False
128200034,0,0,1024,2800,False
128200072,0,0,1024,2800,False
128300020,0,0,1024,2800,False
128300066,0,0,1024,2800,False
128500021,0,0,1024,2800,False
128500060,0,0,1024,2800,False
128700073,0,0,1024,2800,False
129100019,0,0,1024,2800,False
129100063,0,0,1024,2800,False
129300010,0,0,1024,2800,False
129300055,0,0,1024,2800,False
129400018,14737,0,1024,2800,True
129400062,0,30556,1024,2800,True
129500009,0,0,1024,2800,False
129500049,0,0,1024,2800,False
129700040,0,0,1024,2800,False
129700079,0,0,1024,2800,False
129800035,0,0,1024,2800,False
129800079,16669,117481,1024,2800,True
129900043,0,0,1024,2800,False
130200015,12660,0,1024,2800,True
130300045,0,0,1024,2800,False
130400051,0,0,1024,2800,False
130500028,0,0,1024,2800,False
130500067,0,0,1024,2800,False
130800007,0,0,1024,2800,False
130800045,0,0,1024,2800,False
130800083,0,0,1024,2800,False
131000050,0,0,1024,2800,False
131100079,5770,0,1024,2800,True
131600036,0,0,1024,2800,False
131600081,0,0,1024,2800,False
131900041,0,0,1024,2800,False
132200078,0,0,1024,2800,False
132300026,0,0,1024,2800,False
132500039,0,50265,1024,2800,True
132500084,10406,0,1024,2800,True
133200036,0,0,1024,2800,False
133200074,0,23079,1024,2800,True
133500045,0,0,1024,2800,False
133600053,0,0,1024,2800,False
133700011,0,0,1024,2800,False
133700049,17183,64385,1024,2800,True
134000018,0,69043,1024,2800,True
134000078,0,0,1024,2800,False
134200016,0,0,1024,2800,False
134200071,0,0,1024,2800,False
134600012,0,0,1024,2800,False
134600058,0,0,1024,2800,False
134700006,0,81382,1024,2800,True
134700052,14201,0,1024,2800,True
134900069,28316,0,1024,2800,True
135400058,0,0,1024,2800,False
135500010,0,0,1024,2800,False
135500047,0,0,1024,2800,False
135500084,0,0,1024,2800,False
135700043,0,0,1024,2800,False
135700081,0,0,1024,2800,False
135800069,0,0,1024,2800,False
135900076,0,0,1024,2800,False
136200027,33686,0,1024,2800,True
136200064,20553,0,1024,2732,True
136500040,0,59009,1024,2800,True
136700051,0,47291,1024,2800,True
136900006,0,0,1024,2800,False
137000074,0,0,1024,2800,False
137100021,0,0,1024,2800,False
137100067,0,58569,1024,2800,True
137400025,0,0,1024,2800,False
137400078,0,0,1024,2800,False
137600048,0,0,1024,2800,False
137900015,0,0,1024,2800,False
137900067,33523,0,1024,2800,True
138000014,0,0,1024,2800,False
138000055,0,0,1024,2800,False
138200017,0,0,1024,2800,False
138200067,35505,0,1024,2800,True
138400011,0,0,1024,2800,False
138400051,0,0,1024,2800,False
138500005,0,0,1024,2800,False
138500054,0,0,1024,2800,False
138700020,9213,0,1024,2800,True
138700058,15100,0,1024,2800,True
138900008,0,0,1024,2800,False
138900047,0,0,1024,2800,False
139100006,0,0,1024,2800,False
139100052,0,0,1024,2800,False
139200005,0,0,1024,2800,False
139200042,0,0,1024,2800,False
140200008,0,0,1024,2800,False
140200046,23538,0,1024,2800,True
140300037,0,72786,1024,2800,True
140500002,0,0,1024,2800,False
140500044,0,0,1024,2800,False
140700023,36064,0,1024,2800,True
140700070,0,0,1024,2800,False
140800042,0,0,1024,2800,False
140900007,5621,124057,1024,2800,True
140900056,0,0,1024,2800,False
141000046,0,0,1024,2800,False
141100025,0,0,1024,2800,False
141100066,0,0,1024,2800,False
141200033,0,0,1024,2800,False
141400005,0,0,1024,2800,False
141400058,33333,0,1024,2800,True
141500008,0,0,1024,2800,False
142000006,0,0,1024,2800,False
142100070,0,0,1024,2800,False
142200040,0,0,1024,2800,False
142500015,0,0,1024,2800,False
142800001,0,0,1024,2800,False
142800044,0,0,1024,2800,False
142900002,0,0,1024,2800,False
143400033,0,0,1024,2800,False
143400073,19484,0,1024,2800,True
143600021,0,0,1024,2800,False
143600057,0,0,1024,2800,False
143900010,0,0,1024,2800,False
143900049,0,0,1024,2800,False
144000040,0,0,1024,2800,False
144000080,0,0,1024,2800,False
144100039,0,0,1024,2800,False
144100081,0,0,1024,2800,False
144200049,0,45407,1024,2800,True
144500005,0,0,1024,2800,False
144500044,0,0,1024,2800,False
144800055,0,0,1024,2800,False
144900007,0,0,1024,2800,False
144900045,0,0,1024,2800,False
145000030,0,0,1024,2800,False
145000069,0,0,1024,2800,False
145100020,0,0,1024,2800,False
145100060,0,0,1024,2800,False
145200025,0,0,1024,2800,False
145200063,0,0,1024,2800,False
145300031,0,0,1024,2800,False
146300015,0,0,1024,2800,False
146300073,27039,0,1024,2774,True
147200050,8950,0,1024,2800,True
147300000,0,0,1024,2800,False
147900005,0,0,1024,2800,False
147900073,28818,0,1024,2800,True
148000058,29518,0,1024,2800,True
148100022,0,0,1024,2800,False
148300061,0,193124,1024,2800,True
148400021,34959,0,1024,2800,True
148400079,0,0,1024,2800,False
148500026,0,0,1024,2800,False
148500083,0,80786,1024,2800,True
148600058,0,0,1024,2800,False
148800036,36014,0,1024,2800,True
148800074,0,0,1024,2800,False
148900036,0,0,1024,2800,False
149000008,0,0,1024,2800,False
149000047,18238,0,1024,2800,True
149200010,0,0,1024,2800,False
149200049,0,89,1024,2800,True
149400001,0,0,1024,2800,False
149400044,0,0,1024,2800,False
149400082,0,57814,1024,2800,True
149500040,0,0,1024,2800,False
149500083,0,0,1024,2800,False
149600039,0,0,1024,2800,False
149600077,0,0,1024,2800,False
149700029,0,0,1024,2800,False
149800043,6208,0,1024,2800,True
149900037,0,0,1024,2800,False
150000015,0,0,1024,2800,False
150000053,0,0,1024,2800,False
150100007,0,0,1024,2800,False
150100046,0,0,1024,2800,False
150200068,0,50800,1024,2800,True
150400016,4180,0,1024,2800,True
150400054,0,135397,1024,2800,True
150600014,0,0,1024,2800,False
150600065,1,0,1024,2800,True
150700025,0,0,1024,2800,False
150700072,0,0,1024,2800,False
150800029,0,0,1024,2800,False
150800071,0,0,1024,2800,False
150900026,0,0,1024,2800,False
150900070,0,0,1024,2800,False
151000020,0,0,1024,2800,False
151000063,0,0,1024,2800,False
151100020,0,0,1024,2800,False
151800023,0,0,1024,2800,False
151800064,0,0,1024,2800,False
151900011,0,0,1024,2800,False
151900053,0,0,1024,2800,False
152000011,0,52171,1024,2800,True
152000051,0,0,1024,2800,False
152100043,0,0,1024,2800,False
152300007,0,0,1024,2800,False
152300050,0,0,1024,2800,False
152400011,0,0,1024,2800,False
152400073,0,0,1024,2800,False
152600051,0,0,1024,2800,False
152700016,0,0,1024,2800,False
152700060,0,0,1024,2800,False
152800007,0,0,1024,2800,False
152800059,22910,0,1024,2800,True
152900025,29247,0,1024,2800,True
152900074,0,0,1024,2800,False
153000030,0,0,1024,2800,False
153000076,0,0,1024,2800,False
153100037,0,0,1024,2800,False
153200004,0,0,1024,2800,False
153200044,0,0,1024,2800,False
153300000,0,0,1024,2800,False
153300047,0,0,1024,2800,False
153500003,0,0,1024,2800,False
153500043,0,0,1024,2800,False
153600008,0,0,1024,2800,False
153600052,0,42162,1024,2800,True
153700016,0,0,1024,2800,False
153700069,0,0,1024,2800,False
153800016,0,0,1024,2800,False
153800053,0,0,1024,2800,False
154000018,0,0,1024,2800,False
154000062,0,0,1024,2800,False
154500066,0,0,1024,2800,False
154700032,0,0,1024,2800,False
155000009,0,0,1024,2800,False
155000050,0,0,1024,2800,False
155100006,0,0,1024,2800,False
155100045,0,80136,1024,2800,True
155200000,0,0,1024,2800,False
155200062,0,0,1024,2800,False
155400027,35246,0,1024,2800,True
156300011,0,0,1024,2800,False
156300049,0,0,1024,2800,False
156400047,0,0,1024,2800,False
156500003,0,0,1024,2800,False
156600010,0,0,1024,2800,False
156600073,0,0,1024,2800,False
156700041,0,0,1024,2800,False
157200017,0,0,1024,2800,False
157200063,0,0,1024,2800,False
157400010,0,0,1024,2800,False
157500030,0,0,1024,2800,False
157500069,0,51306,1024,2800,True
157600031,0,0,1024,2800,False
157600077,0,0,1024,2800,False
158000001,0,39924,1024,2800,True
158000044,0,0,1024,2800,False
158000082,0,0,1024,2800,False
158100049,0,0,1024,2800,False
158300005,0,0,1024,2800,False
158300043,19561,0,1024,2800,True
158300081,0,0,1024,2800,False
158500045,0,0,1024,2768,False
158600003,0,0,1024,2800,False
158600041,0,0,1024,2800,False
158600084,0,0,1024,2800,False
158700076,0,0,1024,2800,False
158800083,0,0,1024,2800,False
158900044,0,0,1024,2800,False
159000036,0,0,1024,2800,False
159300058,0,0,1024,2800,False
160000013,0,0,1024,2800,False
160000063,0,0,1024,2800,False
160200035,0,0,1024,2800,False
160200076,0,33088,1024,2800,True
160300036,0,0,1024,2800,False
160300074,0,0,1024,2800,False
160400036,0,0,1024,2800,False
160600051,34765,0,1024,2800,True
160800005,0,0,1024,2800,False
160800048,0,0,1024,2800,False
160900042,0,0,1024,2800,False
160900082,0,0,1024,2800,False
161200039,0,0,1024,2800,False
161200077,0,16332,1024,2800,True
161300035,14011,0,1024,2800,True
161300074,0,0,1024,2800,False
161500021,0,0,1024,2800,False
161500060,0,57218,1024,2800,True
161600018,0,0,1024,2800,False
161600073,0,0,1024,2800,False
161700025,0,0,1024,2800,False
161700066,0,0,1024,2800,False
161800022,0,0,1024,2800,False
161800062,0,0,1024,2800,False
161900009,0,0,1024,2800,False
161900057,0,0,1024,2800,False
162100014,0,0,1024,2800,False
162100055,0,0,1024,2800,False
162300080,0,0,1024,2800,False
162500012,0,0,1024,2800,False
162500057,0,0,1024,2800,False
162600036,0,0,1024,2800,False
162600081,0,0,1024,2800,False
162700043,0,0,1024,2800,False
162800006,0,0,1024,2800,False
162800046,0,0,1024,2800,False
162900001,0,0,1024,2800,False
162900043,0,0,1024,2800,False
162900081,0,0,1024,2800,False
163100000,0,0,1024,2800,False
163100064,0,0,1024,2800,False
163200047,0,0,1024,2800,False
163300044,0,0,1024,2800,False
163700031,0,0,1024,2800,False
163700072,0,0,1024,2800,False
163800034,0,0,1024,2800,False
163800076,0,0,1024,2800,False
163900067,0,0,1024,2800,False
164000035,0,0,1024,2800,False
164000074,0,0,1024,2800,False
164300021,0,0,1024,2800,False
164500019,0,0,1024,2800,False
164500070,0,0,1024,2800,False
164600024,0,0,1024,2800,False
164600068,0,0,1024,2800,False
165200034,0,0,1024,2800,False
165200078,0,0,1024,2800,False
165300035,0,0,1024,2800,False
165300075,22688,0,1024,2800,True
165400038,0,0,1024,2800,False
165400078,0,0,1024,2800,False
165500041,0,0,1024,2800,False
165500084,0,0,1024,2800,False
165600045,42934,0,1024,2800,True
165600082,0,0,1024,2800,False
165700042,0,0,1024,2800,False
165800005,0,0,1024,2800,False
165800066,0,0,1024,2800,False
165900030,0,0,1024,2800,False
165900072,0,0,1024,2800,False
166100040,0,0,1024,2800,False
166100084,0,0,1024,2800,False
166300042,0,0,1024,2800,False
166300082,0,141168,1024,2800,True
166400038,0,0,1024,2800,False
166400082,0,0,1024,2800,False
166600037,0,0,1024,2800,False
166600078,0,0,1024,2800,False
166700044,0,0,1024,2800,False
166800066,0,0,1024,2800,False
166900024,0,0,1024,2800,False
167000041,0,0,1024,2800,False
167000079,0,0,1024,2800,False
167100033,0,0,1024,2800,False
167100076,0,0,1024,2800,False
167200028,0,0,1024,2800,False
167200075,0,0,1024,2800,False
167300024,0,0,1024,2800,False
167300070,0,0,1024,2800,False
167600044,0,0,1024,2800,False
167700013,0,0,1024,2800,False
167700060,0,0,1024,2800,False
167800007,0,0,1024,2800,False
167900044,0,0,1024,2800,False
168000052,0,0,1024,2800,False
168100009,0,0,1024,2800,False
168100050,0,0,1024,2800,False
168200030,31395,0,1024,2800,True
168200069,0,0,1024,2800,False
168300027,0,81141,1024,2800,True
168300067,0,0,1024,2800,False
168400023,0,0,1024,2800,False
168400062,0,0,1024,2800,False
169300016,0,0,1024,2800,False
169300054,0,0,1024,2800,False
169400079,0,0,1024,2800,False
169600049,0,0,1024,2800,False
169700004,0,0,1024,2800,False
169800035,6676,0,1024,2800,True
169800076,6804,0,1024,2800,True
170400029,0,0,1024,2800,False
170400066,0,0,1024,2800,False
170700013,0,0,1024,2800,False
170700068,0,0,1024,2800,False
170800015,0,0,1024,2800,False
170800058,0,0,1024,2800,False
170900010,0,0,1024,2800,False
170900050,0,0,1024,2800,False
171000011,0,0,1024,2800,False
171000064,0,0,1024,2800,False
171100017,0,0,1024,2800,False
171100055,0,0,1024,2800,False
171200002,0,0,1024,2800,False
171200047,0,0,1024,2800,False
171300011,0,0,1024,2800,False
171300062,0,0,1024,2800,False
171400025,0,0,1024,2800,False
171500010,0,0,1024,2800,False
171500050,0,0,1024,2800,False
171600005,0,51408,1024,2800,True
171600052,15987,0,1024,2800,True
171700018,0,0,1024,2800,False
171700080,0,136137,1024,2800,True
171800073,0,71206,1024,2800,True
171900035,0,0,1024,2800,False
172100005,0,0,1024,2800,False
172100048,0,0,1024,2800,False
172200019,0,0,1024,2800,False
172200060,0,0,1024,2800,False
172300017,0,0,1024,2800,False
172300054,0,0,1024,2800,False
172400014,0,0,1024,2800,False
172400055,0,0,1024,2800,False
175200010,0,0,1024,2800,False
175200048,0,0,1024,2800,False
175300003,0,0,1024,2800,False
175300047,0,0,1024,2800,False
175400000,0,0,1024,2800,False
175400052,0,0,1024,2800,False
175500011,0,0,1024,2800,False
175500059,0,0,1024,2800,False
175600030,0,0,1024,2800,False
175900026,12414,0,1024,2800,True
175900069,0,0,1024,2800,False
176000023,0,35818,1024,2800,True
176000063,0,0,1024,2800,False
99100013,0,0,1024,2800,False
99100050,0,0,1024,2800,False
99300006,0,0,1024,2800,False
99300065,0,0,1024,2800,False
99900015,0,0,1024,2800,False
99900079,0,0,1024,2800,False
100000015,0,0,1024,2800,False
100000054,0,0,1024,2800,False
100100008,0,0,1024,2800,False
100100048,0,0,1024,2800,False
100200006,0,0,1024,2800,False
100400030,0,0,1024,2800,False
100400071,0,0,1024,2800,False
100500028,0,0,1024,2800,False
100700000,0,0,1024,2800,False
100700038,0,0,1024,2800,False
100700084,0,0,1024,2800,False
101100038,0,0,1024,2800,False
101100077,0,0,1024,2800,False
101500024,0,0,1024,2784,False
101500065,0,0,1024,2800,False
101600020,0,0,1024,2800,False
101600078,0,0,1024,2800,False
101700040,0,0,1024,2800,False
101800002,39002,0,1024,2800,True
101900046,0,0,1024,2800,False
102100004,0,0,1024,2800,False
103000004,0,0,1024,2800,False
103000046,0,0,1024,2800,False
103200027,0,0,1024,2800,False
103200065,0,0,1024,2800,False
103300029,0,0,1024,2800,False
103400052,0,0,1024,2800,False
103500040,0,0,1024,2800,False
103700000,0,0,1024,2800,False
103700047,0,0,1024,2800,False
103900043,0,104505,1024,2800,True
104500083,0,0,1024,2800,False
104600048,0,0,1024,2800,False
104700025,0,0,1024,2800,False
104700073,0,0,1024,2800,False
104800020,0,0,1024,2800,False
104900030,0,0,1024,2800,False
104900069,0,0,1024,2800,False
105100032,0,0,1024,2800,False
105100073,0,0,1024,2800,False
105200043,0,0,1024,2800,False
105300009,0,0,1024,2800,False
105300057,0,0,1024,2800,False
105400076,0,0,1024,2800,False
105600029,0,0,1024,2800,False
105600068,0,4,1024,2800,True
105900016,0,0,1024,2800,False
105900054,0,0,1024,2800,False
106000044,0,0,1024,2800,False
106100029,0,0,1024,2800,False
106100072,0,0,1024,2800,False
106200038,0,0,1024,2800,False
106300002,16729,0,1024,2800,True
106300039,0,0,1024,2800,False
106500024,0,0,1024,2800,False
106500072,36143,0,1024,2800,True
106600034,0,0,1024,2800,False
106600072,0,0,1024,2800,False
106700084,0,0,1024,2800,False
106900037,0,0,1024,2800,False
106900074,0,0,1024,2800,False
107900030,0,0,1024,2800,False
107900071,0,0,1024,2800,False
108400057,30454,0,1024,2800,True
108600038,0,0,1024,2800,False
108900014,0,0,1024,2800,False
108900051,0,0,1024,2800,False
109200001,0,0,1024,2800,False
109200050,0,0,1024,2800,False
109300020,0,0,1024,2800,False
109600003,0,0,1024,2800,False
109600046,0,0,1024,2800,False
109700021,0,164581,1024,2800,True
109700066,5048,0,1024,2800,True
109800013,0,0,1024,2800,False
109800052,0,0,1024,2800,False
110100017,0,0,1024,2800,False
110100054,0,0,1024,2800,False
110200012,0,0,1024,2800,False
110400043,0,46911,1024,2800,True
110500067,0,0,1024,2800,False
110700015,0,0,1024,2800,False
110700055,0,0,1024,2800,False
110900031,9361,0,1024,2800,True
110900070,0,0,1024,2800,False
111000043,0,0,1024,2800,False
111200041,0,0,1024,2800,False
111200082,0,34846,1024,2800,True
111400035,0,0,1024,2800,False
111500001,0,0,1024,2800,False
111500060,0,0,1024,2800,False
111700068,0,0,1024,2800,False
111900016,0,0,1024,2800,False
111900056,0,0,1024,2800,False
112000021,0,0,1024,2800,False
112500004,19428,0,1024,2800,True
112500051,0,0,1024,2800,False
112600010,0,0,1024,2800,False
112600063,0,0,1024,2800,False
112800012,0,0,1024,2800,False
112800050,0,0,1024,2800,False
113100012,0,0,1024,2800,False
113300004,0,0,1024,2800,False
113300042,0,0,1024,2800,False
113400014,0,0,1024,2800,False
113400062,0,0,1024,2800,False
113500023,0,22794,1024,2800,True
113700023,0,0,1024,2800,False
113700061,0,0,1024,2800,False
114500008,39721,0,1024,2800,True
114600020,0,0,1024,2800,False
114600058,0,0,1024,2800,False
114700047,0,0,1024,2800,False
114900025,0,0,1024,2800,False
115100028,0,0,1024,2800,False
115100079,0,0,1024,2800,False
115300063,0,72728,1024,2800,True
115500052,0,0,1024,2800,False
115600029,0,0,1024,2800,False
115600069,0,0,1024,2800,False
116100010,0,0,1024,2800,False
116100047,0,0,1024,2800,False
116400008,0,0,1024,2800,False
116400080,0,0,1024,2800,False
116900019,0,0,1024,2800,False
116900057,0,0,1024,2800,False
117700037,0,101208,1024,2800,True
117700081,0,0,1024,2800,False
117900034,0,62990,1024,2800,True
117900081,0,54210,1024,2800,True
118300035,0,0,1024,2800,False
118300074,0,0,1024,2800,False
118500021,0,0,1024,2800,False
118600027,0,0,1024,2800,False
118600083,0,0,1024,2800,False
118800041,0,0,1024,2800,False
118800081,0,0,1024,2800,False
118900056,0,0,1024,2800,False
119100034,0,0,1024,2800,False
119100073,0,0,1024,2800,False
119400003,0,0,1024,2800,False
119400040,0,0,1024,2800,False
119400078,0,0,1024,2800,False
119700049,0,0,1024,2800,False
120000031,0,0,1024,2800,False
120000068,0,0,1024,2800,False
120200024,0,15287,1024,2800,True
120200073,0,0,1024,2800,False
120300057,0,25011,1024,2800,True
121200009,0,0,1024,2800,False
121200061,0,0,1024,2800,False
121400022,0,0,1024,2800,False
121400082,0,0,1024,2800,False
121500037,0,35017,1024,2800,True
121500076,6311,0,1024,2800,True
121800000,0,0,1024,2800,False
121800038,0,0,1024,2800,False
121800075,0,0,1024,2800,False
121900065,0,55235,1024,2800,True
122300037,0,0,1024,2800,False
122300080,0,0,1024,2800,False
122400048,0,0,1024,2800,False
122500013,0,0,1024,2800,False
122500053,0,0,1024,2800,False
122600047,0,0,1024,2800,False
122600084,0,0,1024,2800,False
122700053,0,0,1024,2800,False
122900019,0,0,1024,2800,False
122900072,0,0,1024,2800,False
123300013,0,0,1024,2800,False
123300056,0,0,1024,2800,False
123600030,31630,0,1024,2800,True
123700007,0,0,1024,2800,False
123700045,0,0,1024,2800,False
123700084,0,0,1024,2800,False
123800031,0,0,1024,2800,False
123800075,0,0,1024,2800,False
124000027,0,0,1024,2800,False
124200005,0,0,1024,2800,False
124200058,0,0,1024,2800,False
124400005,0,0,1024,2800,False
124400061,0,0,1024,2800,False
124500036,0,0,1024,2800,False
124600008,0,0,1024,2800,False
124600058,0,0,1024,2800,False
124700036,0,0,1024,2800,False
124700074,0,0,1024,2800,False
124800027,0,0,1024,2800,False
124800066,0,0,1024,2800,False
125100026,0,0,1024,2800,False
125100068,0,0,1024,2800,False
125200040,0,42306,1024,2800,True
125400010,0,0,1024,2800,False
125400051,0,0,1024,2800,False
125600004,0,0,1024,2800,False
125600041,0,0,1024,2800,False
125700000,25248,0,1024,2800,True
125700045,0,145248,1024,2800,True
125700084,0,0,1024,2800,False
125800053,0,0,1024,2800,False
126500002,0,0,1024,2800,False
126600043,0,0,1024,2800,False
126800006,0,0,1024,2800,False
126800044,0,0,1024,2800,False
126800081,2807,0,1024,2800,True
127000045,0,0,1024,2800,False
127200009,0,0,1024,2800,False
127200081,0,0,1024,2800,False
127300028,0,62701,1024,2800,True
127300082,0,0,1024,2800,False
127600021,0,0,1024,2800,False
127600062,0,0,1024,2800,False
127900077,0,0,1024,2800,False
128200035,0,0,1024,2800,False
128200073,0,0,1024,2800,False
128300021,0,0,1024,2800,False
128300067,0,0,1024,2800,False
128500022,0,86669,1024,2800,True
128500061,22609,0,1024,2800,True
128700074,0,0,1024,2800,False
129100020,0,0,1024,2800,False
129100064,14127,0,1024,2800,True
129300011,0,0,1024,2800,False
129300056,6541,0,1024,2800,True
129400019,0,0,1024,2800,False
129400063,0,52475,1024,2800,True
129500010,0,0,1024,2800,False
129500050,0,0,1024,2800,False
129700041,0,0,1024,2800,False
129700080,0,0,1024,2800,False
129800036,0,0,1024,2800,False
129800080,0,0,1024,2800,False
129900044,0,0,1024,2800,False
130300000,0,0,1024,2800,False
130300046,0,0,1024,2800,False
130400052,0,0,1024,2800,False
130500029,0,0,1024,2800,False
130500068,0,0,1024,2800,False
130800008,0,0,1024,2800,False
130800046,0,0,1024,2800,False
130800084,0,0,1024,2800,False
131000060,0,0,1024,2800,False
131100081,31057,0,1024,2800,True
131600037,0,54394,1024,2800,True
131600082,0,0,1024,2800,False
131900042,0,0,1024,2800,False
132200079,0,0,1024,2800,False
132300027,0,0,1024,2800,False
132500040,0,0,1024,2800,False
133200000,0,0,1024,2800,False
133200037,0,0,1024,2800,False
133200075,0,0,1024,2800,False
133500046,0,0,1024,2800,False
133600054,0,0,1024,2800,False
133700012,0,0,1024,2800,False
133700050,35117,0,1024,2800,True
134000019,0,0,1024,2800,False
134000079,0,0,1024,2800,False
134200028,0,0,1024,2800,False
134200072,0,0,1024,2800,False
134600013,0,0,1024,2800,False
134600059,0,0,1024,2800,False
134700021,12131,0,1024,2800,True
134700065,0,0,1024,2800,False
134900070,36761,0,1024,2800,True
135400059,0,47557,1024,2800,True
135500011,0,0,1024,2800,False
135500048,0,0,1024,2800,False
135700000,0,0,1024,2800,False
135700044,0,75386,1024,2800,True
135700082,0,0,1024,2800,False
135800070,0,0,1024,2800,False
135900077,0,0,1024,2800,False
136200028,31007,0,1024,2800,True
136200077,0,0,1024,2800,False
136500041,0,0,1024,2800,False
136700052,0,0,1024,2800,False
136900007,0,82124,1024,2800,True
137000075,0,0,1024,2800,False
137100022,0,0,1024,2800,False
137100068,0,0,1024,2800,False
137400026,0,0,1024,2800,False
137400079,0,0,1024,2800,False
137600049,0,0,1024,2800,False
137900016,0,0,1024,2800,False
137900068,18117,0,1024,2800,True
138000015,0,0,1024,2800,False
138000056,0,0,1024,2800,False
138200018,0,0,1024,2800,False
138200068,5506,0,1024,2800,True
138400012,0,0,1024,2785,False
138400059,0,0,1024,2800,False
138500006,0,0,1024,2800,False
138500055,0,0,1024,2800,False
138700021,0,0,1024,2800,False
138700059,0,0,1024,2800,False
138900009,0,0,1024,2800,False
138900048,0,0,1024,2800,False
139100007,0,60166,1024,2800,True
139100053,0,34722,1024,2800,True
139200011,7009,0,1024,2800,True
139200067,0,0,1024,2800,False
140200009,0,0,1024,2800,False
140200047,31768,0,1024,2800,True
140300038,0,0,1024,2800,False
140500003,0,0,1024,2800,False
140500045,0,0,1024,2800,False
140700028,17979,0,1024,2800,True
140700071,0,54458,1024,2800,True
140800043,0,0,1024,2800,False
140900008,0,0,1024,2800,False
140900057,0,0,1024,2800,False
141000047,0,0,1024,2800,False
141100026,0,0,1024,2800,False
141100067,0,0,1024,2800,False
141200034,0,0,1024,2800,False
141400006,0,36113,1024,2800,True
141400059,35408,0,1024,2800,True
141500009,0,0,1024,2800,False
142000007,0,0,1024,2800,False
142100071,0,0,1024,2800,False
142200041,0,0,1024,2800,False
142500016,0,0,1024,2800,False
142800002,0,0,1024,2800,False
142800045,0,0,1024,2800,False
142900003,0,0,1024,2800,False
143400034,0,0,1024,2800,False
143400074,0,0,1024,2800,False
143600022,0,73830,1024,2800,True
143600058,0,0,1024,2790,False
143900011,0,0,1024,2800,False
143900050,0,0,1024,2800,False
144000041,0,0,1024,2800,False
144000081,0,0,1024,2800,False
144100040,0,0,1024,2800,False
144100082,21458,0,1024,2800,True
144200050,0,0,1024,2800,False
144500006,0,0,1024,2800,False
144500045,0,0,1024,2800,False
144800056,0,0,1024,2800,False
144900008,0,0,1024,2800,False
144900046,0,0,1024,2800,False
145000031,0,0,1024,2800,False
145000070,0,112692,1024,2800,True
145100021,0,0,1024,2800,False
145100061,0,0,1024,2800,False
145200026,0,0,1024,2800,False
145200064,0,0,1024,2800,False
145300032,0,41607,1024,2800,True
146300016,0,60040,1024,2800,True
147200006,0,0,1024,2800,False
147200051,0,0,1024,2800,False
147300001,0,0,1024,2800,False
147900006,0,0,1024,2800,False
147900074,0,0,1024,2800,False
148000059,0,0,1024,2800,False
148100023,0,0,1024,2800,False
148300062,0,0,1024,2800,False
148400022,18524,0,1024,2800,True
148400080,0,0,1024,2800,False
148500027,0,0,1024,2800,False
148500084,0,0,1024,2800,False
148800000,0,0,1024,2800,False
148800037,7367,0,1024,2800,True
148800075,0,0,1024,2800,False
148900037,0,0,1024,2800,False
149000009,0,47898,1024,2800,True
149000048,15709,0,1024,2800,True
149200011,0,0,1024,2800,False
149200050,0,0,1024,2800,False
149400002,0,59864,1024,2800,True
149400045,0,0,1024,2800,False
149400083,0,0,1024,2800,False
149500041,0,46039,1024,2800,True
149500084,0,140934,1024,2800,True
149600040,0,0,1024,2800,False
149600078,0,0,1024,2800,False
149700030,0,0,1024,2800,False
149800044,0,0,1024,2800,False
149900038,28907,0,1024,2800,True
150000016,0,0,1024,2800,False
150000054,0,0,1024,2800,False
150100008,0,33631,1024,2800,True
150100047,0,0,1024,2800,False
150200069,0,0,1024,2800,False
150400017,0,93654,1024,2800,True
150400055,0,0,1024,2800,False
150600015,0,55203,1024,2800,True
150600066,0,0,1024,2800,False
150700026,10202,0,1024,2800,True
150700073,0,0,1024,2800,False
150800030,0,0,1024,2800,False
150800072,0,0,1024,2800,False
150900027,0,102273,1024,2800,True
150900071,0,0,1024,2800,False
151000021,0,0,1024,2800,False
151000064,0,0,1024,2800,False
151100021,0,0,1024,2800,False
151800024,0,0,1024,2800,False
151800065,0,0,1024,2800,False
151900012,0,124587,1024,2800,True
151900054,0,0,1024,2800,False
152000012,0,0,1024,2800,False
152000052,0,0,1024,2800,False
152100044,0,0,1024,2800,False
152300008,0,0,1024,2800,False
152300051,0,40372,1024,2800,True
152400012,0,0,1024,2800,False
152400074,0,0,1024,2800,False
152600052,0,97047,1024,2800,True
152700017,0,0,1024,2800,False
152700061,0,0,1024,2800,False
152800008,0,0,1024,2800,False
152800060,15685,0,1024,2800,True
152900026,32293,0,1024,2800,True
152900075,0,0,1024,2800,False
153000031,0,93353,1024,2800,True
153000077,0,0,1024,2800,False
153100038,0,0,1024,2800,False
153200005,0,0,1024,2800,False
153200051,0,0,1024,2800,False
153300001,0,0,1024,2800,False
153300048,0,0,1024,2800,False
153500004,0,0,1024,2800,False
153500044,0,0,1024,2800,False
153600009,0,0,1024,2800,False
153600053,0,0,1024,2800,False
153700017,0,0,1024,2800,False
153700070,0,0,1024,2800,False
153800017,0,0,1024,2800,False
153800054,0,0,1024,2800,False
154000019,0,0,1024,2800,False
154000063,0,0,1024,2800,False
154500067,0,0,1024,2800,False
154700033,0,0,1024,2800,False
155000010,0,0,1024,2800,False
155000051,0,0,1024,2800,False
155100007,0,0,1024,2800,False
155100046,0,0,1024,2800,False
155200001,0,0,1024,2800,False
155200063,0,0,1024,2800,False
155400028,45225,0,1024,2800,True
156300012,0,0,1024,2800,False
156300050,0,0,1024,2800,False
156400048,0,0,1024,2800,False
156500004,0,0,1024,2800,False
156600011,0,0,1024,2800,False
156600074,0,0,1024,2800,False
156700042,0,0,1024,2800,False
157200018,0,0,1024,2800,False
157200064,0,144569,1024,2800,True
157400011,0,0,1024,2800,False
157500031,0,0,1024,2800,False
157500070,0,0,1024,2800,False
157600032,0,0,1024,2800,False
157600078,0,0,1024,2800,False
158000002,0,0,1024,2800,False
158000045,0,0,1024,2800,False
158000083,0,0,1024,2800,False
158100050,0,0,1024,2800,False
158300006,0,0,1024,2800,False
158300044,0,0,1024,2800,False
158300082,0,0,1024,2800,False
158500057,0,0,1024,2800,False
158600004,0,0,1024,2800,False
158600042,0,0,1024,2800,False
158700045,0,0,1024,2800,False
158800052,0,0,1024,2800,False
158900000,0,0,1024,2800,False
158900045,0,0,1024,2800,False
159000037,0,0,1024,2800,False
159300059,0,0,1024,2800,False
160000014,0,0,1024,2800,False
160000076,0,0,1024,2800,False
160200036,0,0,1024,2800,False
160200077,0,0,1024,2800,False
160300037,0,0,1024,2800,False
160300075,0,13872,1024,2800,True
160400037,0,0,1024,2800,False
160600052,35132,0,1024,2800,True
160800006,37415,0,1024,2800,True
160800049,0,0,1024,2800,False
160900043,0,0,1024,2800,False
160900083,0,0,1024,2800,False
161200040,0,18093,1024,2800,True
161200078,0,0,1024,2800,False
161300036,0,0,1024,2800,False
161300075,0,0,1024,2800,False
161500022,0,0,1024,2800,False
161500061,0,0,1024,2800,False
161600019,0,0,1024,2800,False
161600074,0,0,1024,2800,False
161700026,0,0,1024,2800,False
161700067,0,79869,1024,2800,True
161800023,0,43036,1024,2800,True
161800063,0,0,1024,2800,False
161900010,0,0,1024,2800,False
161900058,0,0,1024,2800,False
162100015,0,0,1024,2800,False
162100056,0,0,1024,2800,False
162300081,0,0,1024,2800,False
162500013,0,0,1024,2800,False
162500058,0,0,1024,2800,False
162600037,0,0,1024,2800,False
162600082,0,0,1024,2800,False
162700044,0,0,1024,2800,False
162800007,0,0,1024,2800,False
162800047,0,0,1024,2800,False
162900002,0,0,1024,2800,False
162900044,0,0,1024,2800,False
162900082,0,0,1024,2800,False
163100001,0,0,1024,2800,False
163100065,0,38280,1024,2800,True
163200048,0,60357,1024,2800,True
163300045,0,0,1024,2800,False
163700032,0,0,1024,2800,False
163700073,0,0,1024,2800,False
163800035,0,60321,1024,2800,True
163800077,0,0,1024,2800,False
163900068,0,80998,1024,2800,True
164000036,0,0,1024,2800,False
164000075,0,0,1024,2800,False
164300022,0,0,1024,2800,False
164500020,0,0,1024,2800,False
164500071,0,0,1024,2800,False
164600025,0,0,1024,2800,False
164600069,0,0,1024,2800,False
165200035,0,0,1024,2800,False
165200079,0,0,1024,2800,False
165300036,0,0,1024,2800,False
165300076,34,0,1024,2800,True
165400039,0,0,1024,2800,False
165400079,0,0,1024,2800,False
165500042,0,0,1024,2800,False
165600000,0,0,1024,2800,False
165600046,0,0,1024,2800,False
165600083,0,0,1024,2800,False
165700043,0,0,1024,2800,False
165800006,0,0,1024,2800,False
165800067,0,0,1024,2800,False
165900031,0,0,1024,2800,False
165900073,0,0,1024,2800,False
166100041,0,0,1024,2800,False
166300000,0,0,1024,2800,False
166300043,0,0,1024,2800,False
166300083,0,0,1024,2800,False
166400039,0,69340,1024,2800,True
166600000,0,0,1024,2800,False
166600038,0,0,1024,2800,False
166600079,0,0,1024,2800,False
166700045,0,0,1024,2800,False
166800067,0,0,1024,2800,False
166900025,0,0,1024,2800,False
167000042,0,0,1024,2800,False
167000080,0,0,1024,2800,False
167100034,0,0,1024,2800,False
167100077,0,0,1024,2800,False
167200029,0,0,1024,2800,False
167200076,0,0,1024,2800,False
167300025,0,0,1024,2800,False
167300071,0,0,1024,2800,False
167600045,0,0,1024,2800,False
167700014,0,0,1024,2800,False
167700061,0,0,1024,2800,False
167800008,0,0,1024,2800,False
167900045,0,0,1024,2800,False
168000053,0,0,1024,2800,False
168100010,0,37490,1024,2800,True
168100051,0,0,1024,2800,False
168200031,0,0,1024,2800,False
168200070,0,84226,1024,2800,True
168300028,0,0,1024,2800,False
168300068,0,0,1024,2800,False
168400024,13303,0,1024,2800,True
168400063,0,0,1024,2800,False
169300017,0,50877,1024,2800,True
169300055,0,0,1024,2800,False
169400080,0,0,1024,2800,False
169600050,0,0,1024,2800,False
169700005,0,0,1024,2800,False
169800036,0,0,1024,2800,False
169800077,0,0,1024,2800,False
170400030,0,0,1024,2800,False
170400067,0,0,1024,2800,False
170700014,0,0,1024,2800,False
170700069,0,0,1024,2800,False
170800016,0,112618,1024,2800,True
170800059,0,130177,1024,2800,True
170900011,0,0,1024,2800,False
170900051,0,0,1024,2800,False
171000012,0,0,1024,2800,False
171000065,0,0,1024,2800,False
171100018,0,0,1024,2800,False
171100056,0,0,1024,2800,False
171200003,0,0,1024,2800,False
171200048,0,0,1024,2800,False
171300012,0,0,1024,2800,False
171300063,0,0,1024,2800,False
171400026,0,0,1024,2800,False
171500011,0,0,1024,2800,False
171500051,0,0,1024,2800,False
171600008,0,198152,1024,2800,True
171600053,0,0,1024,2800,False
171700019,0,0,1024,2800,False
171700081,0,0,1024,2800,False
171800074,0,0,1024,2800,False
171900036,0,0,1024,2800,False
172100006,0,0,1024,2800,False
172100049,0,0,1024,2800,False
172200020,0,0,1024,2800,False
172200061,0,0,1024,2800,False
172300018,0,0,1024,2800,False
172300055,0,0,1024,2800,False
172400015,0,0,1024,2800,False
172400056,0,0,1024,2800,False
175200011,0,0,1024,2800,False
175200050,0,0,1024,2800,False
175300004,0,0,1024,2800,False
175300048,0,132309,1024,2800,True
175400001,0,0,1024,2800,False
175400053,0,0,1024,2800,False
175500012,0,0,1024,2800,False
175500060,0,0,1024,2800,False
175600031,0,0,1024,2800,False
175900027,0,0,1024,2800,False
175900070,0,0,1024,2800,False
176000024,0,0,1024,2800,False
176000064,0,0,1024,2800,False
99100014,0,0,1024,2800,False
99100051,0,0,1024,2800,False
99300007,0,0,1024,2800,False
99300066,0,0,1024,2800,False
99900016,0,0,1024,2800,False
99900080,13845,0,1024,2800,True
100000016,0,0,1024,2800,False
100000055,0,0,1024,2800,False
100100009,0,0,1024,2800,False
100100049,0,97937,1024,2800,True
100200007,0,0,1024,2800,False
100400031,0,0,1024,2800,False
100400072,0,0,1024,2800,False
100500029,0,42,1024,2800,True
100700001,0,81196,1024,2800,True
100700039,0,0,1024,2800,False
101100000,0,0,1024,2800,False
101100039,0,0,1024,2800,False
101100078,0,0,1024,2800,False
101500025,29641,0,1024,2764,True
101500066,0,0,1024,2800,False
101600021,0,52359,1024,2800,True
101600079,0,0,1024,2800,False
101700041,0,0,1024,2800,False
101800003,0,0,1024,2800,False
101900047,0,0,1024,2800,False
102100005,0,0,1024,2800,False
103000005,0,0,1024,2800,False
103000047,0,0,1024,2800,False
103200028,0,0,1024,2800,False
103200066,0,0,1024,2800,False
103300030,0,0,1024,2800,False
103400053,0,0,1024,2800,False
103500041,0,0,1024,2800,False
103700001,0,0,1024,2800,False
103700049,0,0,1024,2800,False
103900044,0,0,1024,2800,False
104500084,0,0,1024,2800,False
104600049,0,0,1024,2800,False
104700026,0,0,1024,2800,False
104700074,0,0,1024,2800,False
104800021,0,0,1024,2800,False
104900031,0,0,1024,2800,False
104900070,0,0,1024,2800,False
105100033,0,0,1024,2800,False
105100074,0,0,1024,2800,False
105200044,20737,0,1024,2800,True
105300010,0,0,1024,2800,False
105300058,0,0,1024,2800,False
105400077,0,0,1024,2800,False
105600030,0,0,1024,2800,False
105600069,0,0,1024,2800,False
105900017,0,0,1024,2800,False
105900055,0,0,1024,2800,False
106000045,0,0,1024,2800,False
106100030,11016,0,1024,2800,True
106100073,0,0,1024,2800,False
106200039,0,0,1024,2800,False
106300003,0,0,1024,2800,False
106300040,0,0,1024,2800,False
106500025,0,0,1024,2800,False
106500081,0,0,1024,2800,False
106600035,0,52609,1024,2800,True
106600073,0,54992,1024,2800,True
106900000,0,0,1024,2800,False
106900038,0,0,1024,2800,False
106900075,0,0,1024,2800,False
107900031,0,0,1024,2800,False
107900072,0,5,1024,2800,True
108400058,16019,0,1024,2800,True
108600039,0,0,1024,2800,False
108900015,0,0,1024,2800,False
108900052,0,0,1024,2800,False
109200002,0,0,1024,2800,False
109200051,0,0,1024,2800,False
109300021,0,0,1024,2800,False
109600004,0,0,1024,2800,False
109600047,0,0,1024,2800,False
109700022,0,0,1024,2800,False
109700067,0,0,1024,2800,False
109800014,0,0,1024,2800,False
109800053,0,0,1024,2800,False
110100018,0,0,1024,2800,False
110100055,0,0,1024,2800,False
110200013,0,0,1024,2800,False
110400044,0,0,1024,2800,False
110500068,0,0,1024,2800,False
110700016,0,0,1024,2800,False
110700056,11886,0,1024,2800,True
110900032,0,0,1024,2800,False
110900071,35976,0,1024,2800,True
111000044,0,0,1024,2800,False
111200042,0,74034,1024,2800,True
111200083,0,0,1024,2800,False
111400036,0,0,1024,2800,False
111500002,0,50598,1024,2800,True
111500061,0,0,1024,2800,False
111700075,0,0,1024,2800,False
111900017,0,0,1024,2800,False
111900057,0,0,1024,2800,False
112000022,0,0,1024,2800,False
112500005,0,0,1024,2800,False
112500052,0,0,1024,2800,False
112600011,0,0,1024,2800,False
112600064,0,0,1024,2800,False
112800013,0,0,1024,2800,False
112800051,0,35696,1024,2800,True
113100013,0,0,1024,2800,False
113300005,0,0,1024,2800,False
113300043,0,0,1024,2800,False
113400015,0,0,1024,2800,False
113400063,0,0,1024,2800,False
113500024,0,0,1024,2800,False
113700024,0,102141,1024,2800,True
113700062,0,0,1024,2800,False
114500009,28782,0,1024,2800,True
114600021,0,0,1024,2800,False
114600059,0,0,1024,2800,False
114700048,0,19592,1024,2800,True
114900026,0,0,1024,2800,False
115100029,0,0,1024,2800,False
115100080,0,0,1024,2800,False
115300064,0,0,1024,2800,False
115500053,0,0,1024,2800,False
115600030,0,0,1024,2800,False
115600070,0,0,1024,2800,False
116100011,0,30332,1024,2800,True
116100048,0,0,1024,2800,False
116400009,0,0,1024,2800,False
116400081,0,0,1024,2800,False
116900020,0,0,1024,2800,False
116900058,13841,0,1024,2800,True
117700038,8,0,1024,2800,True
117700082,0,0,1024,2800,False
117900035,0,0,1024,2800,False
117900082,0,33587,1024,2800,True
118300036,0,0,1024,2800,False
118300075,0,58,1024,2800,True
118500022,0,0,1024,2800,False
118600028,0,0,1024,2800,False
118600084,0,0,1024,2800,False
118800042,0,0,1024,2800,False
118800082,25790,0,1024,2800,True
118900057,0,0,1024,2800,False
119100035,0,0,1024,2800,False
119100074,0,11428,1024,2800,True
119400004,0,0,1024,2800,False
119400041,0,0,1024,2800,False
119400079,0,0,1024,2800,False
119700050,0,0,1024,2800,False
120000032,0,0,1024,2800,False
120000069,0,76314,1024,2800,True
120200025,0,0,1024,2800,False
120200074,0,0,1024,2800,False
120300058,0,0,1024,2800,False
121200010,0,0,1024,2800,False
121200062,0,0,1024,2800,False
121400023,0,0,1024,2800,False
121400083,0,0,1024,2800,False
121500038,0,58923,1024,2800,True
121600044,19976,0,1024,2800,True
121800001,0,0,1024,2800,False
121800039,0,0,1024,2800,False
121800076,0,0,1024,2800,False
121900066,0,0,1024,2800,False
122300038,0,0,1024,2800,False
122400000,0,0,1024,2800,False
122400049,0,0,1024,2800,False
122500014,0,0,1024,2800,False
122500054,0,0,1024,2800,False
122600048,0,0,1024,2800,False
122700000,0,0,1024,2800,False
122700054,0,0,1024,2800,False
122900020,0,0,1024,2800,False
122900073,0,0,1024,2800,False
123300014,0,0,1024,2800,False
123300057,0,0,1024,2800,False
123600031,31352,0,1024,2800,True
123700008,0,0,1024,2800,False
123700046,0,0,1024,2800,False
123800000,6196,0,1024,2800,True
123800038,0,0,1024,2800,False
123800076,0,24025,1024,2800,True
124000028,0,135322,1024,2800,True
124200006,0,0,1024,2800,False
124200059,0,34740,1024,2800,True
124400012,0,36777,1024,2800,True
124400062,0,0,1024,2800,False
124500037,0,0,1024,2800,False
124600009,0,0,1024,2800,False
124600059,0,0,1024,2800,False
124700037,0,0,1024,2800,False
124700075,0,0,1024,2800,False
124800028,0,0,1024,2800,False
124800067,0,0,1024,2800,False
125100027,0,0,1024,2800,False
125100069,0,0,1024,2800,False
125200041,0,45144,1024,2800,True
125400011,0,35100,1024,2800,True
125400052,0,0,1024,2800,False
125600005,0,0,1024,2800,False
125600042,0,0,1024,2800,False
125700001,11670,0,1024,2800,True
125700046,0,0,1024,2800,False
125800000,0,0,1024,2800,False
125800054,0,0,1024,2800,False
126500003,0,0,1024,2800,False
126600044,0,0,1024,2800,False
126800007,0,0,1024,2800,False
126800045,0,0,1024,2800,False
126800082,0,0,1024,2800,False
127000046,0,0,1024,2800,False
127200010,0,0,1024,2800,False
127200082,0,58176,1024,2800,True
127300038,0,0,1024,2800,False
127300083,0,0,1024,2800,False
127600022,0,0,1024,2800,False
127600063,0,0,1024,2800,False
127900078,12232,0,1024,2800,True
128200036,0,0,1024,2800,False
128200074,0,54457,1024,2800,True
128300022,12760,0,1024,2800,True
128300068,0,0,1024,2800,False
128500023,0,0,1024,2800,False
128700043,8802,0,1024,2800,True
128800000,0,0,1024,2800,False
129100021,0,0,1024,2800,False
129100065,5533,16451,1024,2800,True
129300012,0,0,1024,2800,False
129300057,0,0,1024,2800,False
129400020,0,0,1024,2800,False
129400064,0,0,1024,2800,False
129500011,0,0,1024,2800,False
129500051,0,0,1024,2800,False
129700042,0,0,1024,2800,False
129700081,0,0,1024,2800,False
129800037,18843,0,1024,2800,True
129800081,0,0,1024,2800,False
129900045,0,0,1024,2800,False
130300001,0,0,1024,2800,False
130300047,0,0,1024,2800,False
130400053,0,0,1024,2800,False
130500030,0,0,1024,2800,False
130500069,27109,0,1024,2800,True
130800009,0,0,1024,2800,False
130800047,0,0,1024,2800,False
131000019,0,0,1024,2800,False
131000061,0,0,1024,2800,False
131100082,36368,0,1024,2800,True
131600038,0,0,1024,2800,False
131600083,0,0,1024,2800,False
131900043,0,0,1024,2800,False
132200080,0,0,1024,2800,False
132300028,0,0,1024,2800,False
132500041,0,0,1024,2800,False
133200001,0,0,1024,2800,False
133200038,0,0,1024,2800,False
133200076,0,0,1024,2800,False
133500047,0,0,1024,2800,False
133600055,0,0,1024,2800,False
133700013,0,0,1024,2800,False
133700051,6512,0,1024,2800,True
134000020,0,0,1024,2800,False
134000080,0,0,1024,2800,False
134200029,0,0,1024,2800,False
134200073,0,0,1024,2800,False
134600014,0,0,1024,2800,False
134600060,0,0,1024,2800,False
134700022,0,0,1024,2800,False
134700066,0,0,1024,2800,False
134900071,32358,0,1024,2800,True
135400060,0,0,1024,2800,False
135500012,0,0,1024,2800,False
135500049,0,0,1024,2800,False
135700001,0,0,1024,2800,False
135700045,0,0,1024,2800,False
135700083,0,0,1024,2800,False
135800071,0,0,1024,2800,False
135900078,0,0,1024,2800,False
136200034,5144,0,1024,2800,True
136200078,0,0,1024,2800,False
136500042,0,0,1024,2800,False
136700053,0,0,1024,2800,False
136900008,0,0,1024,2800,False
137000076,0,0,1024,2800,False
137100023,0,0,1024,2800,False
137100069,0,0,1024,2800,False
137400027,0,0,1024,2800,False
137400080,0,0,1024,2800,False
137600050,0,115770,1024,2800,True
137900017,0,0,1024,2800,False
137900069,32532,0,1024,2800,True
138000016,0,0,1024,2800,False
138000057,0,0,1024,2800,False
138200019,0,0,1024,2800,False
138200069,40059,0,1024,2800,True
138400013,0,0,1024,2766,False
138400060,0,0,1024,2800,False
138500007,0,0,1024,2800,False
138500056,0,0,1024,2800,False
138700022,0,0,1024,2800,False
138700060,0,28687,1024,2800,True
138900010,0,0,1024,2800,False
138900049,0,0,1024,2800,False
139100008,0,0,1024,2800,False
139100054,0,0,1024,2800,False
139200012,0,0,1024,2800,False
139200068,0,0,1024,2800,False
140200010,0,0,1024,2800,False
140200048,35620,0,1024,2800,True
140300039,0,0,1024,2800,False
140500004,0,0,1024,2800,False
140500046,0,0,1024,2800,False
140700031,34389,0,1024,2800,True
140700072,2078,38306,1024,2800,True
140800044,0,0,1024,2800,False
140900009,0,0,1024,2800,False
140900058,0,0,1024,2800,False
141000048,0,0,1024,2800,False
141100027,0,0,1024,2800,False
141100068,0,0,1024,2800,False
141200035,0,0,1024,2800,False
141400007,0,0,1024,2800,False
141400060,23188,0,1024,2800,True
141500010,0,0,1024,2800,False
142000008,0,0,1024,2800,False
142100072,0,0,1024,2800,False
142200042,5990,0,1024,2800,True
142500017,0,0,1024,2800,False
142800003,0,0,1024,2800,False
142800046,10990,0,1024,2800,True
142900004,0,0,1024,2800,False
143400035,0,0,1024,2800,False
143400075,0,0,1024,2800,False
143600023,0,0,1024,2800,False
143600059,35309,0,1024,2766,True
143900012,0,0,1024,2800,False
143900051,0,0,1024,2800,False
144000042,0,0,1024,2800,False
144000082,0,0,1024,2800,False
144100041,0,0,1024,2800,False
144100083,0,83060,1024,2800,True
144200051,0,0,1024,2800,False
144500007,0,0,1024,2800,False
144500046,0,0,1024,2800,False
144800057,0,0,1024,2800,False
144900009,0,0,1024,2800,False
144900047,0,0,1024,2800,False
145000032,0,0,1024,2800,False
145000071,0,0,1024,2800,False
145100022,0,0,1024,2800,False
145100062,0,0,1024,2800,False
145200027,0,0,1024,2800,False
145200065,0,0,1024,2800,False
145300033,0,0,1024,2800,False
146300043,0,0,1024,2800,False
147200007,28109,0,1024,2800,True
147200052,0,0,1024,2800,False
147300002,0,0,1024,2800,False
147900007,0,0,1024,2800,False
147900075,27916,0,1024,2800,True
148000060,0,0,1024,2800,False
148300000,0,0,1024,2800,False
148300063,0,0,1024,2800,False
148400023,30362,0,1024,2800,True
148400081,0,0,1024,2800,False
148500035,0,0,1024,2800,False
148600028,0,0,1024,2800,False
148800001,0,0,1024,2800,False
148800038,0,0,1024,2800,False
148800076,0,0,1024,2800,False
148900038,0,0,1024,2800,False
149000010,0,0,1024,2800,False
149000049,22604,0,1024,2800,True
149200012,0,0,1024,2800,False
149200056,0,0,1024,2800,False
149400003,0,0,1024,2800,False
149400046,0,0,1024,2800,False
149400084,0,0,1024,2800,False
149500042,0,0,1024,2800,False
149600000,35400,97718,1024,2800,True
149600041,0,0,1024,2800,False
149600079,0,0,1024,2800,False
149700031,0,0,1024,2800,False
149800045,5175,0,1024,2800,True
149900039,0,0,1024,2800,False
150000017,0,52150,1024,2800,True
150000055,0,0,1024,2800,False
150100009,0,0,1024,2800,False
150100048,0,47195,1024,2800,True
150200070,0,0,1024,2800,False
150400018,0,0,1024,2800,False
150400056,0,0,1024,2800,False
150600016,0,0,1024,2800,False
150600067,0,0,1024,2800,False
150700027,35088,0,1024,2800,True
150700074,0,0,1024,2800,False
150800031,0,0,1024,2800,False
150800073,30911,0,1024,2800,True
150900028,0,0,1024,2800,False
150900072,0,0,1024,2800,False
151000022,0,0,1024,2800,False
151000065,0,0,1024,2800,False
151100022,21083,0,1024,2800,True
151800025,0,0,1024,2800,False
151800066,0,0,1024,2800,False
151900013,0,0,1024,2800,False
151900055,0,0,1024,2800,False
152000021,0,0,1024,2800,False
152000072,0,0,1024,2800,False
152100045,0,0,1024,2800,False
152300009,0,0,1024,2800,False
152300052,0,0,1024,2800,False
152400013,0,0,1024,2800,False
152400075,0,0,1024,2800,False
152600053,0,0,1024,2800,False
152700018,0,0,1024,2800,False
152700062,0,0,1024,2800,False
152800009,0,0,1024,2800,False
152800061,19277,0,1024,2800,True
152900027,0,0,1024,2800,False
152900076,0,0,1024,2800,False
153000032,0,0,1024,2800,False
153000078,0,0,1024,2800,False
153100039,0,0,1024,2800,False
153200006,0,0,1024,2800,False
153200052,0,0,1024,2800,False
153300002,0,0,1024,2800,False
153300049,0,0,1024,2800,False
153500005,0,0,1024,2800,False
153500045,0,0,1024,2800,False
153600010,0,0,1024,2800,False
153600054,0,0,1024,2800,False
153700018,0,0,1024,2800,False
153700071,0,0,1024,2800,False
153800018,0,0,1024,2800,False
153800055,0,65842,1024,2800,True
154000020,0,59544,1024,2800,True
154000064,0,0,1024,2800,False
154500068,0,0,1024,2800,False
154700034,0,0,1024,2800,False
155000011,0,0,1024,2800,False
155000052,0,0,1024,2800,False
155100008,0,0,1024,2800,False
155100047,6937,94935,1024,2800,True
155200002,0,0,1024,2800,False
155200064,0,0,1024,2800,False
155400029,28409,0,1024,2800,True
156300013,0,58714,1024,2800,True
156300051,0,0,1024,2800,False
156400049,6441,0,1024,2800,True
156500005,0,0,1024,2800,False
156600012,0,0,1024,2800,False
156600075,0,0,1024,2800,False
156700043,0,0,1024,2800,False
157200019,0,0,1024,2800,False
157200065,0,0,1024,2800,False
157400012,0,0,1024,2800,False
157500032,0,0,1024,2800,False
157500071,0,0,1024,2800,False
157600033,0,0,1024,2800,False
157600079,0,0,1024,2800,False
158000003,0,0,1024,2800,False
158000046,0,0,1024,2800,False
158000084,0,0,1024,2800,False
158100051,0,0,1024,2800,False
158300007,0,0,1024,2800,False
158300045,0,0,1024,2800,False
158300083,0,0,1024,2800,False
158500058,0,0,1024,2800,False
158600005,0,0,1024,2800,False
158600043,0,0,1024,2800,False
158700046,0,0,1024,2800,False
158800053,0,0,1024,2800,False
158900001,0,0,1024,2800,False
158900046,0,0,1024,2800,False
159000038,0,0,1024,2800,False
159300060,0,0,1024,2800,False
160000015,0,0,1024,2800,False
160000077,0,0,1024,2800,False
160200037,0,0,1024,2800,False
160200078,0,0,1024,2800,False
160300038,0,0,1024,2800,False
160300076,0,0,1024,2800,False
160400038,0,0,1024,2800,False
160600053,34962,0,1024,2800,True
160800018,0,0,1024,2800,False
160800058,0,0,1024,2800,False
160900044,0,0,1024,2800,False
160900084,0,0,1024,2800,False
161200041,17288,0,1024,2800,True
161300000,0,0,1024,2800,False
161300037,0,0,1024,2800,False
161300076,0,0,1024,2800,False
161500023,0,0,1024,2800,False
161500062,0,0,1024,2800,False
161600020,0,0,1024,2800,False
161600075,0,0,1024,2800,False
161700027,0,0,1024,2800,False
161700068,0,0,1024,2800,False
161800024,0,0,1024,2800,False
161800064,0,0,1024,2800,False
161900011,0,71764,1024,2800,True
161900059,0,0,1024,2800,False
162100016,0,0,1024,2800,False
162100057,0,0,1024,2800,False
162300082,0,0,1024,2800,False
162500014,0,0,1024,2800,False
162500059,0,0,1024,2800,False
162600038,0,0,1024,2800,False
162600083,0,0,1024,2800,False
162700045,0,0,1024,2800,False
162800008,0,0,1024,2800,False
162800048,0,0,1024,2800,False
162900003,0,0,1024,2800,False
162900045,0,0,1024,2800,False
162900083,0,0,1024,2800,False
163100002,0,0,1024,2800,False
163100066,0,0,1024,2800,False
163300000,0,0,1024,2800,False
163300046,0,0,1024,2800,False
163700033,0,0,1024,2800,False
163700074,0,0,1024,2800,False
163800036,0,0,1024,2800,False
163800078,0,52805,1024,2800,True
163900069,0,55331,1024,2800,True
164000037,0,0,1024,2800,False
164000076,0,0,1024,2800,False
164300023,0,34000,1024,2800,True
164500021,0,0,1024,2800,False
164500072,0,0,1024,2800,False
164600026,0,0,1024,2800,False
164600070,0,0,1024,2800,False
165200036,0,0,1024,2800,False
165200080,0,0,1024,2800,False
165300037,0,0,1024,2800,False
165300077,7709,0,1024,2800,True
165400040,0,0,1024,2800,False
165400080,0,0,1024,2800,False
165500043,0,0,1024,2800,False
165600001,0,0,1024,2800,False
165600047,0,0,1024,2800,False
165600084,0,0,1024,2800,False
165700044,0,0,1024,2800,False
165800007,0,0,1024,2800,False
165800068,0,0,1024,2800,False
165900032,0,0,1024,2800,False
165900074,0,0,1024,2800,False
166100042,0,0,1024,2800,False
166300001,0,0,1024,2800,False
166300044,0,0,1024,2800,False
166300084,0,0,1024,2800,False
166400052,0,0,1024,2800,False
166600001,0,0,1024,2800,False
166600039,0,0,1024,2800,False
166600080,0,0,1024,2800,False
166700046,0,0,1024,2800,False
166800068,0,0,1024,2800,False
166900026,0,0,1024,2800,False
167000043,0,0,1024,2800,False
167000081,0,0,1024,2800,False
167100035,0,0,1024,2800,False
167100078,0,59224,1024,2800,True
167200030,0,0,1024,2800,False
167200077,0,0,1024,2800,False
167300026,0,0,1024,2800,False
167300072,0,40717,1024,2800,True
167600046,0,0,1024,2800,False
167700015,0,0,1024,2800,False
167700062,0,0,1024,2800,False
167800009,0,0,1024,2800,False
167900046,0,0,1024,2800,False
168000054,0,0,1024,2800,False
168100011,0,0,1024,2800,False
168100052,0,0,1024,2800,False
168200032,0,0,1024,2800,False
168200071,0,0,1024,2800,False
168300029,0,0,1024,2800,False
168300069,0,140703,1024,2800,True
168400025,0,106634,1024,2800,True
168400064,0,0,1024,2800,False
169300018,0,0,1024,2800,False
169300056,0,0,1024,2800,False
169400081,0,0,1024,2800,False
169600051,0,0,1024,2800,False
169700006,0,0,1024,2800,False
169800037,0,0,1024,2800,False
169800078,0,0,1024,2800,False
170400031,3215,0,1024,2800,True
170400068,0,0,1024,2800,False
170700022,0,0,1024,2800,False
170700070,0,0,1024,2800,False
170800017,0,0,1024,2800,False
170800060,0,0,1024,2800,False
170900012,0,0,1024,2800,False
170900052,0,0,1024,2800,False
171000013,0,0,1024,2800,False
171000066,0,0,1024,2800,False
171100019,0,0,1024,2800,False
171100057,0,0,1024,2800,False
171200004,0,0,1024,2800,False
171200049,0,0,1024,2800,False
171300013,0,0,1024,2800,False
171300064,0,0,1024,2800,False
171400027,0,35278,1024,2800,True
171500012,0,0,1024,2800,False
171500052,0,0,1024,2800,False
171600009,0,0,1024,2800,False
171600054,0,0,1024,2800,False
171700020,0,0,1024,2800,False
171700082,0,0,1024,2800,False
171800075,0,0,1024,2800,False
171900037,0,0,1024,2800,False
172100007,0,0,1024,2800,False
172100050,0,0,1024,2800,False
172200021,0,0,1024,2800,False
172200062,0,18326,1024,2800,True
172300019,0,0,1024,2800,False
172300056,0,0,1024,2800,False
172400016,0,0,1024,2800,False
172400057,0,0,1024,2800,False
175200012,0,0,1024,2800,False
175200051,0,0,1024,2800,False
175300005,0,125154,1024,2800,True
175300049,0,0,1024,2800,False
175400002,0,0,1024,2800,False
175400054,0,0,1024,2800,False
175500013,0,0,1024,2800,False
175500061,0,0,1024,2800,False
175600032,0,0,1024,2800,False
175900028,0,0,1024,2800,False
175900071,0,0,1024,2800,False
176000025,0,0,1024,2800,False
176000065,0,0,1024,2800,False
99100015,0,0,1024,2800,False
99100052,0,0,1024,2800,False
99300008,0,0,1024,2800,False
99300067,0,0,1024,2800,False
99900017,0,0,1024,2800,False
99900081,36868,0,1024,2800,True
100000017,0,0,1024,2800,False
100000056,0,42239,1024,2800,True
100100010,0,0,1024,2800,False
100100050,0,0,1024,2800,False
100200009,0,0,1024,2800,False
100400032,0,0,1024,2800,False
100400073,0,0,1024,2800,False
100500030,0,0,1024,2800,False
100700002,0,0,1024,2800,False
100700040,0,0,1024,2800,False
101100001,0,26582,1024,2800,True
101100040,0,0,1024,2800,False
101100079,0,0,1024,2800,False
101500026,20322,0,1024,2753,True
101500075,0,0,1024,2800,False
101600022,0,0,1024,2800,False
101600080,0,0,1024,2800,False
101700042,0,0,1024,2800,False
101800004,35898,39751,1024,2800,True
101900048,0,0,1024,2800,False
102100006,0,0,1024,2800,False
103000006,0,39091,1024,2800,True
103000048,0,0,1024,2800,False
103200029,0,0,1024,2800,False
103200067,0,0,1024,2800,False
103300031,0,0,1024,2800,False
103400054,0,0,1024,2800,False
103500042,0,0,1024,2800,False
103700002,0,0,1024,2800,False
103900000,9743,0,1024,2800,True
103900045,0,23787,1024,2800,True
104600002,40139,0,1024,2800,True
104600050,0,0,1024,2800,False
104700027,0,0,1024,2800,False
104700075,0,70394,1024,2800,True
104800022,0,0,1024,2800,False
104900032,0,36837,1024,2800,True
104900071,0,0,1024,2800,False
105100034,0,0,1024,2800,False
105100075,0,0,1024,2800,False
105200045,0,0,1024,2800,False
105300011,0,0,1024,2800,False
105300067,0,0,1024,2800,False
105400078,1257,0,1024,2800,True
105600031,0,0,1024,2800,False
105600070,0,0,1024,2800,False
105900018,0,0,1024,2800,False
105900056,0,0,1024,2800,False
106000046,0,0,1024,2800,False
106100031,30871,0,1024,2800,True
106100074,0,0,1024,2800,False
106200040,0,0,1024,2800,False
106300004,0,0,1024,2800,False
106300041,0,0,1024,2800,False
106500026,0,0,1024,2800,False
106500082,0,0,1024,2800,False
106600036,0,0,1024,2800,False
106600074,0,0,1024,2800,False
106900001,0,0,1024,2800,False
106900039,0,0,1024,2800,False
106900076,0,71768,1024,2800,True
107900032,0,0,1024,2800,False
107900073,0,28512,1024,2800,True
108400059,0,0,1024,2800,False
108600040,0,0,1024,2800,False
108900016,0,0,1024,2800,False
108900053,0,0,1024,2800,False
109200003,0,0,1024,2800,False
109200052,0,0,1024,2800,False
109300022,0,0,1024,2800,False
109600005,0,0,1024,2800,False
109600048,0,0,1024,2800,False
109700023,0,0,1024,2800,False
109700068,0,0,1024,2800,False
109800015,0,0,1024,2800,False
109800054,0,0,1024,2800,False
110100019,31847,0,1024,2800,True
110100056,0,0,1024,2800,False
110200014,0,0,1024,2800,False
110400045,0,0,1024,2800,False
110500069,0,0,1024,2800,False
110700017,0,0,1024,2800,False
110700057,0,0,1024,2800,False
110900033,0,0,1024,2800,False
110900072,36148,28772,1024,2800,True
111000045,0,48024,1024,2800,True
111200043,0,0,1024,2800,False
111200084,0,0,1024,2800,False
111400037,6390,0,1024,2800,True
111500003,0,0,1024,2800,False
111500062,0,0,1024,2800,False
111700076,0,0,1024,2800,False
111900018,9926,0,1024,2800,True
111900058,0,0,1024,2800,False
112000023,0,0,1024,2800,False
112500006,0,19331,1024,2800,True
112500053,0,0,1024,2800,False
112600012,0,0,1024,2800,False
112600065,0,0,1024,2800,False
112800014,0,0,1024,2800,False
112800052,0,29822,1024,2800,True
113100014,0,0,1024,2800,False
113300006,0,0,1024,2800,False
113300044,0,0,1024,2800,False
113400016,0,0,1024,2800,False
113400064,0,0,1024,2800,False
113500025,0,0,1024,2800,False
113700025,0,0,1024,2800,False
113700063,0,0,1024,2800,False
114500010,27122,0,1024,2800,True
114600022,0,0,1024,2800,False
114600060,0,0,1024,2800,False
114700049,0,20418,1024,2800,True
114900027,0,0,1024,2800,False
115100030,0,0,1024,2800,False
115100081,0,0,1024,2800,False
115300065,0,0,1024,2800,False
115500054,0,0,1024,2800,False
115600031,0,51488,1024,2800,True
115600071,0,40991,1024,2800,True
116100012,0,0,1024,2800,False
116100049,0,0,1024,2800,False
116400010,0,0,1024,2800,False
116400082,0,0,1024,2800,False
116900021,0,0,1024,2800,False
116900059,0,0,1024,2800,False
117700039,0,0,1024,2800,False
117700083,0,0,1024,2800,False
117900037,0,0,1024,2800,False
117900083,0,0,1024,2800,False
118300037,0,22177,1024,2800,True
118300076,0,0,1024,2800,False
118500023,11878,104539,1024,2800,True
118600029,0,0,1024,2800,False
118800000,0,0,1024,2800,False
118800043,0,0,1024,2800,False
118900000,12341,0,1024,2800,True
118900058,0,27553,1024,2800,True
119100036,0,31275,1024,2800,True
119100075,0,0,1024,2800,False
119400005,0,0,1024,2800,False
119400042,0,0,1024,2800,False
119400080,0,0,1024,2800,False
119700051,0,0,1024,2800,False
120000033,0,0,1024,2800,False
120000070,0,0,1024,2800,False
120200032,0,0,1024,2800,False
120200075,0,0,1024,2800,False
120300059,0,0,1024,2800,False
121200011,0,97245,1024,2800,True
121200063,0,0,1024,2800,False
121400024,0,0,1024,2800,False
121400084,0,0,1024,2800,False
121500039,8211,0,1024,2800,True
121600045,0,0,1024,2800,False
121800002,0,0,1024,2800,False
121800040,0,65847,1024,2800,True
121800077,0,0,1024,2800,False
121900067,0,126770,1024,2800,True
122300039,0,0,1024,2800,False
122400001,0,0,1024,2800,False
122400050,0,0,1024,2800,False
122500015,0,0,1024,2800,False
122500055,0,0,1024,2800,False
122600049,0,0,1024,2800,False
122700001,0,0,1024,2800,False
122700055,0,0,1024,2800,False
122900021,0,0,1024,2800,False
122900074,0,0,1024,2800,False
123300015,0,75028,1024,2800,True
123300058,0,0,1024,2800,False
123600032,14177,0,1024,2800,True
123700009,0,0,1024,2800,False
123700047,0,92714,1024,2800,True
123800001,22944,47662,1024,2800,True
123800039,0,0,1024,2800,False
123800077,0,0,1024,2800,False
124000029,0,0,1024,2800,False
124200007,0,0,1024,2800,False
124200060,0,0,1024,2800,False
124400013,0,0,1024,2800,False
124400063,0,0,1024,2800,False
124500038,0,0,1024,2800,False
124600010,0,0,1024,2800,False
124600060,0,0,1024,2800,False
124700038,0,21159,1024,2800,True
124700076,0,0,1024,2800,False
124800029,0,75034,1024,2800,True
124800068,0,0,1024,2800,False
125100028,0,58580,1024,2800,True
125100070,0,0,1024,2800,False
125200042,0,0,1024,2800,False
125400012,0,0,1024,2800,False
125400053,0,0,1024,2800,False
125600006,0,0,1024,2800,False
125600043,0,0,1024,2800,False
125700005,13501,0,1024,2800,True
125700047,0,0,1024,2800,False
125800001,0,0,1024,2800,False
125800055,0,0,1024,2800,False
126500004,0,0,1024,2800,False
126600045,0,0,1024,2800,False
126800008,0,0,1024,2800,False
126800046,0,0,1024,2800,False
126800083,0,0,1024,2800,False
127000047,0,0,1024,2800,False
127200011,0,0,1024,2800,False
127200083,0,0,1024,2800,False
127300039,0,0,1024,2800,False
127300084,0,0,1024,2800,False
127600023,0,0,1024,2800,False
127600064,0,0,1024,2800,False
127900079,30873,0,1024,2800,True
128200037,0,0,1024,2800,False
128200075,0,0,1024,2800,False
128300023,11667,0,1024,2800,True
128300069,0,0,1024,2800,False
128500031,0,0,1024,2800,False
128700044,0,0,1024,2800,False
128800001,0,0,1024,2800,False
129100022,0,0,1024,2800,False
129100066,0,0,1024,2800,False
129300013,14102,0,1024,2800,True
129300058,0,0,1024,2800,False
129400021,0,92939,1024,2800,True
129400065,0,5831,1024,2800,True
129500012,0,0,1024,2800,False
129500052,0,0,1024,2800,False
129700043,0,0,1024,2800,False
129700082,0,59334,1024,2800,True
129800038,12961,0,1024,2800,True
129800082,0,0,1024,2800,False
129900046,0,0,1024,2800,False
130300002,0,0,1024,2800,False
130300055,6364,0,1024,2800,True
130400054,0,0,1024,2800,False
130500031,0,0,1024,2800,False
130500070,0,0,1024,2800,False
130800010,0,0,1024,2800,False
130800048,0,50872,1024,2800,True
131000020,0,0,1024,2800,False
131000062,0,0,1024,2800,False
131100083,0,0,1024,2800,False
131600039,0,0,1024,2800,False
131600084,0,0,1024,2800,False
131900044,0,0,1024,2800,False
132200081,0,0,1024,2800,False
132300029,0,0,1024,2800,False
132500042,0,47559,1024,2800,True
133200002,0,0,1024,2800,False
133200039,0,0,1024,2800,False
133200077,0,0,1024,2800,False
133500048,0,0,1024,2800,False
133600056,0,0,1024,2800,False
133700014,0,43095,1024,2800,True
133700055,35501,0,1024,2800,True
134000021,0,0,1024,2800,False
134000081,0,0,1024,2800,False
134200030,0,0,1024,2800,False
134200074,0,0,1024,2800,False
134600015,0,0,1024,2800,False
134600061,4,0,1024,2800,True
134700023,0,0,1024,2800,False
134700067,0,60630,1024,2800,True
134900072,32476,0,1024,2800,True
135400061,0,0,1024,2800,False
135500013,0,53039,1024,2800,True
135500050,0,0,1024,2800,False
135700002,0,0,1024,2800,False
135700046,0,0,1024,2800,False
135700084,38446,0,1024,2800,True
135800072,32174,0,1024,2800,True
135900079,0,0,1024,2800,False
136200035,0,0,1024,2800,False
136200079,0,0,1024,2800,False
136500043,0,52091,1024,2800,True
136700054,0,118104,1024,2800,True
136900009,0,0,1024,2800,False
137000077,0,0,1024,2800,False
137100024,0,0,1024,2800,False
137100070,0,115329,1024,2800,True
137400028,0,107953,1024,2800,True
137400081,0,0,1024,2800,False
137600051,0,0,1024,2800,False
137900018,0,0,1024,2800,False
137900070,20545,0,1024,2800,True
138000017,0,0,1024,2800,False
138000058,0,0,1024,2800,False
138200021,0,0,1024,2800,False
138200071,7223,0,1024,2800,True
138400014,0,44402,1024,2745,True
138400061,0,0,1024,2800,False
138500008,0,0,1024,2800,False
138500057,0,0,1024,2800,False
138700023,0,0,1024,2800,False
138700061,0,0,1024,2800,False
138900011,0,0,1024,2800,False
138900050,0,0,1024,2800,False
139100009,0,0,1024,2800,False
139100061,19645,0,1024,2800,True
139200013,0,0,1024,2800,False
139200069,0,0,1024,2800,False
140200011,0,0,1024,2800,False
140200049,36708,0,1024,2800,True
140300040,0,0,1024,2800,False
140500005,0,21123,1024,2800,True
140500047,0,0,1024,2800,False
140700034,40901,0,1024,2800,True
140700082,0,0,1024,2800,False
140800045,0,0,1024,2800,False
140900010,0,0,1024,2800,False
140900059,0,0,1024,2800,False
141000049,0,0,1024,2800,False
141100028,0,0,1024,2800,False
141100069,0,0,1024,2800,False
141200036,0,0,1024,2800,False
141400008,0,0,1024,2800,False
141400061,13660,0,1024,2800,True
141500011,0,0,1024,2800,False
142100041,21777,0,1024,2800,True
142200011,0,0,1024,2800,False
142200053,0,0,1024,2800,False
142500018,0,0,1024,2800,False
142800004,29585,0,1024,2800,True
142800047,10391,0,1024,2800,True
142900005,0,0,1024,2800,False
143400036,0,0,1024,2800,False
143400076,0,0,1024,2800,False
143600024,0,0,1024,2800,False
143600060,27888,0,1024,2740,True
143900013,0,0,1024,2800,False
143900052,0,0,1024,2800,False
144000043,0,0,1024,2800,False
144000083,0,0,1024,2800,False
144100042,0,0,1024,2800,False
144100084,0,0,1024,2800,False
144200052,0,0,1024,2800,False
144500008,0,0,1024,2800,False
144500048,0,0,1024,2800,False
144800058,0,57947,1024,2800,True
144900010,0,0,1024,2800,False
144900048,0,0,1024,2800,False
145000033,0,0,1024,2800,False
145000072,0,0,1024,2800,False
145100023,0,0,1024,2800,False
145100063,0,0,1024,2800,False
145200028,0,0,1024,2800,False
145200066,0,0,1024,2800,False
145300034,0,0,1024,2800,False
146300044,0,25702,1024,2800,True
147200008,13102,0,1024,2800,True
147200053,0,0,1024,2800,False
147300003,0,0,1024,2800,False
147900008,0,0,1024,2800,False
147900077,0,0,1024,2800,False
148000078,0,0,1024,2800,False
148300011,15619,0,1024,2800,True
148300064,0,0,1024,2800,False
148400024,34911,0,1024,2800,True
148400082,0,0,1024,2800,False
148500036,0,0,1024,2800,False
148600029,0,0,1024,2800,False
148800002,0,0,1024,2800,False
148800039,0,0,1024,2800,False
148800077,0,0,1024,2800,False
148900039,0,0,1024,2800,False
149000011,0,73411,1024,2800,True
149000050,22388,0,1024,2800,True
149200019,0,0,1024,2800,False
149200057,0,50522,1024,2800,True
149400004,0,0,1024,2800,False
149400047,0,0,1024,2800,False
149500000,0,0,1024,2800,False
149500043,0,0,1024,2800,False
149600001,2621,0,1024,2800,True
149600042,0,0,1024,2800,False
149600080,0,0,1024,2800,False
149700032,0,0,1024,2800,False
149800046,17173,0,1024,2800,True
149900040,0,0,1024,2800,False
150000018,0,0,1024,2800,False
150000056,0,0,1024,2800,False
150100010,0,0,1024,2800,False
150100049,0,0,1024,2800,False
150200071,0,0,1024,2800,False
150400019,0,0,1024,2800,False
150400057,0,57652,1024,2800,True
150600017,0,0,1024,2800,False
150600068,0,0,1024,2800,False
150700029,26546,0,1024,2800,True
150700075,0,0,1024,2800,False
150800032,0,0,1024,2800,False
150800074,12497,0,1024,2800,True
150900029,0,0,1024,2800,False
150900073,0,0,1024,2800,False
151000023,0,0,1024,2800,False
151000066,0,0,1024,2800,False
151100023,24792,0,1024,2800,True
151800026,0,0,1024,2800,False
151800067,7758,114280,1024,2800,True
151900014,0,0,1024,2800,False
151900056,0,88273,1024,2800,True
152000022,0,0,1024,2800,False
152000073,0,0,1024,2800,False
152100046,0,0,1024,2800,False
152300010,0,0,1024,2800,False
152300053,0,0,1024,2800,False
152400014,0,0,1024,2800,False
152400076,0,0,1024,2800,False
152600054,0,0,1024,2800,False
152700019,0,0,1024,2800,False
152700063,0,0,1024,2800,False
152800010,0,0,1024,2800,False
152800062,0,0,1024,2800,False
152900028,0,0,1024,2800,False
152900077,0,0,1024,2800,False
153000033,0,0,1024,2800,False
153000079,0,0,1024,2800,False
153100040,0,0,1024,2800,False
153200007,5654,0,1024,2800,True
153200053,0,0,1024,2800,False
153300003,0,69627,1024,2800,True
153300050,0,0,1024,2800,False
153500006,0,0,1024,2800,False
153500046,0,0,1024,2800,False
153600011,0,0,1024,2800,False
153600055,0,0,1024,2800,False
153700019,0,0,1024,2800,False
153700072,0,0,1024,2800,False
153800019,0,113185,1024,2800,True
153800056,0,10074,1024,2800,True
154000021,0,0,1024,2800,False
154000065,0,0,1024,2800,False
154500069,0,0,1024,2800,False
154700035,0,0,1024,2800,False
155000012,0,0,1024,2800,False
155000053,0,0,1024,2800,False
155100009,10382,0,1024,2800,True
155100048,0,0,1024,2800,False
155200003,0,0,1024,2800,False
155200065,0,0,1024,2800,False
155400030,0,0,1024,2800,False
156300014,0,0,1024,2800,False
156300052,0,0,1024,2800,False
156400050,0,0,1024,2800,False
156500006,0,28772,1024,2800,True
156600013,0,0,1024,2800,False
156600076,0,0,1024,2800,False
156700044,0,0,1024,2800,False
157200020,0,0,1024,2800,False
157200066,0,0,1024,2800,False
157400013,0,0,1024,2800,False
157500033,0,44121,1024,2800,True
157500072,0,0,1024,2800,False
157600034,0,0,1024,2800,False
157600080,0,0,1024,2800,False
158000004,0,0,1024,2800,False
158000047,0,0,1024,2800,False
158100000,0,0,1024,2800,False
158100052,0,0,1024,2800,False
158300008,0,39776,1024,2800,True
158300046,0,0,1024,2800,False
158300084,0,0,1024,2800,False
158500059,0,0,1024,2800,False
158600006,0,0,1024,2800,False
158600044,0,0,1024,2800,False
158700047,0,0,1024,2800,False
158800054,0,32880,1024,2800,True
158900002,0,0,1024,2800,False
158900047,0,50546,1024,2800,True
159000039,0,0,1024,2800,False
159300061,0,19664,1024,2800,True
160000016,0,0,1024,2800,False
160000078,0,0,1024,2800,False
160200038,0,0,1024,2800,False
160200079,0,0,1024,2800,False
160300039,0,0,1024,2800,False
160300077,0,0,1024,2800,False
160400039,0,19801,1024,2800,True
160600054,0,0,1024,2800,False
160800019,0,0,1024,2800,False
160800059,0,0,1024,2800,False
160900045,0,0,1024,2800,False
161200010,0,0,1024,2800,False
161200047,0,0,1024,2800,False
161300001,0,0,1024,2800,False
161300038,0,0,1024,2800,False
161300077,0,0,1024,2800,False
161500024,0,0,1024,2800,False
161500063,0,0,1024,2800,False
161600021,0,0,1024,2800,False
161600076,0,0,1024,2800,False
161700028,0,0,1024,2800,False
161700069,0,0,1024,2800,False
161800025,0,0,1024,2800,False
161800065,0,0,1024,2800,False
161900012,0,31646,1024,2800,True
161900060,0,0,1024,2800,False
162100017,0,0,1024,2800,False
162100058,0,0,1024,2800,False
162300083,0,0,1024,2800,False
162500015,0,0,1024,2800,False
162500060,0,0,1024,2800,False
162600039,12296,0,1024,2800,True
162700000,0,17821,1024,2800,True
162700046,0,0,1024,2800,False
162800009,0,0,1024,2800,False
162800049,0,0,1024,2800,False
162900004,0,0,1024,2800,False
162900046,0,0,1024,2800,False
162900084,0,0,1024,2800,False
163100003,0,0,1024,2800,False
163200018,0,0,1024,2800,False
163300001,0,0,1024,2800,False
163300047,0,39184,1024,2800,True
163700034,0,0,1024,2800,False
163700075,0,0,1024,2800,False
163800037,0,0,1024,2800,False
163800079,0,0,1024,2800,False
163900070,0,0,1024,2800,False
164000038,0,0,1024,2800,False
164000077,0,0,1024,2800,False
164300024,0,0,1024,2800,False
164500022,0,0,1024,2800,False
164500073,0,0,1024,2800,False
164600027,0,0,1024,2800,False
164600071,0,0,1024,2800,False
165200037,0,0,1024,2800,False
165200081,9135,0,1024,2800,True
165300038,0,0,1024,2800,False
165400000,0,0,1024,2800,False
165400041,0,0,1024,2800,False
165400081,0,0,1024,2800,False
165500044,0,0,1024,2800,False
165600002,0,0,1024,2800,False
165600048,0,0,1024,2800,False
165700000,0,0,1024,2800,False
165700045,0,0,1024,2800,False
165800008,0,0,1024,2800,False
165800069,0,0,1024,2800,False
165900033,0,64870,1024,2800,True
165900075,0,0,1024,2800,False
166100043,0,0,1024,2800,False
166300002,0,0,1024,2800,False
166300045,0,64453,1024,2800,True
166400009,0,33039,1024,2800,True
166400053,0,0,1024,2800,False
166600002,0,0,1024,2800,False
166600040,0,0,1024,2800,False
166600081,0,0,1024,2800,False
166700047,0,0,1024,2800,False
166800069,0,0,1024,2800,False
166900027,0,0,1024,2800,False
167000044,0,0,1024,2800,False
167000082,0,0,1024,2800,False
167100036,0,0,1024,2800,False
167100079,0,0,1024,2800,False
167200031,0,0,1024,2800,False
167200078,0,0,1024,2800,False
167300027,0,0,1024,2800,False
167300073,0,0,1024,2800,False
167600047,0,0,1024,2800,False
167700016,0,0,1024,2800,False
167700063,0,0,1024,2800,False
167800010,0,0,1024,2800,False
167900047,0,0,1024,2800,False
168000055,0,0,1024,2800,False
168100012,0,0,1024,2800,False
168100053,0,0,1024,2800,False
168200033,0,0,1024,2800,False
168200072,0,0,1024,2800,False
168300030,0,101125,1024,2800,True
168300070,0,0,1024,2800,False
168400026,0,0,1024,2800,False
168400065,0,46306,1024,2800,True
169300019,0,0,1024,2800,False
169300057,0,0,1024,2800,False
169400082,0,0,1024,2800,False
169600052,0,0,1024,2800,False
169700007,0,63761,1024,2800,True
169800038,0,0,1024,2800,False
169800079,0,0,1024,2800,False
170400032,2649,0,1024,2800,True
170400069,0,0,1024,2800,False
170700023,0,0,1024,2800,False
170700071,0,0,1024,2800,False
170800018,0,0,1024,2800,False
170800066,6454,0,1024,2800,True
170900013,0,0,1024,2800,False
170900053,0,186763,1024,2800,True
171000014,0,0,1024,2800,False
171000067,0,0,1024,2800,False
171100020,0,0,1024,2800,False
171100058,0,0,1024,2800,False
171200005,0,0,1024,2800,False
171200050,0,0,1024,2800,False
171300014,0,0,1024,2800,False
171300065,0,0,1024,2800,False
171400028,0,0,1024,2800,False
171500013,0,30003,1024,2800,True
171500053,0,0,1024,2800,False
171600010,9558,152549,1024,2800,True
171600055,0,0,1024,2800,False
171700021,0,0,1024,2800,False
171700083,0,0,1024,2800,False
171800076,0,52402,1024,2800,True
171900038,0,0,1024,2800,False
172100008,0,0,1024,2800,False
172100051,0,0,1024,2800,False
172200022,0,0,1024,2800,False
172200063,0,0,1024,2800,False
172300020,0,0,1024,2800,False
172300057,0,0,1024,2800,False
172400017,0,0,1024,2800,False
172400058,0,0,1024,2800,False
175200013,0,0,1024,2800,False
175200052,0,0,1024,2800,False
175300006,0,0,1024,2800,False
175300050,0,0,1024,2800,False
175400003,0,0,1024,2800,False
175400055,0,0,1024,2800,False
175500014,0,0,1024,2800,False
175500062,0,0,1024,2800,False
175600033,0,0,1024,2800,False
175900029,0,0,1024,2800,False
175900072,0,0,1024,2800,False
176000026,0,0,1024,2800,False
176000066,0,0,1024,2800,False
99100016,0,54609,1024,2800,True
99100053,0,0,1024,2800,False
99300009,0,0,1024,2800,False
99300068,0,0,1024,2800,False
99900018,0,0,1024,2800,False
99900082,33551,0,1024,2800,True
100000018,0,0,1024,2800,False
100000057,0,0,1024,2800,False
100100011,0,0,1024,2800,False
100100051,0,0,1024,2800,False
100200010,0,0,1024,2800,False
100400033,0,0,1024,2800,False
100400074,0,0,1024,2800,False
100500031,0,0,1024,2800,False
100700003,0,0,1024,2800,False
100700041,0,0,1024,2800,False
101100002,0,0,1024,2800,False
101100041,0,0,1024,2800,False
101100080,0,0,1024,2800,False
101500036,0,0,1024,2800,False
101500076,0,0,1024,2800,False
101600023,0,0,1024,2800,False
101600081,0,0,1024,2800,False
101700043,0,0,1024,2800,False
101800005,23485,0,1024,2800,True
101900049,0,0,1024,2800,False
102100007,0,0,1024,2800,False
103000007,0,0,1024,2800,False
103000049,0,0,1024,2800,False
103200030,0,0,1024,2800,False
103200068,0,0,1024,2800,False
103300032,0,0,1024,2800,False
103400055,0,0,1024,2800,False
103500043,0,0,1024,2800,False
103700003,0,15613,1024,2800,True
103900001,0,0,1024,2800,False
103900046,0,0,1024,2800,False
104600003,17846,0,1024,2800,True
104600053,21641,0,1024,2800,True
104700028,0,0,1024,2800,False
104700076,0,0,1024,2800,False
104800023,0,0,1024,2800,False
104900033,0,0,1024,2800,False
104900072,0,22,1024,2800,True
105100035,0,0,1024,2800,False
105100076,0,0,1024,2800,False
105200046,0,0,1024,2800,False
105300012,0,0,1024,2800,False
105300068,0,0,1024,2800,False
105400079,0,0,1024,2800,False
105600032,0,0,1024,2800,False
105600071,0,0,1024,2800,False
105900019,0,0,1024,2800,False
105900057,0,0,1024,2800,False
106000047,0,0,1024,2800,False
106100032,15515,0,1024,2800,True
106100075,0,0,1024,2800,False
106200041,0,0,1024,2800,False
106300005,0,0,1024,2800,False
106300042,0,0,1024,2800,False
106500027,0,0,1024,2800,False
106500083,0,0,1024,2800,False
106600037,0,0,1024,2800,False
106600075,0,0,1024,2800,False
106900002,0,83250,1024,2800,True
106900040,0,28532,1024,2800,True
106900077,0,0,1024,2800,False
107900033,0,0,1024,2800,False
107900074,0,68,1024,2800,True
108400060,0,0,1024,2800,False
108600041,0,0,1024,2800,False
108900017,0,0,1024,2800,False
108900054,0,161173,1024,2800,True
109200004,0,0,1024,2800,False
109200053,0,0,1024,2800,False
109300023,0,0,1024,2800,False
109600006,0,0,1024,2800,False
109600049,0,0,1024,2800,False
109700024,0,0,1024,2800,False
109700069,0,0,1024,2800,False
109800016,0,0,1024,2800,False
109800055,0,0,1024,2800,False
110100020,30833,0,1024,2800,True
110100057,0,0,1024,2800,False
110200015,0,0,1024,2800,False
110400046,0,0,1024,2800,False
110500070,0,21667,1024,2800,True
110700018,0,0,1024,2800,False
110700058,0,0,1024,2800,False
110900034,0,0,1024,2800,False
110900073,0,0,1024,2800,False
111000046,0,0,1024,2800,False
111200044,0,0,1024,2800,False
111400006,0,0,1024,2800,False
111400057,0,0,1024,2800,False
111500004,0,0,1024,2800,False
111500063,0,0,1024,2800,False
111700077,0,0,1024,2800,False
111900019,34614,0,1024,2800,True
111900059,0,0,1024,2800,False
112000024,0,0,1024,2800,False
112500007,0,0,1024,2800,False
112500054,0,0,1024,2800,False
112600013,0,0,1024,2800,False
112600067,0,0,1024,2800,False
112800015,0,0,1024,2800,False
112800053,0,0,1024,2800,False
113100015,0,0,1024,2800,False
113300007,0,0,1024,2800,False
113300045,0,0,1024,2800,False
113400017,0,0,1024,2800,False
113400065,0,77396,1024,2800,True
113500026,0,0,1024,2800,False
113700026,0,0,1024,2800,False
113700064,0,0,1024,2800,False
114500011,36177,0,1024,2800,True
114600023,0,0,1024,2800,False
114600067,0,0,1024,2800,False
114700050,0,0,1024,2800,False
114900028,0,0,1024,2800,False
115100031,0,0,1024,2800,False
115100082,0,0,1024,2800,False
115300066,0,42912,1024,2800,True
115500055,0,0,1024,2800,False
115600032,0,0,1024,2800,False
115600072,0,0,1024,2800,False
116100013,0,0,1024,2800,False
116100050,0,22573,1024,2800,True
116400011,0,0,1024,2800,False
116400083,0,0,1024,2800,False
116900022,0,114434,1024,2800,True
116900060,0,0,1024,2800,False
117700040,0,43204,1024,2800,True
117700084,0,19355,1024,2800,True
117900038,40824,0,1024,2800,True
118300000,0,0,1024,2800,False
118300038,0,75742,1024,2800,True
118300077,0,0,1024,2800,False
118500024,0,0,1024,2800,False
118600030,0,0,1024,2800,False
118800001,0,0,1024,2800,False
118800044,4368,0,1024,2800,True
118900001,16400,0,1024,2800,True
118900059,0,0,1024,2800,False
119100037,0,0,1024,2800,False
119100076,0,0,1024,2800,False
119400006,0,0,1024,2800,False
119400043,0,0,1024,2800,False
119400081,0,61724,1024,2800,True
119700052,0,0,1024,2800,False
120000034,0,0,1024,2800,False
120000071,0,0,1024,2800,False
120200034,8138,82444,1024,2800,True
120200076,16488,0,1024,2800,True
120300060,0,42139,1024,2800,True
121200012,0,0,1024,2800,False
121200064,0,9517,1024,2800,True
121400025,0,0,1024,2800,False
121500008,0,0,1024,2800,False
121500046,0,0,1024,2800,False
121600046,0,0,1024,2800,False
121800003,0,0,1024,2800,False
121800041,0,0,1024,2800,False
121800078,0,0,1024,2800,False
121900068,14588,0,1024,2800,True
122300050,0,0,1024,2800,False
122400002,0,0,1024,2800,False
122400051,0,0,1024,2800,False
122500016,0,0,1024,2800,False
122500056,0,0,1024,2800,False
122600050,0,0,1024,2800,False
122700002,0,0,1024,2800,False
122700056,0,0,1024,2800,False
122900022,0,0,1024,2800,False
122900075,0,0,1024,2800,False
123300016,0,0,1024,2800,False
123300059,0,0,1024,2800,False
123600033,25663,0,1024,2800,True
123700010,0,0,1024,2800,False
123700048,0,0,1024,2800,False
123800002,0,0,1024,2800,False
123800040,0,0,1024,2800,False
123800078,0,0,1024,2800,False
124000030,0,0,1024,2800,False
124200008,0,0,1024,2800,False
124200061,0,0,1024,2800,False
124400014,0,0,1024,2800,False
124400064,0,0,1024,2800,False
124500039,0,0,1024,2800,False
124600011,0,0,1024,2800,False
124600061,0,0,1024,2800,False
124700039,0,0,1024,2800,False
124700077,0,0,1024,2800,False
124800030,0,0,1024,2800,False
124800069,0,0,1024,2800,False
125100029,0,0,1024,2800,False
125100071,46301,0,1024,2800,True
125200043,2364,0,1024,2800,True
125400013,0,26053,1024,2800,True
125400054,0,0,1024,2800,False
125600007,0,0,1024,2800,False
125600044,0,0,1024,2800,False
125700006,14710,0,1024,2800,True
125700048,0,0,1024,2800,False
125800002,0,0,1024,2800,False
125800056,0,0,1024,2800,False
126500005,0,0,1024,2800,False
126600046,0,69936,1024,2800,True
126800009,0,0,1024,2800,False
126800047,0,0,1024,2800,False
126800084,0,0,1024,2800,False
127000048,0,0,1024,2800,False
127200012,0,0,1024,2800,False
127200084,0,0,1024,2800,False
127300040,0,0,1024,2800,False
127400000,0,0,1024,2800,False
127600024,0,39199,1024,2800,True
127600065,30439,0,1024,2800,True
127900080,0,0,1024,2800,False
128200038,0,0,1024,2800,False
128200076,0,0,1024,2800,False
128300024,0,0,1024,2800,False
128300070,0,0,1024,2800,False
128500032,0,0,1024,2800,False
128700045,0,0,1024,2800,False
128800002,0,0,1024,2800,False
129100023,0,98083,1024,2800,True
129100067,0,0,1024,2800,False
129300014,36098,0,1024,2800,True
129300059,0,0,1024,2800,False
129400022,0,0,1024,2800,False
129400066,0,33096,1024,2800,True
129500013,0,0,1024,2800,False
129500053,0,0,1024,2800,False
129700045,0,0,1024,2800,False
129700083,0,0,1024,2800,False
129800039,27439,0,1024,2800,True
129800083,0,77941,1024,2800,True
129900047,0,52293,1024,2800,True
130300017,0,0,1024,2800,False
130300056,0,0,1024,2800,False
130400055,0,0,1024,2800,False
130500032,0,0,1024,2800,False
130500071,0,0,1024,2800,False
130800011,0,51424,1024,2800,True
130800049,0,0,1024,2800,False
131000021,0,0,1024,2800,False
131000063,0,0,1024,2800,False
131100084,26781,0,1024,2800,True
131600040,0,0,1024,2800,False
131900000,0,0,1024,2800,False
131900045,0,0,1024,2800,False
132200082,0,0,1024,2800,False
132300030,0,0,1024,2800,False
132500043,0,0,1024,2800,False
133200003,0,0,1024,2800,False
133200040,0,0,1024,2800,False
133200078,0,0,1024,2800,False
133500049,0,33004,1024,2800,True
133600057,0,0,1024,2800,False
133700015,0,0,1024,2800,False
133700056,0,0,1024,2800,False
134000022,0,69668,1024,2800,True
134000082,0,0,1024,2800,False
134200031,0,0,1024,2800,False
134200075,0,0,1024,2800,False
134600016,0,0,1024,2800,False
134600062,0,55451,1024,2800,True
134700024,0,40881,1024,2800,True
134700068,0,0,1024,2800,False
134900073,36032,0,1024,2800,True
135400062,0,0,1024,2800,False
135500014,0,0,1024,2800,False
135500051,0,0,1024,2800,False
135700003,0,0,1024,2800,False
135700047,0,0,1024,2799,False
135800041,0,0,1024,2800,False
135800082,0,0,1024,2800,False
135900080,0,0,1024,2800,False
136200036,0,0,1024,2800,False
136200080,0,0,1024,2800,False
136500044,0,0,1024,2800,False
136700055,0,0,1024,2800,False
136900010,0,0,1024,2800,False
137000078,0,0,1024,2800,False
137100025,0,0,1024,2800,False
137100071,0,0,1024,2800,False
137400029,0,0,1024,2800,False
137400082,0,0,1024,2800,False
137600052,0,0,1024,2800,False
137900019,0,63212,1024,2800,True
137900071,27734,0,1024,2800,True
138000018,0,0,1024,2800,False
138000059,0,0,1024,2800,False
138200022,0,0,1024,2800,False
138200072,12178,0,1024,2800,True
138400015,19297,0,1024,2717,True
138400062,0,0,1024,2800,False
138500009,0,69558,1024,2800,True
138500058,0,0,1024,2800,False
138700024,0,0,1024,2800,False
138700062,0,0,1024,2800,False
138900012,0,0,1024,2800,False
138900051,0,0,1024,2800,False
139100024,13726,0,1024,2800,True
139100062,0,0,1024,2800,False
139200014,0,0,1024,2800,False
139200070,0,0,1024,2800,False
140200012,0,0,1024,2800,False
140200050,35460,0,1024,2800,True
140300041,0,0,1024,2800,False
140500006,0,0,1024,2800,False
140500048,0,0,1024,2800,False
140700042,3991,0,1024,2800,True
140700083,0,0,1024,2800,False
140800046,0,128055,1024,2800,True
140900011,0,0,1024,2800,False
140900060,0,0,1024,2800,False
141000050,0,0,1024,2800,False
141100029,0,0,1024,2800,False
141100070,0,0,1024,2800,False
141200037,0,0,1024,2800,False
141400009,0,0,1024,2800,False
141400062,35172,0,1024,2800,True
141500012,0,0,1024,2800,False
142100042,38880,0,1024,2800,True
142200012,0,0,1024,2800,False
142200054,0,0,1024,2800,False
142500019,0,0,1024,2800,False
142800005,34855,0,1024,2800,True
142800048,0,0,1024,2800,False
142900006,0,0,1024,2800,False
143400037,0,0,1024,2800,False
143400077,0,0,1024,2800,False
143600025,7127,0,1024,2800,True
143600067,0,0,1024,2800,False
143900014,0,0,1024,2800,False
143900053,0,0,1024,2800,False
144000044,0,0,1024,2800,False
144000084,0,0,1024,2800,False
144100043,0,0,1024,2800,False
144200000,0,0,1024,2800,False
144200053,0,0,1024,2800,False
144500009,0,0,1024,2800,False
144500049,0,0,1024,2800,False
144800059,0,0,1024,2800,False
144900011,0,0,1024,2800,False
144900049,0,0,1024,2800,False
145000034,0,0,1024,2800,False
145000073,0,0,1024,2800,False
145100024,0,0,1024,2800,False
145100064,0,0,1024,2800,False
145200029,0,0,1024,2800,False
145200067,0,0,1024,2800,False
145300035,0,0,1024,2800,False
146300045,0,0,1024,2800,False
147200009,0,0,1024,2800,False
147200054,0,0,1024,2800,False
147300004,0,0,1024,2800,False
147900009,0,0,1024,2800,False
148000030,0,0,1024,2800,False
148000079,0,0,1024,2800,False
148300012,34136,0,1024,2800,True
148300065,0,0,1024,2800,False
148400025,34138,0,1024,2800,True
148400083,0,0,1024,2800,False
148500040,35261,0,1024,2800,True
148600030,0,0,1024,2800,False
148800003,0,0,1024,2800,False
148800040,0,0,1024,2800,False
148800078,0,0,1024,2800,False
148900040,0,0,1024,2800,False
149000012,0,0,1024,2800,False
149000051,0,0,1024,2800,False
149200021,0,0,1024,2800,False
149200058,0,0,1024,2800,False
149400005,0,0,1024,2800,False
149400048,0,0,1024,2800,False
149500001,0,0,1024,2800,False
149500044,11816,88172,1024,2800,True
149600002,28926,0,1024,2800,True
149600043,0,0,1024,2800,False
149600081,0,0,1024,2800,False
149700033,2762,35095,1024,2800,True
149800047,0,0,1024,2800,False
149900041,62651,0,1024,2800,True
150000019,0,0,1024,2800,False
150000057,0,0,1024,2800,False
150100011,0,0,1024,2800,False
150100050,0,0,1024,2800,False
150200072,0,64745,1024,2800,True
150400020,0,120664,1024,2800,True
150400058,0,0,1024,2800,False
150600018,0,0,1024,2800,False
150600069,0,0,1024,2800,False
150700030,16476,0,1024,2800,True
150700076,0,0,1024,2800,False
150800033,0,0,1024,2800,False
150800075,0,0,1024,2800,False
150900030,0,0,1024,2800,False
150900074,0,0,1024,2800,False
151000024,0,0,1024,2800,False
151000067,0,0,1024,2800,False
151100024,0,0,1024,2800,False
151800027,0,0,1024,2800,False
151800068,0,0,1024,2800,False
151900015,0,0,1024,2800,False
151900057,0,0,1024,2800,False
152000023,0,0,1024,2800,False
152000074,0,0,1024,2800,False
152100047,0,0,1024,2800,False
152300011,0,0,1024,2800,False
152300054,0,0,1024,2800,False
152400015,0,0,1024,2800,False
152400077,0,0,1024,2800,False
152600055,0,0,1024,2800,False
152700020,0,0,1024,2800,False
152700064,0,0,1024,2800,False
152800011,0,0,1024,2800,False
152800063,0,0,1024,2800,False
152900029,0,0,1024,2800,False
152900078,0,0,1024,2800,False
153000034,0,0,1024,2800,False
153000080,4370,0,1024,2800,True
153100041,0,0,1024,2800,False
153200014,0,0,1024,2800,False
153200054,0,0,1024,2800,False
153300004,0,0,1024,2800,False
153300051,32830,0,1024,2800,True
153500007,0,53308,1024,2800,True
153500047,0,0,1024,2800,False
153600012,0,0,1024,2800,False
153600056,0,0,1024,2800,False
153700020,0,0,1024,2800,False
153700073,0,0,1024,2800,False
153800020,0,12267,1024,2800,True
153800057,0,0,1024,2800,False
154000022,0,29288,1024,2800,True
154000066,0,0,1024,2800,False
154500070,0,0,1024,2800,False
154700036,0,0,1024,2800,False
155000013,0,0,1024,2800,False
155000054,0,0,1024,2800,False
155100010,8594,0,1024,2800,True
155100049,0,0,1024,2800,False
155200004,0,0,1024,2800,False
155200066,0,0,1024,2800,False
155400031,0,0,1024,2800,False
156300015,0,74023,1024,2800,True
156300053,0,0,1024,2800,False
156400051,0,0,1024,2800,False
156500007,0,0,1024,2800,False
156600014,0,0,1024,2800,False
156600077,0,0,1024,2800,False
156700045,0,0,1024,2800,False
157200021,0,0,1024,2800,False
157200067,0,0,1024,2800,False
157400014,0,0,1024,2800,False
157500034,0,0,1024,2800,False
157500073,0,0,1024,2800,False
157600035,0,0,1024,2800,False
157600081,0,0,1024,2800,False
158000005,0,32101,1024,2800,True
158000048,0,0,1024,2800,False
158100001,0,0,1024,2800,False
158100053,0,0,1024,2800,False
158300009,0,0,1024,2800,False
158300047,0,0,1024,2800,False
158500015,0,0,1024,2800,False
158500060,0,0,1024,2800,False
158600007,0,0,1024,2800,False
158600045,0,61864,1024,2800,True
158700048,0,0,1024,2800,False
158800055,0,0,1024,2800,False
158900003,0,0,1024,2800,False
158900048,0,0,1024,2800,False
159000040,0,0,1024,2800,False
159300062,0,0,1024,2800,False
160000032,0,0,1024,2800,False
160000079,0,0,1024,2800,False
160200039,0,0,1024,2800,False
160200080,0,0,1024,2800,False
160300040,0,0,1024,2800,False
160300078,0,0,1024,2799,False
160400040,0,0,1024,2800,False
160600055,9128,0,1024,2800,True
160800020,0,0,1024,2800,False
160800060,0,0,1024,2800,False
160900046,0,0,1024,2800,False
161200011,0,0,1024,2800,False
161200048,0,102124,1024,2800,True
161300002,0,0,1024,2800,False
161300039,0,0,1024,2800,False
161300078,0,0,1024,2800,False
161500025,0,0,1024,2800,False
161500070,4822,0,1024,2800,True
161600022,0,0,1024,2800,False
161600077,0,0,1024,2800,False
161700029,0,0,1024,2800,False
161700070,0,0,1024,2800,False
161800026,0,0,1024,2800,False
161800066,0,0,1024,2800,False
161900013,0,20185,1024,2800,True
161900061,0,0,1024,2800,False
162100018,0,0,1024,2800,False
162100059,0,0,1024,2800,False
162300084,0,0,1024,2800,False
162500016,0,0,1024,2800,False
162500061,0,0,1024,2800,False
162600053,0,0,1024,2800,False
162700001,0,0,1024,2800,False
162700047,0,0,1024,2800,False
162800010,0,0,1024,2800,False
162800050,0,0,1024,2800,False
162900005,0,116003,1024,2800,True
162900053,4782,0,1024,2800,True
163000057,0,0,1024,2800,False
163100036,0,0,1024,2800,False
163200019,0,0,1024,2800,False
163300003,0,0,1024,2800,False
163300048,0,0,1024,2800,False
163700035,0,0,1024,2800,False
163700076,0,0,1024,2800,False
163800038,0,0,1024,2800,False
163800080,0,0,1024,2800,False
163900071,0,0,1024,2800,False
164000039,0,0,1024,2800,False
164000078,0,0,1024,2800,False
164300025,0,0,1024,2800,False
164500023,0,0,1024,2800,False
164500074,0,0,1024,2800,False
164600028,0,0,1024,2800,False
164600072,0,0,1024,2800,False
165200038,0,0,1024,2800,False
165300007,0,0,1024,2800,False
165300046,0,0,1024,2800,False
165400001,0,0,1024,2800,False
165400050,7715,0,1024,2800,True
165500000,0,0,1024,2800,False
165500045,0,0,1024,2800,False
165600003,0,0,1024,2800,False
165600049,0,0,1024,2800,False
165700001,0,0,1024,2800,False
165700046,0,0,1024,2800,False
165800009,0,0,1024,2800,False
165800070,0,0,1024,2800,False
165900034,0,0,1024,2800,False
165900076,0,0,1024,2800,False
166100044,0,0,1024,2800,False
166300003,0,0,1024,2800,False
166300046,0,0,1024,2800,False
166400010,0,0,1024,2800,False
166400054,0,0,1024,2800,False
166600003,0,0,1024,2800,False
166600041,0,0,1024,2800,False
166600082,0,0,1024,2800,False
166700048,0,0,1024,2800,False
166800070,0,0,1024,2800,False
166900028,0,0,1024,2800,False
167000045,0,0,1024,2800,False
167000083,0,0,1024,2800,False
167100037,0,0,1024,2800,False
167100080,0,0,1024,2800,False
167200032,0,0,1024,2800,False
167200079,0,0,1024,2800,False
167300028,0,0,1024,2800,False
167300074,0,0,1024,2800,False
167600048,0,0,1024,2800,False
167700017,0,0,1024,2800,False
167700064,0,0,1024,2800,False
167800011,0,0,1024,2800,False
167900048,0,0,1024,2800,False
168000056,0,0,1024,2800,False
168100013,0,0,1024,2800,False
168100054,0,0,1024,2800,False
168200034,0,0,1024,2800,False
168200073,0,80760,1024,2800,True
168300031,0,0,1024,2800,False
168300071,0,0,1024,2800,False
168400027,0,0,1024,2800,False
168400066,0,0,1024,2800,False
169300020,0,0,1024,2800,False
169300058,0,0,1024,2800,False
169400083,0,0,1024,2800,False
169600053,0,0,1024,2800,False
169700008,27734,0,1024,2800,True
169800039,0,0,1024,2800,False
169800080,0,0,1024,2800,False
170400033,0,0,1024,2800,False
170400070,0,0,1024,2800,False
170700024,0,0,1024,2800,False
170700072,0,0,1024,2800,False
170800030,0,0,1024,2800,False
170800067,0,0,1024,2800,False
170900014,0,0,1024,2800,False
170900054,0,0,1024,2800,False
171000015,0,0,1024,2800,False
171000068,0,0,1024,2800,False
171100021,0,0,1024,2800,False
171100059,0,0,1024,2800,False
171200006,0,0,1024,2800,False
171200051,0,0,1024,2800,False
171300015,0,0,1024,2800,False
171300066,0,0,1024,2800,False
171400029,0,26386,1024,2800,True
171500014,0,0,1024,2800,False
171500054,0,0,1024,2800,False
171600011,0,0,1024,2800,False
171600056,0,0,1024,2800,False
171700022,0,44855,1024,2800,True
171700084,0,146633,1024,2800,True
171900000,0,0,1024,2800,False
171900039,0,0,1024,2800,False
172100009,0,0,1024,2800,False
172100052,0,0,1024,2800,False
172200023,0,0,1024,2800,False
172200064,0,0,1024,2800,False
172300021,0,41933,1024,2800,True
172300058,0,0,1024,2800,False
172400018,0,0,1024,2800,False
172400059,0,0,1024,2800,False
175200014,0,0,1024,2800,False
175200053,0,0,1024,2800,False
175300007,0,0,1024,2800,False
175300057,0,0,1024,2800,False
175400004,0,0,1024,2800,False
175400056,0,0,1024,2800,False
175500015,0,0,1024,2800,False
175500063,0,0,1024,2800,False
175600034,0,0,1024,2800,False
175900030,0,0,1024,2800,False
175900073,0,0,1024,2800,False
176000027,0,0,1024,2800,False
176000067,0,0,1024,2800,False
99100017,0,0,1024,2800,False
99100054,0,0,1024,2800,False
99300010,0,0,1024,2800,False
99300069,0,0,1024,2800,False
99900035,17992,0,1024,2800,True
99900083,26113,0,1024,2800,True
100000019,0,0,1024,2800,False
100000058,0,0,1024,2800,False
100100012,0,0,1024,2800,False
100100052,0,0,1024,2800,False
100200011,0,0,1024,2800,False
100400034,0,0,1024,2800,False
100400075,76763,0,1024,2800,True
100500032,0,0,1024,2800,False
100700004,0,41718,1024,2800,True
100700042,0,0,1024,2800,False
101100003,0,0,1024,2800,False
101100042,0,0,1024,2800,False
101100081,0,0,1024,2800,False
101500037,0,0,1024,2800,False
101500077,0,0,1024,2800,False
101600024,0,0,1024,2800,False
101600082,0,0,1024,2800,False
101700044,0,0,1024,2800,False
101800006,24480,0,1024,2800,True
101900050,0,0,1024,2800,False
102100008,0,0,1024,2800,False
103000008,0,0,1024,2800,False
103000050,0,0,1024,2800,False
103200031,0,0,1024,2800,False
103200069,0,0,1024,2800,False
103300033,0,0,1024,2800,False
103400056,0,0,1024,2800,False
103500044,0,0,1024,2800,False
103700004,7044,0,1024,2800,True
103900002,0,0,1024,2800,False
103900047,0,0,1024,2800,False
104600004,14159,69945,1024,2800,True
104600054,37379,0,1024,2800,True
104700029,0,0,1024,2800,False
104700077,0,0,1024,2800,False
104800024,0,0,1024,2800,False
104900034,0,0,1024,2800,False
104900073,0,0,1024,2800,False
105100036,0,0,1024,2800,False
105100077,0,83930,1024,2800,True
105200047,0,0,1024,2800,False
105300028,0,0,1024,2800,False
105300069,0,40,1024,2800,True
105400080,0,0,1024,2800,False
105600033,32499,0,1024,2800,True
105600072,0,0,1024,2800,False
105900020,0,0,1024,2800,False
105900058,0,100011,1024,2800,True
106000048,0,0,1024,2800,False
106100033,13602,0,1024,2800,True
106100076,0,0,1024,2800,False
106200042,0,0,1024,2800,False
106300006,0,0,1024,2800,False
106300043,0,0,1024,2800,False
106500028,0,0,1024,2800,False
106500084,0,0,1024,2800,False
106600038,0,35,1024,2800,True
106600076,0,32710,1024,2800,True
106900003,0,0,1024,2800,False
106900041,0,0,1024,2800,False
106900078,0,0,1024,2800,False
107900034,0,0,1024,2800,False
107900075,0,0,1024,2800,False
108400061,0,0,1024,2800,False
108600042,0,0,1024,2800,False
108900018,0,0,1024,2800,False
108900055,0,0,1024,2800,False
109200005,0,0,1024,2800,False
109200054,0,0,1024,2800,False
109300024,0,67999,1024,2800,True
109600007,0,0,1024,2800,False
109600050,0,0,1024,2800,False
109700025,0,67323,1024,2800,True
109700070,0,0,1024,2800,False
109800017,0,0,1024,2800,False
109800056,0,63847,1024,2800,True
110100021,46545,0,1024,2800,True
110100058,0,0,1024,2800,False
110200016,0,0,1024,2800,False
110400047,0,0,1024,2800,False
110500071,0,0,1024,2800,False
110700019,0,18680,1024,2800,True
110700059,0,0,1024,2800,False
110900035,0,0,1024,2800,False
110900074,24501,0,1024,2800,True
111000047,5831,64207,1024,2800,True
111200045,0,0,1024,2800,False
111400007,0,0,1024,2800,False
111400058,0,0,1024,2800,False
111500005,8614,0,1024,2800,True
111500064,0,0,1024,2800,False
111700078,0,55949,1024,2800,True
111900020,23663,0,1024,2800,True
111900060,0,0,1024,2800,False
112000025,18173,0,1024,2800,True
112500008,0,0,1024,2800,False
112500055,0,0,1024,2800,False
112600014,0,0,1024,2800,False
112600068,0,0,1024,2800,False
112800016,0,0,1024,2800,False
112800059,0,0,1024,2800,False
113100016,0,0,1024,2800,False
113300008,0,0,1024,2800,False
113300046,0,0,1024,2800,False
113400018,0,0,1024,2800,False
113400066,0,0,1024,2800,False
113500027,0,0,1024,2800,False
113700027,0,0,1024,2800,False
113700065,0,0,1024,2800,False
114500012,6135,0,1024,2800,True
114600030,0,0,1024,2800,False
114600068,0,0,1024,2800,False
114700051,0,0,1024,2800,False
114900029,0,0,1024,2800,False
115100032,0,0,1024,2800,False
115100083,0,0,1024,2800,False
115300067,0,95720,1024,2800,True
115500056,0,35224,1024,2800,True
115600033,0,33201,1024,2800,True
115600073,0,0,1024,2800,False
116100014,0,0,1024,2800,False
116100051,0,0,1024,2800,False
116400012,0,0,1024,2800,False
116400084,0,0,1024,2800,False
116900023,0,0,1024,2800,False
116900061,0,0,1024,2800,False
117700041,0,0,1024,2800,False
117900000,0,0,1024,2800,False
117900052,0,0,1024,2800,False
118300001,0,0,1024,2800,False
118300039,0,0,1024,2800,False
118300078,0,0,1024,2800,False
118500025,0,0,1024,2800,False
118600031,0,0,1024,2800,False
118800002,0,0,1024,2800,False
118800052,0,0,1024,2800,False
118900002,0,0,1024,2800,False
119100000,0,0,1024,2800,False
119100038,0,0,1024,2800,False
119100077,0,0,1024,2800,False
119400007,0,43798,1024,2800,True
119400044,0,0,1024,2800,False
119400082,0,0,1024,2800,False
119700053,0,0,1024,2800,False
120000035,0,0,1024,2800,False
120000072,0,0,1024,2800,False
120200035,25372,0,1024,2800,True
120200077,7760,0,1024,2800,True
120300061,3299,0,1024,2800,True
121200013,0,0,1024,2800,False
121200065,0,30324,1024,2800,True
121400026,0,0,1024,2800,False
121500009,2476,0,1024,2800,True
121500047,0,0,1024,2800,False
121600047,0,0,1024,2800,False
121800004,0,0,1024,2800,False
121800042,0,0,1024,2800,False
121800079,0,0,1024,2800,False
121900069,0,57408,1024,2800,True
122300051,0,0,1024,2800,False
122400003,0,0,1024,2800,False
122400052,0,0,1024,2800,False
122500017,0,0,1024,2800,False
122500057,0,0,1024,2800,False
122600051,0,0,1024,2800,False
122700003,0,0,1024,2800,False
122700057,0,0,1024,2800,False
122900023,0,55215,1024,2800,True
122900076,0,0,1024,2800,False
123300017,0,0,1024,2800,False
123300060,0,0,1024,2800,False
123600034,0,0,1024,2800,False
123700011,0,0,1024,2800,False
123700049,0,0,1024,2800,False
123800003,0,0,1024,2800,False
123800041,0,55983,1024,2800,True
123800079,0,0,1024,2800,False
124000036,0,0,1024,2800,False
124200009,0,0,1024,2800,False
124200062,0,0,1024,2800,False
124400015,0,0,1024,2800,False
124400065,0,0,1024,2800,False
124500040,0,0,1024,2800,False
124600012,0,0,1024,2800,False
124700000,0,0,1024,2800,False
124700040,0,0,1024,2800,False
124700078,0,0,1024,2800,False
124800031,0,0,1024,2800,False
124800070,0,0,1024,2800,False
125100030,0,0,1024,2800,False
125100072,68421,0,1024,2800,True
125200044,3501,0,1024,2800,True
125400014,0,74247,1024,2800,True
125400055,0,0,1024,2800,False
125600008,0,0,1024,2800,False
125600045,0,0,1024,2800,False
125700007,21260,0,1024,2800,True
125700049,0,0,1024,2800,False
125800003,0,142590,1024,2800,True
125800057,0,152019,1024,2800,True
126500006,0,0,1024,2800,False
126600047,0,30508,1024,2800,True
126800010,0,0,1024,2800,False
126800048,0,0,1024,2800,False
127000000,0,0,1024,2800,False
127000050,0,0,1024,2800,False
127200013,0,0,1024,2800,False
127300000,0,0,1024,2800,False
127300041,0,0,1024,2800,False
127400001,0,0,1024,2800,False
127600025,0,0,1024,2800,False
127600066,27760,0,1024,2800,True
127900081,0,0,1024,2800,False
128200039,0,0,1024,2800,False
128200077,0,0,1024,2800,False
128300025,0,0,1024,2800,False
128300071,0,0,1024,2800,False
128500033,0,0,1024,2800,False
128700046,0,0,1024,2800,False
128800003,0,0,1024,2800,False
129100024,0,0,1024,2800,False
129100068,0,0,1024,2800,False
129300015,7156,0,1024,2800,True
129300060,0,0,1024,2800,False
129400023,0,0,1024,2800,False
129400067,0,0,1024,2800,False
129500014,0,0,1024,2800,False
129500054,0,0,1024,2800,False
129700046,0,0,1024,2800,False
129700084,0,0,1024,2800,False
129800040,34380,0,1024,2800,True
129800084,0,0,1024,2800,False
129900048,0,0,1024,2800,False
130300018,0,0,1024,2800,False
130300057,0,0,1024,2800,False
130400056,0,0,1024,2800,False
130500033,0,0,1024,2800,False
130500072,25391,0,1024,2800,True
130800012,0,0,1024,2800,False
130800050,0,0,1024,2800,False
131000022,0,0,1024,2800,False
131000064,0,0,1024,2800,False
131600000,16094,0,1024,2800,True
131600041,0,0,1024,2800,False
131900001,37683,0,1024,2800,True
131900046,0,0,1024,2800,False
132200083,0,0,1024,2800,False
132500000,0,0,1024,2800,False
132500044,0,0,1024,2800,False
133200004,0,0,1024,2800,False
133200041,0,0,1024,2800,False
133200079,0,0,1024,2800,False
133500050,0,0,1024,2800,False
133600058,0,0,1024,2800,False
133700016,0,0,1024,2800,False
133700057,18554,0,1024,2800,True
134000023,0,0,1024,2800,False
134000083,0,0,1024,2800,False
134200032,0,0,1024,2800,False
134200076,0,12632,1024,2800,True
134600017,0,0,1024,2800,False
134600063,0,0,1024,2800,False
134700025,0,0,1024,2800,False
134700069,0,0,1024,2800,False
134900074,36080,0,1024,2800,True
135400063,0,0,1024,2800,False
135500015,0,0,1024,2800,False
135500052,0,0,1024,2800,False
135700004,0,0,1024,2800,False
135700054,10220,155740,1024,2800,True
135800042,0,44621,1024,2800,True
135800083,0,0,1024,2800,False
136200000,0,0,1024,2800,False
136200037,0,0,1024,2800,False
136200081,0,0,1024,2800,False
136500045,0,0,1024,2800,False
136700056,0,0,1024,2800,False
136900011,0,27691,1024,2800,True
137000079,0,35407,1024,2800,True
137100026,0,0,1024,2800,False
137100072,0,0,1024,2800,False
137400030,0,0,1024,2800,False
137400083,0,0,1024,2800,False
137600053,0,0,1024,2800,False
137900020,0,0,1024,2800,False
137900072,0,0,1024,2800,False
138000019,0,0,1024,2800,False
138000060,0,0,1024,2800,False
138200023,0,0,1024,2800,False
138200073,17950,0,1024,2800,True
138400021,21971,0,1024,2800,True
138400063,0,0,1024,2800,False
138500010,0,0,1024,2800,False
138500059,0,0,1024,2800,False
138700025,0,0,1024,2800,False
138700063,0,0,1024,2800,False
138900013,0,0,1024,2800,False
138900052,0,0,1024,2800,False
139100025,0,0,1024,2800,False
139100063,0,0,1024,2800,False
139200015,0,0,1024,2800,False
139200071,0,0,1024,2800,False
140200013,0,0,1024,2800,False
140200051,36858,0,1024,2800,True
140300042,0,60115,1024,2800,True
140500007,0,47335,1024,2800,True
140500049,0,23903,1024,2800,True
140700043,0,0,1024,2800,False
140700084,0,0,1024,2800,False
140800047,0,0,1024,2800,False
140900012,0,0,1024,2800,False
140900061,0,0,1024,2800,False
141000051,0,0,1024,2800,False
141100030,0,0,1024,2800,False
141100071,0,0,1024,2800,False
141200038,0,0,1024,2800,False
141400010,0,0,1024,2800,False
141400063,35869,0,1024,2800,True
141500013,0,0,1024,2800,False
142100043,33314,0,1024,2800,True
142200013,0,0,1024,2800,False
142200055,0,0,1024,2800,False
142500020,0,0,1024,2800,False
142800006,0,0,1024,2800,False
142800049,24567,0,1024,2800,True
142900007,14028,77261,1024,2800,True
143400038,0,0,1024,2800,False
143400078,0,0,1024,2800,False
143600030,0,0,1024,2800,False
143600068,23001,0,1024,2800,True
143900015,0,0,1024,2800,False
143900054,11543,0,1024,2800,True
144000045,0,0,1024,2800,False
144100000,35177,0,1024,2800,True
144100044,0,0,1024,2800,False
144200001,0,0,1024,2800,False
144200054,0,0,1024,2800,False
144500010,0,57540,1024,2800,True
144500050,0,0,1024,2800,False
144800060,0,0,1024,2800,False
144900012,0,0,1024,2800,False
144900050,0,0,1024,2800,False
145000035,0,0,1024,2800,False
145000074,12457,151584,1024,2800,True
145100025,0,0,1024,2800,False
145100065,0,0,1024,2800,False
145200030,0,0,1024,2800,False
145200068,0,0,1024,2800,False
145300036,0,0,1024,2800,False
146300046,0,0,1024,2800,False
147200010,0,0,1024,2800,False
147200055,0,0,1024,2800,False
147300005,0,0,1024,2800,False
147900010,0,0,1024,2800,False
148000031,0,0,1024,2800,False
148000080,0,0,1024,2800,False
148300013,14729,0,1024,2800,True
148300066,0,0,1024,2800,False
148400026,41443,0,1024,2800,True
148400084,0,0,1024,2800,False
148500041,26023,0,1024,2800,True
148600031,0,0,1024,2800,False
148800004,0,0,1024,2800,False
148800041,0,0,1024,2800,False
148800079,0,0,1024,2800,False
148900041,0,0,1024,2800,False
149000013,0,0,1024,2800,False
149000052,0,0,1024,2800,False
149200022,0,0,1024,2800,False
149200059,0,0,1024,2800,False
149400006,3655,159715,1024,2800,True
149400049,0,0,1024,2800,False
149500002,0,0,1024,2800,False
149500045,9472,0,1024,2800,True
149600003,9725,107841,1024,2800,True
149600044,28662,0,1024,2800,True
149700002,0,0,1024,2800,False
149800000,0,0,1024,2800,False
149800048,0,0,1024,2800,False
149900042,25792,0,1024,2800,True
150000020,0,0,1024,2800,False
150000058,0,0,1024,2800,False
150100012,0,0,1024,2800,False
150100051,0,0,1024,2800,False
150200073,0,0,1024,2800,False
150400021,0,0,1024,2800,False
150400059,0,0,1024,2800,False
150600019,0,83241,1024,2800,True
150600070,0,0,1024,2800,False
150700031,0,0,1024,2800,False
150700077,0,0,1024,2800,False
150800034,0,0,1024,2800,False
150800076,0,0,1024,2800,False
150900031,0,0,1024,2800,False
150900075,0,0,1024,2800,False
151000025,0,25925,1024,2800,True
151000068,0,0,1024,2800,False
151700066,6745,0,1024,2796,True
151800028,0,0,1024,2800,False
151800069,0,0,1024,2800,False
151900016,0,0,1024,2800,False
151900058,0,0,1024,2800,False
152000024,0,0,1024,2800,False
152000075,0,0,1024,2800,False
152100048,0,0,1024,2800,False
152300012,0,0,1024,2800,False
152300055,0,0,1024,2800,False
152400016,0,0,1024,2800,False
152400078,0,0,1024,2800,False
152600056,0,185157,1024,2800,True
152700021,0,0,1024,2800,False
152700065,0,0,1024,2800,False
152800012,0,0,1024,2800,False
152800064,0,0,1024,2800,False
152900030,0,0,1024,2800,False
152900079,0,0,1024,2800,False
153000035,0,0,1024,2800,False
153000081,0,0,1024,2800,False
153100042,0,0,1024,2800,False
153200015,0,0,1024,2800,False
153200055,0,0,1024,2800,False
153300005,0,0,1024,2800,False
153300052,27254,0,1024,2800,True
153500008,0,25167,1024,2800,True
153500048,0,0,1024,2800,False
153600013,0,0,1024,2800,False
153600057,0,0,1024,2800,False
153700021,0,0,1024,2800,False
153700074,0,0,1024,2800,False
153800021,0,0,1024,2800,False
153800058,0,0,1024,2800,False
154000023,0,0,1024,2800,False
154000067,0,0,1024,2800,False
154500071,0,0,1024,2800,False
154700037,0,0,1024,2800,False
155000014,0,0,1024,2800,False
155000056,0,0,1024,2800,False
155100011,0,0,1024,2800,False
155100050,0,0,1024,2800,False
155200005,0,0,1024,2800,False
155200067,0,0,1024,2800,False
155400032,0,0,1024,2800,False
156300016,0,89124,1024,2800,True
156300054,0,60074,1024,2800,True
156400052,0,0,1024,2800,False
156500008,0,0,1024,2800,False
156600015,0,0,1024,2800,False
156600078,0,0,1024,2800,False
156700046,0,0,1024,2800,False
157200022,0,0,1024,2800,False
157200068,0,29483,1024,2800,True
157400015,26566,0,1024,2800,True
157500035,0,0,1024,2800,False
157500074,0,80790,1024,2800,True
157600036,0,0,1024,2800,False
157600082,0,0,1024,2800,False
158000006,0,0,1024,2800,False
158000049,0,0,1024,2800,False
158100002,0,0,1024,2800,False
158100054,0,0,1024,2800,False
158300010,0,0,1024,2800,False
158300048,0,0,1024,2800,False
158500016,0,0,1024,2800,False
158500061,0,0,1024,2800,False
158600008,0,0,1024,2800,False
158600046,0,0,1024,2800,False
158700049,0,0,1024,2800,False
158800056,0,0,1024,2800,False
158900004,0,0,1024,2800,False
158900049,0,0,1024,2800,False
159000041,0,0,1024,2800,False
159300063,0,0,1024,2800,False
160000034,0,0,1024,2800,False
160000080,0,0,1024,2800,False
160200040,0,0,1024,2800,False
160200081,0,0,1024,2800,False
160300041,0,0,1024,2800,False
160300079,0,0,1024,2788,False
160400041,0,0,1024,2800,False
160600063,0,0,1024,2800,False
160800021,0,0,1024,2800,False
160800061,0,0,1024,2800,False
160900047,0,0,1024,2800,False
161200012,0,0,1024,2800,False
161200049,0,0,1024,2800,False
161300003,0,0,1024,2800,False
161300040,0,0,1024,2800,False
161300079,0,0,1024,2800,False
161500026,0,0,1024,2800,False
161500071,0,0,1024,2800,False
161600023,0,0,1024,2800,False
161600078,0,0,1024,2800,False
161700030,0,0,1024,2800,False
161700071,0,0,1024,2800,False
161800027,0,0,1024,2800,False
161800067,0,0,1024,2800,False
161900014,0,0,1024,2800,False
161900062,0,0,1024,2800,False
162100019,0,0,1024,2800,False
162100060,0,0,1024,2800,False
162400070,0,0,1024,2800,False
162500017,0,0,1024,2800,False
162500062,0,0,1024,2800,False
162600054,0,0,1024,2800,False
162700002,0,0,1024,2800,False
162700048,0,0,1024,2800,False
162800011,0,0,1024,2800,False
162800051,0,0,1024,2800,False
162900016,4271,0,1024,2800,True
162900054,0,0,1024,2800,False
163000058,0,0,1024,2800,False
163100037,0,0,1024,2800,False
163200020,0,0,1024,2800,False
163300004,0,0,1024,2800,False
163300049,0,0,1024,2800,False
163700036,0,0,1024,2800,False
163700077,0,0,1024,2800,False
163800039,0,0,1024,2800,False
163800081,0,0,1024,2800,False
163900072,0,0,1024,2800,False
164000040,0,0,1024,2800,False
164000079,0,0,1024,2800,False
164300026,0,0,1024,2800,False
164500024,0,0,1024,2800,False
164500075,0,0,1024,2800,False
164600029,0,0,1024,2800,False
164600073,0,0,1024,2800,False
165200039,0,0,1024,2800,False
165300008,0,0,1024,2800,False
165300047,0,0,1024,2800,False
165400011,0,0,1024,2800,False
165400051,0,0,1024,2800,False
165500001,11593,0,1024,2800,True
165500046,0,0,1024,2800,False
165600004,0,0,1024,2800,False
165600050,0,0,1024,2800,False
165700002,0,0,1024,2800,False
165700047,0,0,1024,2800,False
165800010,0,0,1024,2800,False
165800071,0,0,1024,2800,False
165900035,0,0,1024,2800,False
165900077,0,0,1024,2800,False
166100045,0,0,1024,2800,False
166300004,0,0,1024,2800,False
166300047,0,0,1024,2800,False
166400011,0,0,1024,2800,False
166400055,0,0,1024,2800,False
166600004,0,0,1024,2800,False
166600042,0,0,1024,2800,False
166600083,0,27235,1024,2800,True
166700049,0,0,1024,2800,False
166800071,0,0,1024,2800,False
166900029,0,0,1024,2800,False
167000046,0,0,1024,2800,False
167000084,0,0,1024,2800,False
167100038,0,0,1024,2800,False
167100081,0,0,1024,2800,False
167200033,0,0,1024,2800,False
167200080,0,0,1024,2800,False
167300029,0,0,1024,2800,False
167300075,0,0,1024,2800,False
167600049,0,0,1024,2800,False
167700018,0,0,1024,2800,False
167700065,0,0,1024,2800,False
167800012,0,0,1024,2800,False
167900049,0,0,1024,2800,False
168000057,0,0,1024,2800,False
168100014,0,0,1024,2800,False
168100055,0,59766,1024,2800,True
168200035,0,0,1024,2800,False
168200074,0,0,1024,2800,False
168300032,0,0,1024,2800,False
168300072,0,0,1024,2800,False
168400028,0,61140,1024,2800,True
168400067,0,0,1024,2800,False
169300021,0,0,1024,2800,False
169300059,0,0,1024,2800,False
169400084,0,0,1024,2800,False
169600054,0,0,1024,2800,False
169800000,0,0,1024,2800,False
169800040,0,0,1024,2800,False
169800081,0,0,1024,2800,False
170400034,0,0,1024,2800,False
170400071,0,0,1024,2800,False
170700025,0,0,1024,2800,False
170700073,0,0,1024,2800,False
170800031,0,26194,1024,2800,True
170800068,0,0,1024,2800,False
170900015,0,0,1024,2800,False
170900055,0,90662,1024,2800,True
171000016,0,0,1024,2800,False
171000069,0,0,1024,2800,False
171100022,0,0,1024,2800,False
171100060,0,0,1024,2800,False
171200007,0,0,1024,2800,False
171200052,0,0,1024,2800,False
171300016,0,0,1024,2800,False
171300067,0,0,1024,2800,False
171400030,0,0,1024,2800,False
171500015,0,0,1024,2800,False
171500055,0,0,1024,2800,False
171600012,0,0,1024,2800,False
171600057,0,0,1024,2800,False
171700023,0,0,1024,2800,False
171800046,0,0,1024,2800,False
171900001,0,0,1024,2800,False
171900040,0,0,1024,2800,False
172100010,0,0,1024,2800,False
172100053,0,0,1024,2800,False
172200024,0,0,1024,2800,False
172200065,0,0,1024,2800,False
172300022,0,0,1024,2800,False
172300059,0,0,1024,2800,False
172400019,0,0,1024,2800,False
172400060,0,0,1024,2800,False
175200015,0,0,1024,2800,False
175200054,0,0,1024,2800,False
175300020,0,80162,1024,2800,True
175300058,0,0,1024,2800,False
175400005,0,0,1024,2800,False
175400057,0,0,1024,2800,False
175500016,0,0,1024,2800,False
175500064,0,0,1024,2800,False
175600035,0,0,1024,2800,False
175900031,0,0,1024,2800,False
175900074,0,0,1024,2800,False
176000028,0,0,1024,2800,False
176000068,0,0,1024,2800,False
99100018,0,0,1024,2800,False
99100055,0,0,1024,2800,False
99300011,0,0,1024,2800,False
99300070,0,141663,1024,2800,True
99900037,15556,0,1024,2800,True
99900084,0,0,1024,2800,False
100000020,0,0,1024,2800,False
100000059,0,0,1024,2800,False
100100013,0,0,1024,2800,False
100100053,0,0,1024,2800,False
100200012,0,0,1024,2800,False
100400035,0,0,1024,2800,False
100400076,0,0,1024,2800,False
100500033,0,0,1024,2800,False
100700005,0,0,1024,2800,False
100700043,0,0,1024,2800,False
101100004,0,0,1024,2800,False
101100044,0,0,1024,2800,False
101100082,0,0,1024,2800,False
101500038,0,0,1024,2800,False
101500078,0,0,1024,2800,False
101600025,0,0,1024,2800,False
101600083,0,0,1024,2800,False
101700045,0,0,1024,2800,False
101800007,18991,74903,1024,2800,True
101900051,0,0,1024,2800,False
102100009,0,0,1024,2800,False
103000009,0,0,1024,2800,False
103000051,0,0,1024,2800,False
103200032,0,0,1024,2800,False
103200070,18956,0,1024,2800,True
103300034,0,0,1024,2800,False
103400057,0,0,1024,2800,False
103500045,0,0,1024,2800,False
103700020,0,0,1024,2800,False
103900003,0,0,1024,2800,False
103900048,0,0,1024,2800,False
104600005,30113,0,1024,2800,True
104600055,0,0,1024,2800,False
104700030,0,0,1024,2800,False
104700078,0,0,1024,2800,False
104800025,0,0,1024,2800,False
104900035,0,0,1024,2800,False
104900074,0,0,1024,2800,False
105100037,0,0,1024,2800,False
105100078,0,0,1024,2800,False
105200048,0,0,1024,2800,False
105300029,0,0,1024,2800,False
105300070,0,0,1024,2800,False
105400081,0,0,1024,2800,False
105600034,12579,0,1024,2800,True
105600073,0,0,1024,2800,False
105900021,0,0,1024,2800,False
105900059,0,0,1024,2800,False
106000049,0,0,1024,2800,False
106100036,0,0,1024,2800,False
106100077,0,51775,1024,2800,True
106200043,0,4,1024,2800,True
106300007,0,0,1024,2800,False
106300044,0,0,1024,2800,False
106500029,0,0,1024,2800,False
106600000,0,0,1024,2800,False
106600039,0,0,1024,2800,False
106600077,0,0,1024,2800,False
106900004,0,0,1024,2800,False
106900042,0,0,1024,2800,False
106900079,0,0,1024,2800,False
107900035,0,0,1024,2800,False
107900076,0,0,1024,2800,False
108400062,0,0,1024,2800,False
108600043,0,0,1024,2800,False
108900019,0,0,1024,2800,False
108900056,0,0,1024,2800,False
109200006,0,0,1024,2800,False
109200055,0,0,1024,2800,False
109300025,0,0,1024,2800,False
109600008,0,0,1024,2800,False
109600051,0,0,1024,2800,False
109700026,0,0,1024,2800,False
109700071,0,0,1024,2800,False
109800018,0,0,1024,2800,False
109800057,0,0,1024,2800,False
110100022,44895,0,1024,2800,True
110100059,0,0,1024,2800,False
110200017,0,0,1024,2773,False
110400048,17381,0,1024,2777,True
110500072,0,0,1024,2800,False
110700020,0,53563,1024,2800,True
110700060,0,0,1024,2800,False
110900036,0,0,1024,2800,False
110900077,35723,0,1024,2800,True
111000048,0,29010,1024,2800,True
111200046,0,0,1024,2800,False
111400008,0,0,1024,2800,False
111400059,0,0,1024,2800,False
111500006,0,0,1024,2800,False
111500065,0,0,1024,2800,False
111700079,0,0,1024,2800,False
111900021,21662,0,1024,2800,True
111900061,0,61261,1024,2800,True
112000026,11183,0,1024,2800,True
112500009,0,0,1024,2800,False
112500056,0,0,1024,2800,False
112600015,0,0,1024,2800,False
112600069,0,0,1024,2800,False
112800023,14829,0,1024,2800,True
112800060,0,0,1024,2800,False
113100017,0,0,1024,2800,False
113300009,0,0,1024,2800,False
113300047,0,0,1024,2800,False
113400019,0,0,1024,2800,False
113400067,0,0,1024,2800,False
113500028,0,0,1024,2800,False
113700028,0,28452,1024,2800,True
113700066,0,5,1024,2800,True
114500013,38308,0,1024,2800,True
114600031,14471,0,1024,2800,True
114600069,0,0,1024,2800,False
114700052,0,0,1024,2800,False
114900030,6958,0,1024,2800,True
115100033,0,0,1024,2800,False
115100084,0,0,1024,2800,False
115300068,0,0,1024,2800,False
115500057,0,0,1024,2800,False
115600034,0,23064,1024,2800,True
115600074,0,39187,1024,2791,True
116100015,0,0,1024,2800,False
116100052,0,0,1024,2800,False
116400013,0,0,1024,2800,False
116500071,0,102337,1024,2800,True
116900024,0,0,1024,2800,False
116900062,0,0,1024,2800,False
117700042,0,0,1024,2800,False
117900001,0,0,1024,2800,False
117900053,0,0,1024,2800,False
118300002,0,0,1024,2800,False
118300040,0,0,1024,2800,False
118300079,0,0,1024,2800,False
118500026,0,0,1024,2800,False
118600032,0,0,1024,2800,False
118800014,0,0,1024,2800,False
118800053,0,0,1024,2800,False
118900029,0,0,1024,2800,False
119100001,0,0,1024,2800,False
119100039,0,0,1024,2800,False
119100078,0,0,1024,2800,False
119400008,0,0,1024,2800,False
119400045,0,0,1024,2800,False
119400083,0,0,1024,2800,False
119700080,0,0,1024,2800,False
120000036,0,0,1024,2800,False
120000073,0,0,1024,2800,False
120200036,0,0,1024,2800,False
120200078,0,0,1024,2800,False
120300067,0,0,1024,2800,False
121200014,0,62412,1024,2800,True
121200066,0,0,1024,2800,False
121400027,0,0,1024,2800,False
121500010,0,0,1024,2800,False
121500048,0,0,1024,2800,False
121600048,0,0,1024,2800,False
121800005,0,0,1024,2800,False
121800043,0,0,1024,2800,False
121800080,0,0,1024,2800,False
121900070,0,0,1024,2800,False
122300052,0,0,1024,2800,False
122400004,0,0,1024,2800,False
122400053,0,0,1024,2800,False
122500018,0,0,1024,2800,False
122500058,0,0,1024,2800,False
122600052,0,0,1024,2800,False
122700004,0,0,1024,2800,False
122700058,0,0,1024,2800,False
122900024,0,0,1024,2800,False
122900077,0,0,1024,2800,False
123300018,0,32120,1024,2800,True
123300061,0,0,1024,2800,False
123600035,12473,0,1024,2800,True
123700012,0,0,1024,2800,False
123700050,0,0,1024,2800,False
123800004,0,0,1024,2800,False
123800042,0,0,1024,2800,False
123800080,0,25763,1024,2800,True
124000037,0,69833,1024,2800,True
124200010,0,0,1024,2800,False
124200063,0,0,1024,2800,False
124400016,0,37508,1024,2800,True
124400066,0,0,1024,2800,False
124500041,0,0,1024,2800,False
124600031,0,0,1024,2800,False
124700001,0,0,1024,2800,False
124700041,0,0,1024,2800,False
124700079,0,0,1024,2800,False
124800032,0,19275,1024,2800,True
124800071,0,0,1024,2800,False
125100031,0,0,1024,2800,False
125100073,73498,0,1024,2800,True
125200045,0,0,1024,2800,False
125400015,0,0,1024,2800,False
125400056,0,0,1024,2800,False
125600009,0,0,1024,2800,False
125600046,0,0,1024,2800,False
125700008,0,0,1024,2800,False
125700050,0,0,1024,2800,False
125800004,0,0,1024,2800,False
125800058,0,0,1024,2800,False
126500007,0,0,1024,2800,False
126600048,0,0,1024,2800,False
126800011,0,0,1024,2800,False
126800049,0,0,1024,2800,False
127000001,0,0,1024,2800,False
127000051,0,0,1024,2800,False
127200014,0,0,1024,2800,False
127300001,0,0,1024,2800,False
127300042,0,0,1024,2800,False
127400002,0,0,1024,2800,False
127600026,0,0,1024,2800,False
127600067,0,0,1024,2800,False
127900082,0,0,1024,2800,False
128200040,0,62882,1024,2800,True
128200078,0,0,1024,2800,False
128300026,0,0,1024,2800,False
128300072,0,0,1024,2800,False
128500034,0,0,1024,2800,False
128700047,0,0,1024,2800,False
128800004,0,0,1024,2800,False
129100025,0,0,1024,2800,False
129100069,0,36700,1024,2800,True
129300016,0,0,1024,2800,False
129300061,0,0,1024,2800,False
129400024,0,0,1024,2800,False
129400068,2582,0,1024,2800,True
129500015,0,0,1024,2800,False
129500055,0,0,1024,2800,False
129700047,0,0,1024,2800,False
129800000,0,0,1024,2800,False
129800041,14443,0,1024,2800,True
129900000,0,0,1024,2800,False
129900049,0,0,1024,2800,False
130300019,0,0,1024,2800,False
130300058,0,0,1024,2800,False
130400057,0,0,1024,2800,False
130500034,0,0,1024,2800,False
130500073,0,0,1024,2800,False
130800013,0,0,1024,2800,False
130800051,0,61048,1024,2800,True
131000023,0,0,1024,2800,False
131000065,0,0,1024,2800,False
131600001,27408,0,1024,2800,True
131600042,0,0,1024,2800,False
131900002,0,0,1024,2800,False
131900047,0,0,1024,2800,False
132200084,0,0,1024,2800,False
132500001,0,0,1024,2800,False
132500045,0,0,1024,2800,False
133200005,0,0,1024,2800,False
133200042,0,0,1024,2800,False
133200080,0,0,1024,2800,False
133500051,0,0,1024,2800,False
133600059,0,0,1024,2800,False
133700017,0,0,1024,2800,False
133700058,0,42845,1024,2800,True
134000024,0,0,1024,2800,False
134000084,0,0,1024,2800,False
134200033,0,0,1024,2800,False
134200077,10344,100758,1024,2800,True
134600018,0,0,1024,2800,False
134600064,0,0,1024,2800,False
134700026,0,0,1024,2800,False
134700070,0,0,1024,2800,False
134900075,36489,0,1024,2800,True
135400064,0,0,1024,2800,False
135500016,0,0,1024,2800,False
135500053,0,0,1024,2800,False
135700017,0,0,1024,2800,False
135700055,0,0,1024,2800,False
135800043,0,0,1024,2800,False
135800084,0,0,1024,2800,False
136200001,0,0,1024,2800,False
136200038,21795,0,1024,2800,True
136200082,0,0,1024,2800,False
136500046,0,0,1024,2800,False
136700057,0,121017,1024,2800,True
136900012,0,92471,1024,2800,True
137000080,0,0,1024,2800,False
137100027,0,0,1024,2800,False
137100080,0,0,1024,2800,False
137400031,0,23133,1024,2800,True
137400084,0,21265,1024,2800,True
137600054,19132,0,1024,2800,True
137900021,0,0,1024,2800,False
137900073,0,0,1024,2800,False
138000020,0,0,1024,2800,False
138000061,0,0,1024,2800,False
138200024,0,0,1024,2800,False
138200074,35371,0,1024,2800,True
138400022,15656,0,1024,2800,True
138400064,0,0,1024,2800,False
138500011,0,0,1024,2800,False
138500060,0,0,1024,2800,False
138700026,0,0,1024,2800,False
138700064,0,0,1024,2800,False
138900014,0,0,1024,2800,False
138900053,0,0,1024,2800,False
139100026,0,0,1024,2800,False
139100064,0,0,1024,2800,False
139200016,0,63491,1024,2800,True
139200072,0,0,1024,2800,False
140200014,0,0,1024,2800,False
140200052,25163,0,1024,2800,True
140300043,0,0,1024,2800,False
140500008,0,0,1024,2800,False
140500050,0,78834,1024,2800,True
140700044,0,73084,1024,2800,True
140800000,0,0,1024,2800,False
140800048,0,0,1024,2800,False
140900013,0,0,1024,2800,False
140900062,0,22342,1024,2800,True
141000052,0,0,1024,2800,False
141100031,0,0,1024,2800,False
141100072,0,0,1024,2800,False
141200039,0,0,1024,2800,False
141400011,0,0,1024,2800,False
141400064,5459,0,1024,2800,True
141500014,0,0,1024,2800,False
142100044,22291,0,1024,2800,True
142200014,0,0,1024,2800,False
142200056,0,0,1024,2800,False
142500021,0,0,1024,2800,False
142800007,0,41310,1024,2800,True
142800050,0,0,1024,2800,False
143400000,0,45705,1024,2800,True
143400039,0,0,1024,2800,False
143400079,0,0,1024,2800,False
143600031,29765,0,1024,2800,True
143600069,0,0,1024,2800,False
143900016,0,0,1024,2800,False
143900055,16629,0,1024,2800,True
144000046,0,0,1024,2800,False
144100001,1,0,1024,2800,True
144100045,0,0,1024,2800,False
144200002,0,0,1024,2800,False
144200055,0,54814,1024,2800,True
144500011,0,0,1024,2800,False
144500051,0,0,1024,2800,False
144800061,0,0,1024,2800,False
144900013,0,0,1024,2800,False
144900051,0,0,1024,2800,False
145000036,0,0,1024,2800,False
145000075,0,0,1024,2800,False
145100026,0,0,1024,2800,False
145100066,0,0,1024,2800,False
145200031,0,0,1024,2800,False
145200069,0,0,1024,2800,False
145300037,0,0,1024,2800,False
146300047,0,0,1024,2800,False
147200011,0,0,1024,2800,False
147200056,0,0,1024,2800,False
147300006,0,0,1024,2800,False
147900011,0,0,1024,2800,False
148000032,0,0,1024,2800,False
148000081,0,0,1024,2800,False
148300014,23306,0,1024,2800,True
148300067,0,0,1024,2800,False
148400027,35725,0,1024,2800,True
148500000,12767,52632,1024,2800,True
148500043,47520,0,1024,2800,True
148600032,0,0,1024,2800,False
148800005,0,40610,1024,2800,True
148800042,0,0,1024,2800,False
148800080,0,0,1024,2800,False
148900042,0,0,1024,2800,False
149000014,0,0,1024,2800,False
149000054,0,0,1024,2800,False
149200023,0,0,1024,2800,False
149200060,0,0,1024,2800,False
149400007,0,0,1024,2800,False
149400050,10371,0,1024,2800,True
149500003,0,0,1024,2800,False
149500046,0,41427,1024,2800,True
149600005,17942,0,1024,2800,True
149600051,0,0,1024,2800,False
149700003,0,0,1024,2800,False
149800001,0,0,1024,2800,False
149800049,0,67357,1024,2800,True
149900044,46840,0,1024,2800,True
150000021,0,0,1024,2800,False
150000059,0,0,1024,2800,False
150100013,0,0,1024,2800,False
150100052,0,0,1024,2800,False
150200074,0,0,1024,2800,False
150400022,0,131750,1024,2800,True
150400060,0,59029,1024,2800,True
150600020,0,0,1024,2800,False
150600071,0,0,1024,2800,False
150700032,0,0,1024,2800,False
150700078,0,0,1024,2800,False
150800035,0,0,1024,2800,False
150800077,0,0,1024,2800,False
150900032,0,0,1024,2800,False
150900076,0,0,1024,2800,False
151000026,0,0,1024,2800,False
151000069,0,0,1024,2800,False
151700067,0,0,1024,2800,False
151800029,0,0,1024,2800,False
151800070,0,0,1024,2800,False
151900017,0,0,1024,2800,False
151900059,0,0,1024,2800,False
152000025,0,0,1024,2800,False
152000076,0,0,1024,2800,False
152100049,0,0,1024,2800,False
152300013,0,0,1024,2800,False
152300056,0,62848,1024,2800,True
152400017,0,0,1024,2800,False
152400079,0,0,1024,2800,False
152600057,8750,46005,1024,2800,True
152700022,0,0,1024,2800,False
152700066,0,0,1024,2800,False
152800013,0,0,1024,2800,False
152800065,41307,0,1024,2800,True
152900031,6336,0,1024,2800,True
152900080,0,0,1024,2800,False
153000036,0,0,1024,2800,False
153000082,0,0,1024,2800,False
153100043,0,0,1024,2800,False
153200016,0,0,1024,2800,False
153200056,0,0,1024,2800,False
153300006,0,0,1024,2800,False
153300062,12114,0,1024,2800,True
153500009,0,0,1024,2800,False
153500049,0,0,1024,2800,False
153600014,0,0,1024,2800,False
153600058,0,0,1024,2800,False
153700022,0,0,1024,2800,False
153700075,0,0,1024,2800,False
153800022,0,0,1024,2800,False
153800059,0,0,1024,2800,False
154000024,0,0,1024,2800,False
154000068,0,0,1024,2800,False
154500072,0,0,1024,2800,False
154700038,0,0,1024,2800,False
155000015,0,0,1024,2800,False
155000057,0,0,1024,2800,False
155100012,0,0,1024,2800,False
155100051,0,0,1024,2800,False
155200006,0,0,1024,2800,False
155200068,0,0,1024,2798,False
155400033,0,0,1024,2800,False
156300017,0,0,1024,2800,False
156300055,0,0,1024,2800,False
156400053,0,0,1024,2800,False
156500009,0,0,1024,2800,False
156600016,0,0,1024,2800,False
156600079,0,0,1024,2800,False
156700047,0,0,1024,2800,False
157200023,0,0,1024,2800,False
157200069,0,31610,1024,2800,True
157400016,0,0,1024,2800,False
157500036,0,0,1024,2800,False
157500075,0,0,1024,2800,False
157600037,0,0,1024,2800,False
157600083,0,0,1024,2800,False
158000007,0,0,1024,2800,False
158000050,0,0,1024,2800,False
158100003,0,0,1024,2800,False
158100055,0,0,1024,2800,False
158300011,0,0,1024,2800,False
158300049,0,0,1024,2800,False
158500017,0,0,1024,2800,False
158500062,0,0,1024,2800,False
158600009,0,0,1024,2800,False
158600047,0,0,1024,2800,False
158700050,0,0,1024,2800,False
158800057,0,0,1024,2800,False
158900005,0,34305,1024,2800,True
158900050,0,42660,1024,2800,True
159000042,0,0,1024,2800,False
159300064,0,0,1024,2800,False
160000035,0,0,1024,2800,False
160000081,0,0,1024,2800,False
160200041,0,0,1024,2800,False
160200082,0,0,1024,2800,False
160300042,0,0,1024,2800,False
160300080,0,0,1024,2768,False
160400042,0,0,1024,2800,False
160600064,0,0,1024,2800,False
160800022,0,0,1024,2800,False
160800062,0,0,1024,2800,False
160900048,0,0,1024,2800,False
161200013,0,0,1024,2800,False
161200050,0,0,1024,2800,False
161300004,0,0,1024,2800,False
161300041,0,0,1024,2800,False
161300080,0,0,1024,2800,False
161500034,0,0,1024,2800,False
161500072,0,0,1024,2800,False
161600024,0,0,1024,2800,False
161600079,0,0,1024,2800,False
161700031,0,0,1024,2800,False
161700072,0,0,1024,2800,False
161800028,0,0,1024,2800,False
161800068,0,0,1024,2800,False
161900015,0,0,1024,2800,False
161900063,0,0,1024,2800,False
162100020,0,0,1024,2800,False
162100061,0,0,1024,2800,False
162400071,0,0,1024,2800,False
162500018,0,49221,1024,2800,True
162600009,6546,0,1024,2800,True
162600055,0,0,1024,2800,False
162700003,0,0,1024,2800,False
162700049,0,0,1024,2800,False
162800012,0,0,1024,2800,False
162800060,0,0,1024,2800,False
162900017,0,0,1024,2800,False
162900055,0,0,1024,2800,False
163000059,0,0,1024,2800,False
163100038,0,0,1024,2800,False
163200021,0,56813,1024,2800,True
163300005,0,0,1024,2800,False
163300050,0,0,1024,2800,False
163700037,0,0,1024,2800,False
163700078,0,0,1024,2800,False
163800040,0,0,1024,2800,False
163800082,0,0,1024,2800,False
163900073,0,63856,1024,2800,True
164000041,0,0,1024,2800,False
164000080,0,0,1024,2800,False
164300027,0,0,1024,2800,False
164500025,0,0,1024,2800,False
164500076,0,0,1024,2800,False
164600030,0,0,1024,2800,False
164600074,0,0,1024,2800,False
165200040,0,0,1024,2800,False
165300009,0,0,1024,2800,False
165300048,0,0,1024,2800,False
165400012,0,0,1024,2800,False
165400052,0,0,1024,2800,False
165500002,0,0,1024,2800,False
165500047,0,0,1024,2800,False
165600005,0,0,1024,2800,False
165600051,17877,0,1024,2800,True
165700003,0,0,1024,2800,False
165700048,0,0,1024,2800,False
165800011,0,0,1024,2800,False
165800072,0,0,1024,2800,False
165900036,0,0,1024,2800,False
165900078,0,0,1024,2800,False
166100046,0,0,1024,2800,False
166300005,0,0,1024,2800,False
166300048,0,0,1024,2800,False
166400012,0,0,1024,2800,False
166400056,0,0,1024,2800,False
166600005,0,78002,1024,2800,True
166600043,0,0,1024,2800,False
166600084,0,0,1024,2800,False
166700050,0,0,1024,2800,False
166800072,0,0,1024,2800,False
166900030,0,0,1024,2800,False
167000047,0,0,1024,2800,False
167100000,0,0,1024,2800,False
167100039,0,0,1024,2800,False
167100082,0,0,1024,2800,False
167200034,0,0,1024,2800,False
167200081,0,0,1024,2800,False
167300030,0,0,1024,2800,False
167300076,0,0,1024,2800,False
167600050,0,0,1024,2800,False
167700019,0,0,1024,2800,False
167700066,0,0,1024,2800,False
167800013,0,0,1024,2800,False
167900050,0,0,1024,2800,False
168000058,0,0,1024,2800,False
168100015,0,0,1024,2800,False
168100056,0,0,1024,2800,False
168200036,23738,0,1024,2800,True
168200075,0,33981,1024,2800,True
168300033,0,0,1024,2800,False
168300073,0,0,1024,2800,False
168400029,0,0,1024,2800,False
168400068,0,98300,1024,2800,True
169300022,0,88698,1024,2800,True
169300060,0,0,1024,2800,False
169500062,0,0,1024,2800,False
169600055,0,0,1024,2800,False
169800002,0,0,1024,2800,False
169800041,0,0,1024,2800,False
169800082,0,0,1024,2800,False
170400035,0,0,1024,2800,False
170400072,0,0,1024,2800,False
170700026,0,0,1024,2800,False
170700074,0,0,1024,2800,False
170800032,0,0,1024,2800,False
170800069,0,0,1024,2800,False
170900016,0,0,1024,2800,False
170900056,0,0,1024,2800,False
171000017,0,0,1024,2800,False
171000070,0,71367,1024,2800,True
171100023,0,88074,1024,2800,True
171100061,0,0,1024,2800,False
171200008,0,0,1024,2800,False
171200053,0,0,1024,2800,False
171300017,0,0,1024,2800,False
171300068,0,0,1024,2800,False
171400031,0,0,1024,2800,False
171500016,0,0,1024,2800,False
171500056,0,100219,1024,2800,True
171600013,0,283224,1024,2800,True
171600058,0,0,1024,2800,False
171700024,0,0,1024,2800,False
171800047,0,0,1024,2800,False
171900002,18257,0,1024,2800,True
171900041,0,0,1024,2800,False
172100011,0,0,1024,2800,False
172100054,0,0,1024,2800,False
172200025,0,0,1024,2800,False
172200066,0,0,1024,2800,False
172300023,0,0,1024,2800,False
172300060,0,0,1024,2800,False
172400020,0,0,1024,2800,False
172400061,0,0,1024,2800,False
175200016,0,0,1024,2800,False
175200055,0,0,1024,2800,False
175300021,0,0,1024,2800,False
175300059,0,0,1024,2800,False
175400006,0,0,1024,2800,False
175400058,0,0,1024,2800,False
175500017,0,0,1024,2800,False
175500065,0,0,1024,2800,False
175600036,0,0,1024,2800,False
175900032,0,0,1024,2800,False
175900075,0,0,1024,2800,False
176000029,0,0,1024,2800,False
176000069,0,0,1024,2800,False
99100019,0,0,1024,2800,False
99100056,0,0,1024,2800,False
99300012,0,0,1024,2800,False
99300071,0,0,1024,2800,False
99900038,0,0,1024,2800,False
100000021,0,0,1024,2800,False
100000060,0,0,1024,2800,False
100100014,0,0,1024,2800,False
100100065,0,0,1024,2800,False
100200014,0,0,1024,2800,False
100400036,0,0,1024,2800,False
100400077,72830,0,1024,2800,True
100500034,0,0,1024,2800,False
100700006,0,0,1024,2800,False
100700044,0,0,1024,2800,False
101100005,0,0,1024,2800,False
101100045,0,101955,1024,2800,True
101100083,0,0,1024,2800,False
101500039,0,0,1024,2800,False
101500079,0,0,1024,2800,False
101600026,0,0,1024,2800,False
101600084,0,0,1024,2800,False
101700046,0,0,1024,2800,False
101800008,0,0,1024,2800,False
101900052,0,0,1024,2800,False
102100010,0,0,1024,2800,False
103000010,0,0,1024,2800,False
103000052,0,0,1024,2800,False
103200033,0,0,1024,2796,False
103200071,84010,0,1024,2774,True
103300035,0,0,1024,2800,False
103400058,0,0,1024,2800,False
103500046,0,28005,1024,2800,True
103700021,0,0,1024,2800,False
103900004,0,0,1024,2800,False
103900049,0,0,1024,2800,False
104600006,50971,0,1024,2800,True
104600056,0,0,1024,2800,False
104700031,0,0,1024,2800,False
104700079,0,0,1024,2800,False
104800026,0,0,1024,2800,False
104900036,0,0,1024,2800,False
104900075,0,0,1024,2800,False
105100038,0,0,1024,2800,False
105100079,0,0,1024,2800,False
105200049,0,0,1024,2800,False
105300030,0,0,1024,2800,False
105300071,0,0,1024,2800,False
105400082,0,0,1024,2800,False
105600035,0,53586,1024,2800,True
105600074,0,0,1024,2800,False
105900022,0,0,1024,2800,False
105900060,9391,0,1024,2800,True
106000050,0,0,1024,2800,False
106100037,0,0,1024,2800,False
106100078,0,0,1024,2800,False
106200044,0,0,1024,2800,False
106300008,0,0,1024,2800,False
106300045,0,0,1024,2800,False
106500030,0,0,1024,2800,False
106600001,0,0,1024,2800,False
106600040,0,0,1024,2800,False
106600078,0,0,1024,2800,False
106900005,0,0,1024,2800,False
106900043,0,0,1024,2800,False
106900080,0,131075,1024,2800,True
107900036,0,0,1024,2800,False
107900077,0,42450,1024,2800,True
108400063,25670,0,1024,2800,True
108600044,0,0,1024,2800,False
108900020,0,0,1024,2800,False
108900057,0,0,1024,2800,False
109200007,0,0,1024,2800,False
109200056,0,0,1024,2800,False
109300026,0,0,1024,2800,False
109600009,0,0,1024,2800,False
109600052,0,0,1024,2800,False
109700028,9155,0,1024,2800,True
109700072,0,0,1024,2800,False
109800019,0,8,1024,2800,True
109800058,0,0,1024,2800,False
110100023,0,0,1024,2800,False
110100060,0,0,1024,2800,False
110400017,0,93322,1024,2800,True
110400066,8300,0,1024,2800,True
110500073,0,0,1024,2800,False
110700021,0,0,1024,2800,False
110900000,0,0,1024,2800,False
110900037,0,0,1024,2800,False
110900078,13557,0,1024,2800,True
111000049,0,0,1024,2800,False
111200047,0,0,1024,2800,False
111400009,0,0,1024,2800,False
111400060,0,0,1024,2800,False
111500007,0,42285,1024,2800,True
111500066,0,0,1024,2800,False
111700080,0,0,1024,2800,False
111900022,0,0,1024,2800,False
111900062,0,0,1024,2800,False
112000027,0,0,1024,2800,False
112500010,0,0,1024,2800,False
112500057,0,0,1024,2800,False
112600016,0,0,1024,2800,False
112600070,18619,0,1024,2800,True
112800024,0,54748,1024,2800,True
112800061,0,0,1024,2800,False
113100018,0,87139,1024,2800,True
113300010,0,0,1024,2800,False
113300048,0,0,1024,2800,False
113400020,0,0,1024,2800,False
113400068,0,0,1024,2800,False
113500029,0,0,1024,2800,False
113700029,0,0,1024,2800,False
113700067,0,0,1024,2800,False
114500014,0,0,1024,2800,False
114600032,0,0,1024,2800,False
114600070,0,0,1024,2800,False
114700053,0,0,1024,2800,False
114900032,0,0,1024,2800,False
115100034,0,0,1024,2800,False
115300000,0,0,1024,2800,False
115300069,0,0,1024,2800,False
115500058,0,0,1024,2800,False
115600035,0,39746,1024,2800,True
115600075,0,0,1024,2762,False
116100016,0,0,1024,2800,False
116100053,0,0,1024,2800,False
116400014,0,0,1024,2800,False
116500072,0,0,1024,2800,False
116900025,0,0,1024,2800,False
116900063,0,0,1024,2800,False
117700043,0,47411,1024,2800,True
117900008,0,0,1024,2800,False
117900054,0,12852,1024,2800,True
118300003,0,0,1024,2800,False
118300041,0,0,1024,2800,False
118300080,0,0,1024,2800,False
118500027,0,55592,1024,2800,True
118600057,0,0,1024,2800,False
118800015,0,0,1024,2800,False
118800054,0,0,1024,2800,False
118900030,0,0,1024,2800,False
119100002,0,0,1024,2800,False
119100040,0,0,1024,2800,False
119100079,0,22938,1024,2800,True
119400009,0,0,1024,2800,False
119400046,0,30369,1024,2800,True
119400084,0,0,1024,2800,False
119700081,0,0,1024,2800,False
120000037,0,0,1024,2793,False
120000074,4472,116245,1024,2800,True
120200037,0,117886,1024,2800,True
120200079,0,0,1024,2800,False
120300068,0,0,1024,2800,False
121200015,0,0,1024,2800,False
121200067,0,0,1024,2800,False
121400028,0,0,1024,2800,False
121500011,0,22429,1024,2800,True
121500049,0,0,1024,2800,False
121600049,0,0,1024,2800,False
121800006,0,0,1024,2800,False
121800044,0,139840,1024,2800,True
121800081,0,0,1024,2800,False
121900071,0,42807,1024,2800,True
122300053,0,0,1024,2800,False
122400005,0,0,1024,2800,False
122400054,0,0,1024,2800,False
122500019,0,0,1024,2800,False
122500059,0,0,1024,2800,False
122600053,0,0,1024,2800,False
122700005,0,0,1024,2800,False
122700059,0,0,1024,2800,False
122900025,0,0,1024,2800,False
122900078,0,0,1024,2800,False
123300019,0,0,1024,2800,False
123300062,0,0,1024,2800,False
123600036,19414,0,1024,2800,True
123700013,0,0,1024,2800,False
123700051,0,180106,1024,2800,True
123800005,0,67599,1024,2800,True
123800043,0,0,1024,2800,False
123800081,0,0,1024,2800,False
124000038,0,9479,1024,2800,True
124200011,0,0,1024,2800,False
124200064,0,0,1024,2800,False
124400017,0,0,1024,2800,False
124400067,0,0,1024,2800,False
124500042,0,0,1024,2800,False
124600032,0,0,1024,2800,False
124700002,8198,70396,1024,2800,True
124700042,0,0,1024,2800,False
124700080,0,0,1024,2800,False
124800033,0,42606,1024,2800,True
124800072,0,0,1024,2800,False
125100032,0,0,1024,2800,False
125100074,0,0,1024,2800,False
125200046,0,0,1024,2800,False
125400016,0,0,1024,2800,False
125400057,0,0,1024,2800,False
125600010,0,0,1024,2800,False
125600047,0,0,1024,2800,False
125700009,11458,0,1024,2800,True
125700051,0,0,1024,2800,False
125800005,0,0,1024,2800,False
125800059,0,0,1024,2800,False
126500008,0,0,1024,2800,False
126600049,0,0,1024,2800,False
126800012,0,0,1024,2800,False
126800050,0,0,1024,2800,False
127000002,0,0,1024,2800,False
127000052,0,0,1024,2800,False
127200015,0,0,1024,2800,False
127300002,0,0,1024,2800,False
127300043,0,0,1024,2800,False
127400003,0,0,1024,2800,False
127600027,0,0,1024,2800,False
127600068,0,0,1024,2800,False
127900083,35910,0,1024,2800,True
128200041,0,0,1024,2800,False
128200079,0,0,1024,2800,False
128300027,0,57747,1024,2800,True
128300073,0,0,1024,2800,False
128500035,0,0,1024,2800,False
128700048,0,45896,1024,2800,True
128800005,0,0,1024,2800,False
129100026,0,55192,1024,2800,True
129100070,0,0,1024,2800,False
129300017,0,0,1024,2800,False
129300062,0,0,1024,2800,False
129400025,0,0,1024,2800,False
129400069,0,0,1024,2800,False
129500016,0,0,1024,2800,False
129500056,0,0,1024,2800,False
129700048,0,0,1024,2800,False
129800001,0,0,1024,2800,False
129800042,33415,0,1024,2800,True
129900001,0,0,1024,2800,False
129900050,0,0,1024,2800,False
130300020,0,0,1024,2800,False
130300059,0,0,1024,2800,False
130400058,0,0,1024,2800,False
130500035,0,0,1024,2800,False
130500074,0,0,1024,2800,False
130800014,0,0,1024,2800,False
130800052,0,31539,1024,2800,True
131000024,0,0,1024,2800,False
131000066,0,0,1024,2800,False
131600002,11273,0,1024,2800,True
131600043,0,0,1024,2800,False
131900003,0,0,1024,2800,False
131900048,0,0,1024,2800,False
132300000,0,0,1024,2800,False
132500002,0,0,1024,2800,False
132500046,0,0,1024,2800,False
133200006,0,0,1024,2800,False
133200043,0,0,1024,2800,False
133200081,0,0,1024,2800,False
133500052,0,0,1024,2800,False
133600060,0,0,1024,2800,False
133700018,0,0,1024,2800,False
133700059,0,28854,1024,2800,True
134000025,0,0,1024,2800,False
134100000,0,0,1024,2800,False
134200034,0,0,1024,2800,False
134200078,18617,0,1024,2800,True
134600019,0,0,1024,2800,False
134600065,0,0,1024,2800,False
134700027,0,0,1024,2800,False
134700071,0,0,1024,2800,False
134900076,23995,0,1024,2800,True
135400065,0,0,1024,2800,False
135500017,0,43844,1024,2800,True
135500054,0,0,1024,2800,False
135700018,0,0,1024,2800,False
135700056,0,0,1024,2800,False
135800044,0,0,1024,2800,False
135900050,0,0,1024,2800,False
136200002,0,0,1024,2800,False
136200039,11327,0,1024,2800,True
136200083,0,0,1024,2800,False
136500047,0,0,1024,2800,False
136700058,0,0,1024,2800,False
136900013,0,0,1024,2800,False
137000081,0,0,1024,2800,False
137100028,0,0,1024,2800,False
137100081,0,0,1024,2800,False
137400032,0,0,1024,2800,False
137600000,0,0,1024,2800,False
137600055,0,46545,1024,2800,True
137900022,0,12374,1024,2800,True
137900074,0,0,1024,2800,False
138000021,0,0,1024,2800,False
138000062,0,0,1024,2800,False
138200025,0,0,1024,2800,False
138200075,24670,0,1024,2800,True
138400023,28637,0,1024,2800,True
138400065,0,0,1024,2800,False
138500012,0,0,1024,2800,False
138500061,0,0,1024,2800,False
138700027,0,0,1024,2800,False
138700065,0,0,1024,2800,False
138900015,0,0,1024,2800,False
138900054,0,0,1024,2800,False
139100027,0,0,1024,2800,False
139100065,0,0,1024,2800,False
139200017,0,0,1024,2800,False
139200073,0,0,1024,2800,False
140200015,0,0,1024,2800,False
140200053,33940,0,1024,2800,True
140300044,0,0,1024,2800,False
140500009,0,0,1024,2800,False
140500051,0,0,1024,2800,False
140700045,0,0,1024,2800,False
140800001,5450,63320,1024,2800,True
140800049,26335,0,1024,2800,True
140900014,0,0,1024,2800,False
140900063,0,0,1024,2781,False
141000053,0,0,1024,2800,False
141100032,0,0,1024,2800,False
141100073,0,0,1024,2800,False
141200040,0,0,1024,2800,False
141400012,5285,50086,1024,2800,True
141400065,20466,0,1024,2800,True
141500015,0,0,1024,2800,False
142100045,0,0,1024,2800,False
142200015,0,0,1024,2800,False
142200057,0,0,1024,2800,False
142500022,0,0,1024,2800,False
142800008,0,0,1024,2800,False
142800051,25594,0,1024,2800,True
143400001,0,0,1024,2800,False
143400040,0,0,1024,2800,False
143400080,0,0,1024,2800,False
143600032,0,0,1024,2800,False
143600070,0,0,1024,2800,False
143900017,0,0,1024,2800,False
143900056,0,0,1024,2800,False
144000047,0,0,1024,2800,False
144100002,0,0,1024,2800,False
144100046,0,0,1024,2800,False
144200003,0,0,1024,2800,False
144200056,0,0,1024,2793,False
144500012,0,0,1024,2800,False
144500052,0,62464,1024,2800,True
144800062,0,95690,1024,2800,True
144900014,0,0,1024,2800,False
144900052,0,0,1024,2800,False
145000037,0,0,1024,2800,False
145000076,0,0,1024,2800,False
145100027,0,0,1024,2800,False
145100067,0,0,1024,2800,False
145200032,0,0,1024,2800,False
145200070,0,0,1024,2800,False
145300038,0,0,1024,2800,False
146300048,0,0,1024,2800,False
147200012,0,0,1024,2800,False
147200057,0,0,1024,2800,False
147300007,0,0,1024,2800,False
147900012,0,0,1024,2800,False
148000033,0,0,1024,2800,False
148000082,0,0,1024,2800,False
148300015,10063,0,1024,2800,True
148300068,0,0,1024,2800,False
148400028,35126,0,1024,2800,True
148500001,0,0,1024,2800,False
148500044,51404,0,1024,2800,True
148600033,0,0,1024,2800,False
148800006,0,0,1024,2800,False
148800043,0,0,1024,2800,False
148800081,0,0,1024,2800,False
148900043,0,0,1024,2800,False
149000015,0,0,1024,2800,False
149000055,0,0,1024,2800,False
149200024,0,0,1024,2800,False
149200061,0,44978,1024,2800,True
149400008,0,0,1024,2800,False
149400051,0,0,1024,2800,False
149500004,0,0,1024,2800,False
149500047,0,0,1024,2800,False
149600014,0,0,1024,2800,False
149600052,0,0,1024,2800,False
149700004,0,0,1024,2800,False
149800002,0,0,1024,2800,False
149800050,0,0,1024,2800,False
149900045,36579,0,1024,2800,True
150000022,0,71622,1024,2800,True
150000060,0,0,1024,2800,False
150100014,0,0,1024,2800,False
150100053,0,0,1024,2800,False
150200075,0,0,1024,2800,False
150400023,0,0,1024,2800,False
150400061,0,66824,1024,2800,True
150600021,0,0,1024,2800,False
150600072,0,0,1024,2800,False
150700033,0,0,1024,2800,False
150700079,0,0,1024,2800,False
150800036,0,108616,1024,2800,True
150800078,0,0,1024,2800,False
150900033,0,0,1024,2800,False
150900077,0,0,1024,2800,False
151000027,0,0,1024,2800,False
151000070,11390,0,1024,2800,True
151700068,0,0,1024,2800,False
151800030,0,0,1024,2800,False
151800071,0,0,1024,2800,False
151900018,0,0,1024,2800,False
151900060,0,101259,1024,2800,True
152000026,0,0,1024,2800,False
152000077,0,0,1024,2800,False
152100050,0,0,1024,2800,False
152300014,0,82789,1024,2800,True
152300057,0,0,1024,2800,False
152400018,0,0,1024,2800,False
152400080,0,0,1024,2800,False
152600058,0,0,1024,2800,False
152700023,0,0,1024,2800,False
152700067,0,65707,1024,2800,True
152800014,0,0,1024,2800,False
152800066,34836,0,1024,2800,True
152900032,25004,0,1024,2800,True
152900081,0,0,1024,2800,False
153000037,0,0,1024,2800,False
153000083,0,0,1024,2800,False
153100044,0,0,1024,2800,False
153200017,0,0,1024,2800,False
153200057,0,0,1024,2800,False
153300022,15278,73344,1024,2800,True
153300063,0,0,1024,2800,False
153500010,0,0,1024,2800,False
153500050,0,0,1024,2800,False
153600015,0,0,1024,2800,False
153600059,0,0,1024,2800,False
153700023,0,0,1024,2800,False
153700076,0,0,1024,2800,False
153800023,0,0,1024,2800,False
153800060,0,57638,1024,2800,True
154000025,0,44482,1024,2800,True
154000069,0,0,1024,2800,False
154500073,0,0,1024,2800,False
154700039,30799,0,1024,2800,True
155000016,0,0,1024,2800,False
155000058,0,0,1024,2800,False
155100013,0,0,1024,2800,False
155100052,0,0,1024,2800,False
155200007,0,0,1024,2800,False
155200069,0,0,1024,2771,False
155400034,0,0,1024,2800,False
156300018,0,0,1024,2800,False
156300056,0,0,1024,2800,False
156400054,0,0,1024,2800,False
156500010,0,0,1024,2800,False
156600017,0,0,1024,2800,False
156600080,0,0,1024,2800,False
156700048,0,0,1024,2800,False
157200024,0,0,1024,2800,False
157200070,0,0,1024,2800,False
157400017,0,0,1024,2800,False
157500037,0,0,1024,2800,False
157500076,0,0,1024,2800,False
157600038,0,0,1024,2800,False
157600084,0,0,1024,2800,False
158000008,0,0,1024,2800,False
158000051,0,0,1024,2800,False
158100004,0,0,1024,2800,False
158100056,0,0,1024,2800,False
158300012,0,66124,1024,2800,True
158300050,0,0,1024,2800,False
158500018,0,0,1024,2800,False
158500063,0,0,1024,2800,False
158600010,0,0,1024,2800,False
158600048,0,0,1024,2800,False
158700051,0,0,1024,2800,False
158800058,0,0,1024,2800,False
158900006,22460,65105,1024,2800,True
158900051,0,0,1024,2800,False
159000043,0,0,1024,2800,False
159300065,0,0,1024,2800,False
160000036,3802,0,1024,2800,True
160000082,0,0,1024,2800,False
160200042,0,0,1024,2800,False
160200083,0,0,1024,2800,False
160300043,0,0,1024,2800,False
160300081,0,0,1024,2751,False
160600024,6768,0,1024,2800,True
160600065,0,0,1024,2800,False
160800023,0,0,1024,2800,False
160800063,0,0,1024,2800,False
160900049,0,0,1024,2800,False
161200014,0,0,1024,2800,False
161200051,0,134632,1024,2800,True
161300005,0,0,1024,2800,False
161300042,0,0,1024,2800,False
161300081,0,0,1024,2800,False
161500035,0,0,1024,2800,False
161500073,0,0,1024,2800,False
161600025,0,0,1024,2800,False
161600080,0,0,1024,2800,False
161700032,0,0,1024,2800,False
161700073,0,0,1024,2800,False
161800029,0,0,1024,2800,False
161800069,0,0,1024,2800,False
161900016,0,0,1024,2800,False
161900074,0,0,1024,2800,False
162100021,0,0,1024,2800,False
162100062,0,0,1024,2800,False
162400072,0,0,1024,2800,False
162500032,0,0,1024,2800,False
162600011,0,0,1024,2800,False
162600056,0,0,1024,2800,False
162700004,0,0,1024,2800,False
162700050,0,0,1024,2800,False
162800013,0,0,1024,2800,False
162800061,0,0,1024,2800,False
162900018,0,0,1024,2800,False
162900056,0,0,1024,2800,False
163000060,0,0,1024,2800,False
163100039,0,0,1024,2800,False
163200022,0,0,1024,2800,False
163300006,0,0,1024,2800,False
163300051,0,0,1024,2800,False
163700038,0,0,1024,2800,False
163700079,0,0,1024,2800,False
163800041,0,0,1024,2800,False
163800083,0,0,1024,2800,False
163900074,0,0,1024,2800,False
164000042,0,0,1024,2800,False
164000081,0,0,1024,2800,False
164300028,0,0,1024,2800,False
164500026,0,0,1024,2800,False
164500077,0,0,1024,2800,False
164600031,0,0,1024,2800,False
164600075,0,0,1024,2800,False
165200041,0,0,1024,2800,False
165300010,0,0,1024,2800,False
165300049,0,0,1024,2800,False
165400013,0,0,1024,2800,False
165400053,0,0,1024,2800,False
165500003,0,0,1024,2800,False
165500048,0,0,1024,2800,False
165600006,0,0,1024,2800,False
165600052,34760,25463,1024,2800,True
165700004,0,69825,1024,2800,True
165700049,0,0,1024,2800,False
165800012,0,0,1024,2800,False
165800073,0,0,1024,2800,False
165900037,0,0,1024,2800,False
165900079,0,0,1024,2800,False
166100047,0,0,1024,2800,False
166300006,0,40087,1024,2800,True
166300049,0,0,1024,2800,False
166400013,0,0,1024,2800,False
166400057,0,0,1024,2800,False
166600006,0,0,1024,2800,False
166600044,0,0,1024,2800,False
166700000,0,0,1024,2800,False
166700051,0,0,1024,2800,False
166800073,0,36154,1024,2800,True
166900031,0,0,1024,2800,False
167000048,0,0,1024,2800,False
167100001,0,0,1024,2800,False
167100040,0,0,1024,2800,False
167100083,0,0,1024,2800,False
167200035,0,0,1024,2800,False
167200082,0,40401,1024,2800,True
167300031,0,0,1024,2800,False
167300077,0,36392,1024,2800,True
167600051,0,0,1024,2800,False
167700020,0,0,1024,2800,False
167700067,0,0,1024,2800,False
167800014,0,0,1024,2800,False
167900051,0,0,1024,2800,False
168000059,0,112925,1024,2800,True
168100016,0,0,1024,2800,False
168100057,0,0,1024,2800,False
168200037,0,0,1024,2800,False
168200076,0,0,1024,2800,False
168300034,0,99236,1024,2800,True
168300074,8038,0,1024,2800,True
168400030,0,0,1024,2800,False
168400069,0,0,1024,2800,False
169300023,0,0,1024,2800,False
169300061,0,0,1024,2800,False
169500063,0,0,1024,2800,False
169600056,0,0,1024,2800,False
169800003,0,0,1024,2800,False
169800042,0,0,1024,2800,False
169800083,0,0,1024,2800,False
170400036,0,0,1024,2800,False
170400073,0,0,1024,2800,False
170700027,0,0,1024,2800,False
170700075,0,0,1024,2800,False
170800033,0,0,1024,2800,False
170800070,0,0,1024,2800,False
170900017,0,0,1024,2800,False
170900057,0,94209,1024,2800,True
171000018,0,0,1024,2800,False
171000071,0,0,1024,2800,False
171100024,0,0,1024,2800,False
171100062,0,0,1024,2800,False
171200009,0,0,1024,2800,False
171200054,0,0,1024,2800,False
171300018,0,0,1024,2800,False
171300069,0,0,1024,2800,False
171400032,0,32374,1024,2800,True
171500017,0,0,1024,2800,False
171500057,0,0,1024,2800,False
171600014,0,0,1024,2800,False
171600059,0,0,1024,2800,False
171700025,0,0,1024,2800,False
171800048,0,47113,1024,2800,True
171900003,34781,0,1024,2800,True
171900042,0,0,1024,2800,False
172100012,0,0,1024,2800,False
172100055,0,0,1024,2800,False
172200026,0,0,1024,2800,False
172200067,0,0,1024,2800,False
172300024,0,0,1024,2800,False
172300061,0,0,1024,2800,False
172400021,0,0,1024,2800,False
172400062,0,0,1024,2800,False
175200017,0,0,1024,2800,False
175200056,0,0,1024,2800,False
175300022,0,64019,1024,2800,True
175300060,0,0,1024,2800,False
175400007,0,0,1024,2800,False
175400059,0,38144,1024,2800,True
175500018,0,0,1024,2800,False
175500066,0,0,1024,2800,False
175600037,0,0,1024,2800,False
175900033,0,0,1024,2800,False
175900076,0,0,1024,2800,False
176000030,0,0,1024,2800,False
176000070,0,0,1024,2800,False
99100020,0,0,1024,2800,False
99100057,0,0,1024,2800,False
99300013,0,0,1024,2800,False
99300072,0,0,1024,2800,False
99900039,0,0,1024,2800,False
100000022,0,0,1024,2800,False
100000061,0,0,1024,2799,False
100100022,41772,0,1024,2800,True
100100066,0,0,1024,2800,False
100200015,0,0,1024,2800,False
100400037,0,16,1024,2800,True
100400078,0,0,1024,2800,False
100500035,0,0,1024,2800,False
100700007,0,130692,1024,2800,True
100700045,0,0,1024,2800,False
101100006,0,0,1024,2800,False
101100046,0,0,1024,2800,False
101100084,0,0,1024,2800,False
101500040,0,0,1024,2800,False
101500080,0,0,1024,2800,False
101600027,0,1,1024,2800,True
101700000,0,0,1024,2800,False
101700061,0,0,1024,2800,False
101800009,0,0,1024,2800,False
101900053,0,0,1024,2800,False
102100011,0,0,1024,2800,False
103000011,0,0,1024,2800,False
103000053,0,0,1024,2781,False
103200040,0,0,1024,2800,False
103200078,0,0,1024,2800,False
103300036,0,0,1024,2800,False
103400059,0,0,1024,2800,False
103500047,0,0,1024,2800,False
103700022,10277,84579,1024,2800,True
103900005,0,0,1024,2800,False
103900050,0,0,1024,2800,False
104600007,27898,0,1024,2800,True
104600057,23584,0,1024,2800,True
104700032,0,0,1024,2800,False
104700080,0,0,1024,2800,False
104800027,0,0,1024,2800,False
104900037,0,0,1024,2800,False
105100000,0,0,1024,2800,False
105100039,0,0,1024,2800,False
105100080,0,0,1024,2800,False
105200050,0,0,1024,2800,False
105300031,0,0,1024,2800,False
105300072,0,0,1024,2800,False
105400083,0,0,1024,2800,False
105600036,0,0,1024,2800,False
105600075,0,0,1024,2800,False
105900023,7421,41734,1024,2800,True
105900080,0,0,1024,2800,False
106000051,0,0,1024,2800,False
106100038,0,0,1024,2800,False
106100079,0,0,1024,2800,False
106200045,0,0,1024,2800,False
106300009,0,0,1024,2800,False
106300046,0,0,1024,2800,False
106500031,0,0,1024,2800,False
106600002,0,0,1024,2800,False
106600041,0,0,1024,2800,False
106600079,0,0,1024,2800,False
106900006,0,44666,1024,2800,True
106900044,0,0,1024,2800,False
106900081,0,0,1024,2800,False
107900037,0,0,1024,2800,False
107900078,0,0,1024,2800,False
108400064,9644,0,1024,2800,True
108600045,0,0,1024,2800,False
108900021,0,0,1024,2800,False
108900058,0,0,1024,2800,False
109200008,0,0,1024,2800,False
109200057,0,0,1024,2800,False
109300027,0,0,1024,2800,False
109600010,0,15262,1024,2800,True
109600053,0,0,1024,2800,False
109700029,0,0,1024,2800,False
109700073,0,0,1024,2800,False
109800020,0,0,1024,2800,False
109800059,0,198659,1024,2800,True
110100024,0,0,1024,2800,False
110100061,0,0,1024,2800,False
110400018,0,0,1024,2800,False
110400067,0,0,1024,2800,False
110500074,0,43503,1024,2800,True
110700022,0,0,1024,2800,False
110900001,0,26176,1024,2800,True
110900038,0,0,1024,2800,False
110900079,0,0,1024,2800,False
111000050,0,0,1024,2800,False
111200048,0,76870,1024,2800,True
111400010,0,0,1024,2800,False
111400061,0,0,1024,2800,False
111500008,0,0,1024,2800,False
111500067,0,0,1024,2800,False
111700081,0,0,1024,2800,False
111900023,0,0,1024,2800,False
111900063,0,0,1024,2800,False
112000028,0,0,1024,2800,False
112500011,0,0,1024,2800,False
112500058,0,0,1024,2800,False
112600017,0,0,1024,2800,False
112600071,0,0,1024,2800,False
112800025,0,0,1024,2800,False
112800062,0,0,1024,2800,False
113100019,0,0,1024,2800,False
113300011,0,0,1024,2800,False
113300049,0,0,1024,2800,False
113400021,0,0,1024,2800,False
113400069,0,39755,1024,2800,True
113500030,0,0,1024,2800,False
113700030,0,0,1024,2800,False
113700068,0,0,1024,2800,False
114500015,0,0,1024,2800,False
114600033,0,0,1024,2800,False
114600071,0,71274,1024,2800,True
114700054,0,0,1024,2800,False
114900033,0,0,1024,2800,False
115100035,0,0,1024,2800,False
115300001,0,0,1024,2800,False
115300070,0,0,1024,2800,False
115500059,0,0,1024,2800,False
115600036,3781,0,1024,2800,True
116000000,0,0,1024,2800,False
116100017,0,0,1024,2800,False
116100054,0,0,1024,2800,False
116400015,0,0,1024,2800,False
116500073,0,0,1024,2800,False
116900026,0,0,1024,2800,False
116900064,0,50260,1024,2800,True
117700044,0,0,1024,2800,False
117900009,0,0,1024,2800,False
117900055,0,59479,1024,2800,True
118300004,0,0,1024,2800,False
118300042,0,0,1024,2800,False
118300081,0,0,1024,2800,False
118500028,0,0,1024,2800,False
118600058,0,41945,1024,2800,True
118800016,0,0,1024,2800,False
118800055,0,0,1024,2800,False
118900031,0,0,1024,2800,False
119100003,0,0,1024,2800,False
119100041,0,0,1024,2800,False
119100080,0,0,1024,2800,False
119400010,0,0,1024,2800,False
119400047,0,0,1024,2800,False
119700024,0,0,1024,2800,False
119700082,0,23618,1024,2800,True
120000038,0,0,1024,2782,False
120000075,6178,0,1024,2783,True
120200038,0,0,1024,2800,False
120200080,0,10942,1024,2800,True
120300069,0,0,1024,2800,False
121200016,0,0,1024,2800,False
121200068,0,86823,1024,2800,True
121400029,0,0,1024,2800,False
121500012,0,0,1024,2800,False
121500050,0,31435,1024,2800,True
121600050,0,0,1024,2800,False
121800007,0,0,1024,2800,False
121800045,0,0,1024,2800,False
121800082,0,28488,1024,2800,True
122300000,0,0,1024,2714,False
122300054,0,0,1024,2800,False
122400006,0,0,1024,2800,False
122400055,0,0,1024,2800,False
122500020,0,0,1024,2800,False
122500060,0,0,1024,2800,False
122600054,0,0,1024,2800,False
122700006,0,0,1024,2800,False
122700060,0,0,1024,2800,False
122900026,0,0,1024,2800,False
122900079,37796,0,1024,2800,True
123300020,0,0,1024,2800,False
123300063,0,0,1024,2800,False
123600037,0,0,1024,2800,False
123700014,0,0,1024,2800,False
123700052,0,0,1024,2800,False
123800006,0,0,1024,2800,False
123800044,0,0,1024,2800,False
123800082,0,0,1024,2800,False
124000039,0,0,1024,2800,False
124200012,0,0,1024,2800,False
124200065,0,0,1024,2800,False
124400018,0,0,1024,2800,False
124400068,0,0,1024,2800,False
124500043,0,94993,1024,2800,True
124600033,0,0,1024,2800,False
124700003,0,0,1024,2800,False
124700043,0,0,1024,2800,False
124700081,0,0,1024,2800,False
124800034,0,0,1024,2800,False
124800073,0,30724,1024,2800,True
125100033,0,0,1024,2800,False
125100075,0,0,1024,2800,False
125200047,0,82942,1024,2800,True
125400017,0,0,1024,2800,False
125400058,0,0,1024,2800,False
125600011,0,0,1024,2800,False
125600048,0,0,1024,2800,False
125700010,35471,0,1024,2800,True
125700052,0,0,1024,2800,False
125800006,0,0,1024,2800,False
125800060,0,0,1024,2800,False
126500009,0,0,1024,2800,False
126600050,0,0,1024,2800,False
126800013,0,0,1024,2800,False
126800051,0,0,1024,2800,False
127000003,0,0,1024,2800,False
127000053,0,47497,1024,2800,True
127200016,0,0,1024,2800,False
127300003,0,49048,1024,2800,True
127300044,0,0,1024,2800,False
127400004,0,0,1024,2800,False
127600028,0,124870,1024,2800,True
127600069,0,0,1024,2800,False
127900084,16695,0,1024,2800,True
128200042,0,0,1024,2800,False
128200080,0,0,1024,2800,False
128300028,0,0,1024,2800,False
128300074,0,0,1024,2800,False
128500036,0,0,1024,2800,False
128700049,0,0,1024,2800,False
128800006,0,0,1024,2800,False
129100027,0,0,1024,2800,False
129100071,0,0,1024,2800,False
129300018,0,0,1024,2800,False
129300063,0,0,1024,2800,False
129400026,0,0,1024,2800,False
129400070,0,0,1024,2800,False
129500017,0,0,1024,2800,False
129500057,0,0,1024,2800,False
129700049,0,0,1024,2800,False
129800002,0,133127,1024,2800,True
129800043,16656,0,1024,2800,True
129900002,0,0,1024,2800,False
129900051,0,0,1024,2800,False
130300021,0,0,1024,2800,False
130300060,0,0,1024,2800,False
130400059,0,0,1024,2800,False
130500036,0,0,1024,2800,False
130500075,0,0,1024,2800,False
130800015,0,0,1024,2800,False
130800053,0,0,1024,2800,False
131000025,0,0,1024,2800,False
131000067,0,0,1024,2800,False
131600003,36581,0,1024,2800,True
131600044,0,57637,1024,2800,True
131900004,0,0,1024,2800,False
131900049,0,0,1024,2800,False
132300001,0,0,1024,2800,False
132500003,0,0,1024,2800,False
132500047,0,0,1024,2800,False
133200007,0,0,1024,2800,False
133200044,0,0,1024,2800,False
133200082,0,30083,1024,2800,True
133500053,0,0,1024,2800,False
133600061,0,0,1024,2800,False
133700019,0,0,1024,2800,False
133700060,0,0,1024,2800,False
134000026,0,0,1024,2800,False
134100001,0,0,1024,2800,False
134200035,2287,0,1024,2800,True
134200079,25851,0,1024,2800,True
134600020,0,0,1024,2800,False
134600066,0,0,1024,2800,False
134700028,0,45587,1024,2800,True
134700072,0,0,1024,2800,False
134900078,35785,0,1024,2800,True
135400066,0,0,1024,2800,False
135500018,0,0,1024,2800,False
135500055,0,0,1024,2800,False
135700019,0,0,1024,2800,False
135700057,0,0,1024,2800,False
135800045,0,57740,1024,2800,True
135900051,0,0,1024,2800,False
136200003,0,0,1024,2800,False
136200040,5794,0,1024,2800,True
136200084,0,85973,1024,2800,True
136500048,0,0,1024,2800,False
136700059,0,0,1024,2800,False
136900014,0,0,1024,2800,False
137000082,0,86670,1024,2800,True
137100043,0,0,1024,2800,False
137100082,0,155201,1024,2800,True
137400033,0,0,1024,2800,False
137600001,0,0,1024,2800,False
137600056,0,0,1024,2800,False
137900023,0,0,1024,2800,False
137900075,0,0,1024,2800,False
138000022,0,0,1024,2800,False
138000063,0,0,1024,2800,False
138200026,0,0,1024,2800,False
138200076,35680,0,1024,2800,True
138400024,26259,0,1024,2800,True
138400066,0,0,1024,2800,False
138500013,0,0,1024,2800,False
138500062,0,0,1024,2800,False
138700028,0,0,1024,2800,False
138700066,0,0,1024,2800,False
138900016,0,0,1024,2800,False
138900055,0,0,1024,2800,False
139100028,0,0,1024,2800,False
139100066,0,0,1024,2800,False
139200018,0,0,1024,2800,False
139200074,0,0,1024,2800,False
140200016,0,0,1024,2800,False
140200054,33969,0,1024,2800,True
140300045,0,68024,1024,2800,True
140500010,0,0,1024,2800,False
140500052,0,0,1024,2800,False
140700046,0,0,1024,2800,False
140800018,0,0,1024,2800,False
140800068,8453,0,1024,2800,True
140900032,21712,0,1024,2800,True
140900077,17838,0,1024,2800,True
141000054,0,0,1024,2800,False
141100033,0,0,1024,2800,False
141100074,0,0,1024,2800,False
141200041,0,0,1024,2800,False
141400013,0,0,1024,2800,False
141400066,26879,0,1024,2800,True
141500016,0,0,1024,2800,False
142100046,0,0,1024,2800,False
142200016,0,0,1024,2800,False
142200058,0,0,1024,2800,False
142500023,0,0,1024,2800,False
142800009,0,0,1024,2800,False
142800052,34736,0,1024,2800,True
143400002,0,0,1024,2800,False
143400041,0,0,1024,2800,False
143400081,0,0,1024,2800,False
143600033,10920,0,1024,2800,True
143600071,24517,0,1024,2800,True
143900018,0,0,1024,2800,False
143900057,0,0,1024,2800,False
144000048,0,0,1024,2800,False
144100003,14055,0,1024,2800,True
144100047,0,0,1024,2800,False
144200004,0,59481,1024,2800,True
144200057,9426,0,1024,2775,True
144500013,0,0,1024,2800,False
144500053,0,0,1024,2800,False
144800063,0,0,1024,2800,False
144900015,0,0,1024,2800,False
144900053,0,0,1024,2800,False
145000038,0,0,1024,2800,False
145000077,9560,0,1024,2800,True
145100028,0,0,1024,2800,False
145100068,0,0,1024,2800,False
145200033,0,0,1024,2800,False
145200071,0,0,1024,2800,False
145300039,0,0,1024,2800,False
146300049,0,0,1024,2800,False
147200013,0,0,1024,2800,False
147200058,0,0,1024,2800,False
147300008,0,132506,1024,2800,True
147900013,0,0,1024,2800,False
148000034,0,0,1024,2800,False
148000083,0,0,1024,2800,False
148300016,0,0,1024,2800,False
148300069,0,0,1024,2800,False
148400033,13620,0,1024,2800,True
148500002,0,0,1024,2800,False
148500045,49064,0,1024,2800,True
148600034,0,0,1024,2800,False
148800007,0,0,1024,2800,False
148800044,0,0,1024,2800,False
148800082,0,0,1024,2800,False
148900044,0,0,1024,2800,False
149000016,0,0,1024,2800,False
149000056,0,0,1024,2800,False
149200025,0,0,1024,2800,False
149200062,3645,0,1024,2800,True
149400009,0,0,1024,2800,False
149400052,0,0,1024,2800,False
149500005,0,0,1024,2800,False
149500048,0,0,1024,2800,False
149600015,0,0,1024,2800,False
149600053,0,0,1024,2800,False
149700005,0,57532,1024,2800,True
149800003,0,0,1024,2800,False
149800051,0,0,1024,2800,False
149900046,14671,0,1024,2800,True
150000023,0,0,1024,2800,False
150000061,0,0,1024,2800,False
150100015,0,0,1024,2800,False
150100054,0,0,1024,2800,False
150200076,0,33337,1024,2800,True
150400024,0,0,1024,2800,False
150400062,0,42390,1024,2800,True
150600022,0,0,1024,2800,False
150600073,0,0,1024,2800,False
150700034,9257,0,1024,2800,True
150700080,0,0,1024,2800,False
150800037,0,0,1024,2800,False
150800079,0,0,1024,2800,False
150900034,0,0,1024,2800,False
150900078,0,0,1024,2800,False
151000039,19929,0,1024,2800,True
151000081,0,0,1024,2800,False
151700069,0,0,1024,2800,False
151800031,0,0,1024,2800,False
151800072,0,0,1024,2800,False
151900019,0,0,1024,2800,False
151900061,0,0,1024,2800,False
152000027,0,0,1024,2800,False
152000078,0,0,1024,2800,False
152100051,0,0,1024,2800,False
152300015,0,0,1024,2800,False
152300058,0,0,1024,2800,False
152400019,0,0,1024,2800,False
152400081,0,0,1024,2800,False
152600059,0,0,1024,2800,False
152700024,0,0,1024,2800,False
152700068,0,61286,1024,2800,True
152800015,0,0,1024,2800,False
152800067,41123,0,1024,2800,True
152900033,11063,0,1024,2800,True
152900082,0,0,1024,2800,False
153000038,0,0,1024,2800,False
153000084,0,0,1024,2800,False
153100045,0,0,1024,2800,False
153200018,0,0,1024,2800,False
153200058,0,0,1024,2800,False
153300023,0,50756,1024,2800,True
153300064,0,0,1024,2800,False
153500011,0,0,1024,2800,False
153500051,0,57143,1024,2800,True
153600016,0,0,1024,2800,False
153600060,0,0,1024,2800,False
153700024,0,0,1024,2800,False
153700077,0,0,1024,2800,False
153800024,0,0,1024,2800,False
153800061,0,0,1024,2800,False
154000026,0,31647,1024,2800,True
154000070,0,0,1024,2800,False
154500074,0,0,1024,2800,False
154700040,0,0,1024,2800,False
155000017,0,0,1024,2800,False
155000059,0,0,1024,2800,False
155100014,16742,0,1024,2800,True
155100053,0,75999,1024,2800,True
155200008,0,0,1024,2800,False
155300062,7938,0,1024,2800,True
155400035,0,0,1024,2800,False
156300019,0,206163,1024,2800,True
156300057,0,0,1024,2800,False
156400055,0,0,1024,2800,False
156500011,0,0,1024,2800,False
156600049,6027,0,1024,2800,True
156700000,0,0,1024,2800,False
156700049,0,0,1024,2800,False
157200025,0,0,1024,2800,False
157200071,11048,0,1024,2800,True
157400018,0,0,1024,2800,False
157500038,0,0,1024,2800,False
157500077,0,0,1024,2800,False
157600039,0,0,1024,2800,False
157700000,28568,0,1024,2800,True
158000009,0,0,1024,2800,False
158000052,0,0,1024,2800,False
158100005,0,0,1024,2800,False
158100057,0,0,1024,2800,False
158300013,0,0,1024,2800,False
158300051,0,0,1024,2800,False
158500019,0,0,1024,2800,False
158500064,0,0,1024,2800,False
158600011,0,0,1024,2800,False
158600049,0,0,1024,2800,False
158700052,0,0,1024,2800,False
158800059,0,0,1024,2800,False
158900007,35971,0,1024,2800,True
158900052,0,62717,1024,2800,True
159000044,0,0,1024,2800,False
159300066,0,0,1024,2800,False
160000037,11482,0,1024,2800,True
160000083,0,0,1024,2800,False
160200043,0,0,1024,2800,False
160200084,0,48870,1024,2800,True
160300044,0,0,1024,2800,False
160300082,0,0,1024,2728,False
160600025,0,0,1024,2800,False
160600066,0,0,1024,2800,False
160800024,0,0,1024,2800,False
160800064,0,0,1024,2800,False
160900050,0,0,1024,2800,False
161200015,0,0,1024,2800,False
161200052,0,0,1024,2800,False
161300006,0,0,1024,2800,False
161300043,0,0,1024,2800,False
161300082,0,0,1024,2800,False
161500036,0,0,1024,2800,False
161500074,0,104304,1024,2800,True
161600026,0,0,1024,2800,False
161600081,0,0,1024,2800,False
161700033,0,0,1024,2800,False
161700074,0,0,1024,2800,False
161800030,0,0,1024,2800,False
161800070,0,0,1024,2800,False
161900017,0,0,1024,2800,False
161900075,0,0,1024,2800,False
162100022,0,0,1024,2800,False
162100063,0,0,1024,2800,False
162400073,0,0,1024,2800,False
162500033,0,0,1024,2800,False
162600012,0,0,1024,2800,False
162600057,0,54190,1024,2800,True
162700005,0,0,1024,2800,False
162700051,0,0,1024,2800,False
162800021,0,0,1024,2800,False
162800062,0,0,1024,2800,False
162900019,0,0,1024,2800,False
162900057,0,0,1024,2800,False
163000061,0,0,1024,2800,False
163100040,0,0,1024,2800,False
163200023,0,0,1024,2800,False
163300007,0,0,1024,2800,False
163300052,0,0,1024,2800,False
163700039,0,0,1024,2800,False
163700080,0,0,1024,2800,False
163800042,0,0,1024,2800,False
163800084,0,0,1024,2800,False
163900075,0,0,1024,2800,False
164000043,0,0,1024,2800,False
164000082,0,0,1024,2800,False
164300029,0,45631,1024,2800,True
164500027,0,0,1024,2800,False
164500078,0,66229,1024,2800,True
164600032,0,0,1024,2800,False
164600076,0,0,1024,2800,False
165200042,0,0,1024,2800,False
165300011,0,0,1024,2800,False
165300050,0,0,1024,2800,False
165400014,0,0,1024,2800,False
165400054,0,0,1024,2800,False
165500004,0,0,1024,2800,False
165500049,0,0,1024,2800,False
165600007,0,0,1024,2800,False
165600053,0,0,1024,2800,False
165700005,0,0,1024,2800,False
165700050,0,0,1024,2800,False
165800013,0,0,1024,2800,False
165800074,0,0,1024,2800,False
165900038,0,0,1024,2800,False
165900080,0,0,1024,2800,False
166100048,0,0,1024,2800,False
166300007,0,0,1024,2800,False
166300050,0,129133,1024,2800,True
166400014,0,0,1024,2800,False
166400058,0,0,1024,2800,False
166600007,0,0,1024,2800,False
166600045,0,0,1024,2800,False
166700001,0,0,1024,2800,False
166700052,0,0,1024,2800,False
166800074,0,0,1024,2800,False
166900032,0,0,1024,2800,False
167000049,0,0,1024,2800,False
167100002,0,0,1024,2800,False
167100041,0,0,1024,2800,False
167100084,0,0,1024,2800,False
167200036,0,0,1024,2800,False
167200083,0,0,1024,2800,False
167300032,18135,0,1024,2800,True
167300078,0,0,1024,2800,False
167600052,0,0,1024,2800,False
167700021,0,0,1024,2800,False
167700068,0,0,1024,2800,False
167800015,0,0,1024,2800,False
167900052,0,0,1024,2800,False
168000060,0,0,1024,2800,False
168100017,0,0,1024,2800,False
168100058,0,0,1024,2794,False
168200038,0,0,1024,2800,False
168200077,0,0,1024,2800,False
168300035,0,0,1024,2800,False
168300075,0,0,1024,2800,False
168400031,0,0,1024,2800,False
168400070,0,0,1024,2800,False
169300024,0,0,1024,2800,False
169300062,0,0,1024,2800,False
169500064,0,0,1024,2800,False
169600057,0,0,1024,2800,False
169800004,0,0,1024,2800,False
169800043,0,0,1024,2800,False
169800084,0,0,1024,2800,False
170400037,0,0,1024,2800,False
170400074,0,0,1024,2800,False
170700029,0,87253,1024,2800,True
170700076,20086,0,1024,2800,True
170800034,0,0,1024,2800,False
170800071,0,0,1024,2800,False
170900018,0,0,1024,2800,False
170900058,0,0,1024,2800,False
171000019,0,41064,1024,2800,True
171000072,0,0,1024,2800,False
171100025,0,0,1024,2800,False
171100063,0,0,1024,2800,False
171200010,0,0,1024,2800,False
171200055,0,0,1024,2800,False
171300019,0,0,1024,2800,False
171300070,0,0,1024,2800,False
171400033,0,0,1024,2800,False
171500018,0,0,1024,2800,False
171500058,0,0,1024,2800,False
171600015,0,0,1024,2800,False
171600060,8516,0,1024,2800,True
171700026,0,0,1024,2800,False
171800049,0,0,1024,2800,False
171900004,33838,0,1024,2800,True
171900043,0,0,1024,2800,False
172100013,0,0,1024,2800,False
172100056,0,0,1024,2800,False
172200027,0,0,1024,2800,False
172200068,0,0,1024,2800,False
172300025,0,0,1024,2800,False
172300062,0,0,1024,2800,False
172400022,0,0,1024,2800,False
172400063,0,0,1024,2800,False
175200018,0,0,1024,2800,False
175200057,0,0,1024,2800,False
175300023,0,25378,1024,2800,True
175300061,0,0,1024,2800,False
175400008,0,0,1024,2800,False
175400060,0,0,1024,2800,False
175500019,0,0,1024,2800,False
175500067,0,0,1024,2800,False
175600038,0,0,1024,2800,False
175900034,0,0,1024,2800,False
175900077,0,0,1024,2800,False
176000031,0,0,1024,2800,False
176000071,0,0,1024,2800,False
99100021,0,0,1024,2800,False
99100058,0,0,1024,2800,False
99300014,0,0,1024,2800,False
99300073,0,0,1024,2800,False
99900040,0,0,1024,2800,False
100000023,0,0,1024,2800,False
100000062,0,0,1024,2780,False
100100023,0,0,1024,2800,False
100100067,0,0,1024,2800,False
100400000,0,0,1024,2800,False
100400038,0,0,1024,2800,False
100400079,0,0,1024,2800,False
100500036,0,0,1024,2800,False
100700008,0,0,1024,2800,False
100700046,0,0,1024,2800,False
101100007,0,0,1024,2800,False
101100047,0,0,1024,2800,False
101500000,0,0,1024,2800,False
101500041,0,0,1024,2800,False
101500081,0,0,1024,2800,False
101600028,0,0,1024,2800,False
101700001,0,0,1024,2800,False
101700062,0,0,1024,2800,False
101800010,0,0,1024,2800,False
101900054,0,0,1024,2800,False
102100012,0,0,1024,2800,False
103000012,4598,0,1024,2800,True
103000054,0,0,1024,2757,False
103200041,0,0,1024,2800,False
103200079,0,0,1024,2800,False
103300037,0,0,1024,2800,False
103400060,0,0,1024,2800,False
103500048,0,0,1024,2800,False
103700023,37095,0,1024,2800,True
103900006,0,0,1024,2800,False
103900051,0,0,1024,2800,False
104600008,22032,72767,1024,2800,True
104600058,34310,0,1024,2800,True
104700033,0,0,1024,2800,False
104700081,0,0,1024,2800,False
104800028,0,0,1024,2800,False
104900045,0,0,1024,2800,False
105100001,0,0,1024,2800,False
105100040,0,0,1024,2800,False
105100081,0,0,1024,2800,False
105200051,0,0,1024,2800,False
105300032,0,0,1024,2800,False
105300073,0,0,1024,2800,False
105400084,0,0,1024,2800,False
105600037,0,32425,1024,2800,True
105600076,0,0,1024,2800,False
105900030,12801,0,1024,2800,True
105900081,0,0,1024,2800,False
106000052,0,0,1024,2800,False
106100048,0,0,1024,2800,False
106200000,0,0,1024,2800,False
106200046,0,0,1024,2800,False
106300010,0,0,1024,2800,False
106300047,0,58192,1024,2800,True
106500032,0,0,1024,2800,False
106600003,0,0,1024,2800,False
106600042,0,36123,1024,2800,True
106600080,0,21842,1024,2800,True
106900007,0,0,1024,2800,False
106900045,0,0,1024,2800,False
106900082,0,0,1024,2800,False
107900038,0,0,1024,2800,False
107900079,0,0,1024,2800,False
108400065,0,0,1024,2800,False
108600046,0,0,1024,2800,False
108900022,0,0,1024,2800,False
108900059,19684,17,1024,2800,True
109200009,0,0,1024,2800,False
109200058,0,0,1024,2800,False
109300028,0,0,1024,2800,False
109600011,0,0,1024,2800,False
109600054,0,0,1024,2800,False
109700030,0,186286,1024,2800,True
109700074,0,0,1024,2800,False
109800021,0,0,1024,2800,False
109800060,0,0,1024,2800,False
110100025,0,0,1024,2800,False
110100062,0,0,1024,2800,False
110400019,0,0,1024,2800,False
110400068,0,0,1024,2800,False
110500075,0,0,1024,2800,False
110700030,0,0,1024,2800,False
110900002,0,0,1024,2800,False
110900039,0,0,1024,2800,False
110900080,31278,26051,1024,2800,True
111000051,0,0,1024,2800,False
111200049,0,0,1024,2800,False
111400011,0,0,1024,2800,False
111400062,0,0,1024,2800,False
111500009,0,0,1024,2800,False
111500068,19853,0,1024,2800,True
111700082,0,0,1024,2800,False
111900024,0,0,1024,2800,False
111900064,0,0,1024,2800,False
112000029,0,32717,1024,2800,True
112500012,0,49437,1024,2800,True
112500059,0,61123,1024,2800,True
112600018,0,0,1024,2800,False
112600072,0,0,1024,2800,False
112800026,0,0,1024,2800,False
112800063,0,0,1024,2800,False
113100020,0,0,1024,2800,False
113300012,0,0,1024,2800,False
113300050,0,0,1024,2800,False
113400022,0,0,1024,2800,False
113400070,0,0,1024,2800,False
113500031,0,0,1024,2800,False
113700031,0,0,1024,2800,False
113700069,0,0,1024,2800,False
114500016,15984,0,1024,2800,True
114600034,0,0,1024,2800,False
114600072,0,0,1024,2800,False
114700055,0,0,1024,2800,False
114900034,0,0,1024,2800,False
115100036,0,0,1024,2800,False
115300002,0,29317,1024,2800,True
115300071,0,0,1024,2800,False
115500060,0,0,1024,2800,False
115600045,0,0,1024,2800,False
116000001,0,94397,1024,2800,True
116100018,0,0,1024,2800,False
116100056,0,0,1024,2800,False
116400016,0,0,1024,2800,False
116500074,0,0,1024,2800,False
116900027,0,0,1024,2800,False
116900065,0,0,1024,2800,False
117700045,0,32144,1024,2800,True
117900010,0,0,1024,2800,False
117900056,0,0,1024,2800,False
118300005,0,0,1024,2800,False
118300043,0,0,1024,2800,False
118300082,0,0,1024,2800,False
118600002,7419,0,1024,2800,True
118600059,0,0,1024,2800,False
118800017,0,0,1024,2800,False
118800056,0,0,1024,2800,False
118900032,0,0,1024,2800,False
119100004,0,0,1024,2800,False
119100042,0,0,1024,2800,False
119100081,0,0,1024,2800,False
119400011,0,30098,1024,2800,True
119400048,0,0,1024,2800,False
119700025,0,0,1024,2800,False
119700083,0,23537,1024,2800,True
120000039,18058,0,1024,2760,True
120000076,22169,0,1024,2754,True
120200039,0,0,1024,2800,False
120200081,0,0,1024,2800,False
120300070,8526,0,1024,2800,True
121200017,0,0,1024,2800,False
121200069,0,0,1024,2800,False
121400030,26267,0,1024,2800,True
121500013,0,35471,1024,2800,True
121500051,0,0,1024,2800,False
121600051,0,0,1024,2800,False
121800008,0,10205,1024,2800,True
121800046,0,174651,1024,2800,True
121800083,0,0,1024,2800,False
122300013,0,0,1024,2800,False
122300055,0,0,1024,2800,False
122400007,0,0,1024,2800,False
122400056,0,0,1024,2800,False
122500021,0,0,1024,2800,False
122500061,0,0,1024,2800,False
122600055,0,0,1024,2800,False
122700007,16194,0,1024,2800,True
122700075,0,0,1024,2800,False
122900027,0,62041,1024,2800,True
122900080,49847,0,1024,2800,True
123300021,0,0,1024,2800,False
123300064,0,0,1024,2800,False
123600038,0,0,1024,2800,False
123700015,0,0,1024,2800,False
123700053,0,0,1024,2800,False
123800007,0,0,1024,2800,False
123800045,0,0,1024,2800,False
123800083,0,0,1024,2800,False
124000040,0,0,1024,2800,False
124200013,0,0,1024,2800,False
124200066,0,0,1024,2800,False
124400019,0,52799,1024,2800,True
124400069,0,0,1024,2800,False
124500044,0,0,1024,2800,False
124600034,0,0,1024,2800,False
124700004,0,0,1024,2800,False
124700044,0,0,1024,2800,False
124700082,0,0,1024,2800,False
124800035,0,0,1024,2800,False
124800074,0,37826,1024,2800,True
125100034,0,0,1024,2800,False
125100076,0,0,1024,2800,False
125200071,0,0,1024,2800,False
125400018,0,40459,1024,2800,True
125400059,0,0,1024,2800,False
125600012,0,0,1024,2800,False
125600049,0,0,1024,2800,False
125700011,30581,0,1024,2800,True
125700053,0,0,1024,2800,False
125800007,0,0,1024,2800,False
125800061,0,89052,1024,2800,True
126500010,0,0,1024,2800,False
126600051,0,51708,1024,2800,True
126800014,0,0,1024,2800,False
126800052,0,0,1024,2800,False
127000004,0,0,1024,2800,False
127000054,0,0,1024,2800,False
127200017,0,0,1024,2800,False
127300004,0,0,1024,2800,False
127300045,0,0,1024,2800,False
127400005,0,0,1024,2800,False
127600029,0,0,1024,2800,False
127600070,0,0,1024,2800,False
128200000,9680,0,1024,2800,True
128200043,0,0,1024,2800,False
128200081,0,0,1024,2800,False
128300029,0,0,1024,2800,False
128300075,0,0,1024,2800,False
128500037,0,0,1024,2800,False
128700050,0,0,1024,2800,False
128800007,0,0,1024,2800,False
129100028,0,0,1024,2800,False
129100072,0,94277,1024,2800,True
129300032,0,0,1024,2800,False
129300070,0,0,1024,2800,False
129400027,0,0,1024,2800,False
129400071,0,52577,1024,2800,True
129500018,0,0,1024,2800,False
129500058,0,0,1024,2800,False
129700050,0,0,1024,2800,False
129800003,0,0,1024,2800,False
129800044,0,0,1024,2800,False
129900003,0,34079,1024,2800,True
129900052,0,0,1024,2800,False
130300022,0,0,1024,2800,False
130300061,0,0,1024,2800,False
130400060,0,0,1024,2800,False
130500037,0,0,1024,2800,False
130500076,0,0,1024,2800,False
130800016,0,0,1024,2800,False
130800054,0,0,1024,2800,False
131000027,0,0,1024,2800,False
131000068,0,0,1024,2800,False
131600004,0,0,1024,2800,False
131600045,0,0,1024,2800,False
131900005,7230,102933,1024,2800,True
131900050,0,0,1024,2800,False
132300002,0,0,1024,2800,False
132500004,0,0,1024,2800,False
132500048,0,0,1024,2800,False
133200008,0,0,1024,2800,False
133200045,0,0,1024,2800,False
133200083,0,0,1024,2800,False
133500054,0,39080,1024,2800,True
133600062,0,0,1024,2800,False
133700020,0,0,1024,2800,False
133700061,0,0,1024,2800,False
134000027,0,100191,1024,2800,True
134100002,0,0,1024,2800,False
134200036,0,0,1024,2800,False
134200080,11834,0,1024,2800,True
134600021,0,0,1024,2800,False
134600067,0,0,1024,2800,False
134700029,0,0,1024,2800,False
134700073,0,0,1024,2800,False
134900079,24559,0,1024,2800,True
135400067,0,0,1024,2800,False
135500019,0,0,1024,2800,False
135500056,0,0,1024,2800,False
135700020,0,0,1024,2800,False
135700058,0,0,1024,2800,False
135800046,0,0,1024,2800,False
135900052,0,0,1024,2800,False
136200004,0,0,1024,2800,False
136200041,0,0,1024,2800,False
136500000,46968,0,1024,2800,True
136500049,0,0,1024,2800,False
136700060,0,0,1024,2800,False
136900015,0,0,1024,2800,False
137000083,0,0,1024,2800,False
137100044,0,0,1024,2800,False
137100083,0,0,1024,2800,False
137400034,0,0,1024,2800,False
137600002,0,35315,1024,2800,True
137600057,0,0,1024,2800,False
137900024,0,0,1024,2800,False
137900076,11852,0,1024,2800,True
138000023,0,0,1024,2800,False
138000070,33093,0,1024,2800,True
138200027,0,0,1024,2800,False
138200077,26679,0,1024,2800,True
138400025,0,0,1024,2800,False
138400067,0,0,1024,2800,False
138500014,0,0,1024,2800,False
138500063,0,0,1024,2800,False
138700029,0,0,1024,2800,False
138700067,0,0,1024,2800,False
138900017,0,0,1024,2800,False
138900056,0,0,1024,2800,False
139100029,0,21734,1024,2800,True
139100067,0,0,1024,2800,False
139200019,0,0,1024,2800,False
139200075,0,0,1024,2800,False
140200017,0,0,1024,2800,False
140200055,35094,0,1024,2800,True
140300046,0,0,1024,2800,False
140500011,0,0,1024,2800,False
140500053,0,0,1024,2800,False
140700047,0,0,1024,2800,False
140800019,0,0,1024,2800,False
140800069,0,0,1024,2800,False
140900033,36393,33188,1024,2800,True
140900078,21920,0,1024,2800,True
141000055,0,0,1024,2800,False
141100034,0,0,1024,2800,False
141100075,6680,0,1024,2800,True
141200042,0,0,1024,2800,False
141400014,0,0,1024,2800,False
141400067,34435,0,1024,2800,True
141500017,0,0,1024,2800,False
142100047,0,0,1024,2800,False
142200017,0,0,1024,2800,False
142200059,0,0,1024,2800,False
142500024,0,64111,1024,2800,True
142800010,0,0,1024,2800,False
142800053,33079,0,1024,2800,True
143400003,0,0,1024,2800,False
143400042,0,0,1024,2800,False
143400082,0,0,1024,2800,False
143600034,9247,0,1024,2800,True
143600072,0,0,1024,2800,False
143900019,0,0,1024,2800,False
143900058,0,0,1024,2800,False
144000049,0,0,1024,2800,False
144100004,0,0,1024,2800,False
144100048,0,0,1024,2800,False
144200005,0,0,1024,2800,False
144400000,0,67936,1024,2800,True
144500014,0,0,1024,2800,False
144500054,0,66915,1024,2800,True
144800064,0,0,1024,2800,False
144900016,0,0,1024,2800,False
144900054,0,0,1024,2800,False
145000039,0,70897,1024,2800,True
145000078,0,131058,1024,2800,True
145100029,0,0,1024,2800,False
145100069,0,0,1024,2800,False
145200034,0,0,1024,2800,False
145200072,0,0,1024,2800,False
145300040,0,31151,1024,2800,True
146300050,0,0,1024,2800,False
147200014,0,0,1024,2800,False
147200059,0,0,1024,2800,False
147300009,0,0,1024,2800,False
147900049,39807,0,1024,2800,True
148000035,0,0,1024,2800,False
148000084,0,0,1024,2800,False
148300017,0,0,1024,2800,False
148300070,0,0,1024,2800,False
148400035,34705,0,1024,2800,True
148500003,24036,0,1024,2800,True
148500046,56855,0,1024,2800,True
148600035,0,0,1024,2800,False
148800008,0,0,1024,2800,False
148800045,0,0,1024,2800,False
148800083,0,0,1024,2800,False
148900045,0,0,1024,2800,False
149000017,0,16360,1024,2800,True
149000072,0,0,1024,2800,False
149200026,0,0,1024,2800,False
149200063,3063,0,1024,2800,True
149400010,0,0,1024,2800,False
149400053,0,0,1024,2800,False
149500006,0,0,1024,2800,False
149500049,0,0,1024,2800,False
149600016,0,0,1024,2800,False
149600054,0,0,1024,2800,False
149700006,0,0,1024,2800,False
149800004,0,0,1024,2800,False
149800052,38236,0,1024,2800,True
149900047,0,0,1024,2800,False
150000024,0,0,1024,2800,False
150000062,0,0,1024,2800,False
150100016,0,0,1024,2800,False
150100055,0,0,1024,2800,False
150200077,0,0,1024,2800,False
150400025,2857,0,1024,2800,True
150400063,9633,40138,1024,2800,True
150600023,0,0,1024,2800,False
150600074,0,0,1024,2800,False
150700035,0,0,1024,2800,False
150700081,0,0,1024,2800,False
150800038,0,0,1024,2800,False
150800080,0,0,1024,2800,False
150900035,0,0,1024,2800,False
150900079,0,0,1024,2800,False
151000040,0,0,1024,2800,False
151000082,0,0,1024,2800,False
151700070,0,0,1024,2800,False
151800032,0,0,1024,2800,False
151800073,0,0,1024,2800,False
151900020,0,0,1024,2800,False
151900062,0,0,1024,2800,False
152000028,0,0,1024,2800,False
152000079,0,69706,1024,2800,True
152100052,0,0,1024,2800,False
152300016,0,0,1024,2800,False
152300059,0,0,1024,2800,False
152400020,0,0,1024,2800,False
152400082,0,39974,1024,2800,True
152600060,0,0,1024,2800,False
152700025,0,0,1024,2800,False
152700069,0,0,1024,2800,False
152800016,0,0,1024,2800,False
152800068,0,0,1024,2800,False
152900034,0,0,1024,2800,False
152900083,0,0,1024,2800,False
153000039,0,0,1024,2800,False
153100000,0,0,1024,2800,False
153100046,0,0,1024,2800,False
153200019,0,0,1024,2800,False
153200059,0,0,1024,2800,False
153300024,0,0,1024,2800,False
153300065,0,0,1024,2800,False
153500012,0,39480,1024,2800,True
153500052,0,0,1024,2800,False
153600017,0,0,1024,2800,False
153600061,0,0,1024,2800,False
153700025,0,0,1024,2800,False
153700078,0,0,1024,2800,False
153800025,0,0,1024,2800,False
153800062,0,0,1024,2800,False
154000027,0,0,1024,2800,False
154000071,0,0,1024,2800,False
154500075,0,0,1024,2800,False
154700041,0,0,1024,2800,False
155000019,0,0,1024,2800,False
155000060,0,0,1024,2800,False
155100015,0,0,1024,2800,False
155100054,0,0,1024,2800,False
155200039,35492,0,1024,2800,True
155300063,14288,0,1024,2800,True
155400038,26064,0,1024,2800,True
156300020,0,0,1024,2800,False
156300058,0,0,1024,2800,False
156400056,0,0,1024,2800,False
156500012,0,0,1024,2800,False
156600050,0,0,1024,2800,False
156700001,0,0,1024,2800,False
156700050,0,0,1024,2800,False
157200026,0,0,1024,2800,False
157200072,10238,0,1024,2800,True
157400019,20476,0,1024,2800,True
157500039,0,0,1024,2800,False
157500078,29036,0,1024,2800,True
157600040,0,0,1024,2800,False
157700001,34711,0,1024,2800,True
158000010,0,0,1024,2800,False
158000053,0,0,1024,2800,False
158100006,0,0,1024,2800,False
158100058,0,0,1024,2800,False
158300014,0,0,1024,2800,False
158300052,0,0,1024,2800,False
158500021,10279,0,1024,2800,True
158500065,0,0,1024,2800,False
158600012,0,0,1024,2800,False
158600050,0,40829,1024,2800,True
158700053,0,0,1024,2800,False
158800060,0,0,1024,2800,False
158900008,35569,0,1024,2800,True
158900071,0,0,1024,2800,False
159000045,0,0,1024,2800,False
159300067,0,0,1024,2800,False
160000038,21625,0,1024,2800,True
160000084,0,0,1024,2800,False
160200044,0,0,1024,2800,False
160300013,5749,0,1024,2800,True
160300051,0,0,1024,2800,False
160400012,0,0,1024,2800,False
160600026,0,0,1024,2800,False
160600067,0,0,1024,2800,False
160800025,0,0,1024,2800,False
160800065,0,0,1024,2800,False
160900051,0,0,1024,2800,False
161200016,0,0,1024,2800,False
161200053,0,0,1024,2800,False
161300007,0,0,1024,2800,False
161300044,0,0,1024,2800,False
161300083,0,0,1024,2800,False
161500037,0,0,1024,2800,False
161500075,0,0,1024,2800,False
161600027,0,0,1024,2800,False
161600082,0,0,1024,2800,False
161700034,0,0,1024,2800,False
161700075,0,70039,1024,2800,True
161800031,0,0,1024,2800,False
161800071,0,0,1024,2800,False
161900018,0,72090,1024,2800,True
161900076,0,0,1024,2800,False
162100023,0,0,1024,2800,False
162100064,0,0,1024,2800,False
162400074,0,0,1024,2800,False
162500034,0,0,1024,2800,False
162600013,0,0,1024,2800,False
162600058,0,0,1024,2800,False
162700006,0,0,1024,2800,False
162700068,0,0,1024,2800,False
162800022,0,0,1024,2800,False
162800063,0,0,1024,2800,False
162900020,0,0,1024,2800,False
162900058,0,0,1024,2800,False
163000062,0,0,1024,2800,False
163100041,0,0,1024,2800,False
163200024,0,0,1024,2800,False
163300008,0,0,1024,2800,False
163300053,0,0,1024,2800,False
163700040,0,0,1024,2800,False
163700081,0,0,1024,2800,False
163800043,0,108156,1024,2800,True
163900044,0,0,1024,2800,False
164000000,0,0,1024,2800,False
164000044,0,0,1024,2800,False
164000083,0,0,1024,2800,False
164300075,0,0,1024,2800,False
164500028,0,0,1024,2800,False
164500079,0,0,1024,2800,False
164600033,0,0,1024,2800,False
165200011,0,0,1024,2800,False
165200055,0,0,1024,2800,False
165300012,0,0,1024,2800,False
165300051,0,0,1024,2800,False
165400015,0,0,1024,2800,False
165400055,0,0,1024,2800,False
165500005,0,0,1024,2800,False
165500050,0,0,1024,2800,False
165600008,0,0,1024,2800,False
165600054,25087,23431,1024,2800,True
165700006,0,0,1024,2800,False
165700067,0,0,1024,2800,False
165800014,0,0,1024,2800,False
165800075,0,0,1024,2800,False
165900039,0,0,1024,2800,False
165900081,0,0,1024,2800,False
166100049,0,0,1024,2800,False
166300008,0,0,1024,2800,False
166300051,0,0,1024,2800,False
166400015,0,0,1024,2800,False
166400059,0,0,1024,2800,False
166600008,0,95964,1024,2800,True
166600046,0,0,1024,2800,False
166700002,0,0,1024,2800,False
166700070,0,0,1024,2800,False
166800075,0,0,1024,2800,False
166900033,0,116778,1024,2800,True
167000050,0,0,1024,2800,False
167100003,0,0,1024,2800,False
167100042,0,0,1024,2800,False
167200000,0,0,1024,2800,False
167200037,0,0,1024,2800,False
167200084,0,0,1024,2800,False
167300047,0,0,1024,2800,False
167600000,0,0,1024,2800,False
167600053,0,0,1024,2800,False
167700022,0,0,1024,2800,False
167700069,0,0,1024,2800,False
167900000,0,0,1024,2800,False
167900053,0,0,1024,2800,False
168000061,0,0,1024,2800,False
168100018,0,0,1024,2800,False
168100059,0,0,1024,2769,False
168200039,0,0,1024,2800,False
168200078,0,0,1024,2800,False
168300036,0,0,1024,2800,False
168300076,0,0,1024,2800,False
168400032,0,0,1024,2800,False
168400071,0,93627,1024,2800,True
169300025,0,0,1024,2800,False
169300063,0,0,1024,2800,False
169500065,0,0,1024,2800,False
169600058,0,0,1024,2800,False
169800005,0,0,1024,2800,False
169800044,0,0,1024,2800,False
170400000,0,0,1024,2800,False
170400038,0,0,1024,2800,False
170400075,0,0,1024,2800,False
170700030,0,0,1024,2800,False
170700077,0,0,1024,2800,False
170800035,0,41627,1024,2800,True
170800072,0,0,1024,2800,False
170900019,0,0,1024,2800,False
170900059,0,143134,1024,2800,True
171000020,0,0,1024,2800,False
171000073,0,0,1024,2800,False
171100026,0,0,1024,2800,False
171100064,0,0,1024,2800,False
171200011,0,0,1024,2800,False
171200056,0,0,1024,2800,False
171300020,0,0,1024,2800,False
171300071,0,0,1024,2800,False
171400034,0,0,1024,2800,False
171500019,0,0,1024,2800,False
171500059,0,0,1024,2800,False
171600016,0,0,1024,2800,False
171600061,25915,0,1024,2800,True
171700027,0,0,1024,2800,False
171800050,0,0,1024,2800,False
171900005,3506,0,1024,2800,True
171900044,0,0,1024,2800,False
172100014,0,0,1024,2800,False
172100057,0,0,1024,2800,False
172200028,0,0,1024,2800,False
172200069,0,0,1024,2800,False
172300026,0,0,1024,2800,False
172300063,0,0,1024,2800,False
172400023,0,0,1024,2800,False
172400064,0,0,1024,2800,False
175200019,0,0,1024,2800,False
175200058,0,0,1024,2800,False
175300024,0,0,1024,2800,False
175300062,0,0,1024,2800,False
175400009,0,0,1024,2800,False
175400061,0,0,1024,2800,False
175500020,0,0,1024,2800,False
175500068,0,0,1024,2800,False
175600039,0,0,1024,2800,False
175900035,0,0,1024,2800,False
175900078,0,0,1024,2800,False
176000032,0,0,1024,2800,False
176000072,0,55645,1024,2800,True
99100022,0,0,1024,2800,False
99100059,0,0,1024,2800,False
99300015,0,0,1024,2800,False
99300074,11204,24139,1024,2800,True
99900041,0,0,1024,2800,False
100000024,0,0,1024,2800,False
100000069,43844,0,1024,2800,True
100100024,0,0,1024,2800,False
100100068,0,0,1024,2800,False
100400001,0,0,1024,2800,False
100400039,0,0,1024,2800,False
100400080,0,0,1024,2800,False
100500037,0,0,1024,2800,False
100700009,0,148702,1024,2800,True
100700047,0,0,1024,2800,False
101100008,0,0,1024,2800,False
101100048,0,0,1024,2800,False
101500001,23933,0,1024,2800,True
101500042,0,0,1024,2800,False
101500082,0,0,1024,2800,False
101600029,0,0,1024,2800,False
101700016,0,0,1024,2800,False
101700063,0,0,1024,2800,False
101900000,0,0,1024,2800,False
101900055,0,0,1024,2800,False
102100014,0,0,1024,2800,False
103000013,13564,0,1024,2800,True
103200003,0,0,1024,2800,False
103200042,0,0,1024,2800,False
103200080,0,0,1024,2800,False
103300038,0,0,1024,2800,False
103400061,0,0,1024,2800,False
103500049,0,0,1024,2800,False
103700024,41267,0,1024,2800,True
103900007,0,0,1024,2800,False
103900052,0,0,1024,2800,False
104600009,0,0,1024,2800,False
104600059,33843,0,1024,2800,True
104700034,0,0,1024,2800,False
104700082,0,92571,1024,2800,True
104900007,0,25966,1024,2800,True
104900046,0,0,1024,2800,False
105100002,0,0,1024,2800,False
105100041,0,0,1024,2800,False
105100082,0,0,1024,2800,False
105200052,0,0,1024,2800,False
105300033,0,0,1024,2800,False
105300074,0,0,1024,2800,False
105600000,0,0,1024,2800,False
105600038,0,0,1024,2800,False
105600077,0,0,1024,2800,False
105900031,0,0,1024,2800,False
105900082,0,0,1024,2800,False
106000053,0,0,1024,2800,False
106100049,0,0,1024,2800,False
106200001,0,0,1024,2800,False
106200047,0,0,1024,2800,False
106300011,0,0,1024,2800,False
106300048,0,0,1024,2800,False
106500033,0,0,1024,2800,False
106600004,0,98558,1024,2800,True
106600043,0,0,1024,2800,False
106600081,0,0,1024,2800,False
106900008,0,0,1024,2800,False
106900046,0,0,1024,2800,False
106900083,0,125842,1024,2800,True
107900039,0,0,1024,2800,False
107900080,0,0,1024,2800,False
108400066,0,62394,1024,2800,True
108600047,0,0,1024,2800,False
108900023,0,0,1024,2800,False
108900060,11918,66272,1024,2800,True
109200010,0,0,1024,2800,False
109200059,0,0,1024,2800,False
109300029,0,0,1024,2800,False
109600012,0,0,1024,2800,False
109600055,0,0,1024,2800,False
109700031,0,0,1024,2800,False
109700075,0,20423,1024,2800,True
109800022,0,0,1024,2800,False
109800061,0,0,1024,2800,False
110100026,0,18520,1024,2800,True
110100063,0,0,1024,2800,False
110400020,0,0,1024,2800,False
110400069,0,0,1024,2800,False
110500076,0,0,1024,2800,False
110700031,0,0,1024,2800,False
110900003,0,0,1024,2800,False
110900040,0,0,1024,2800,False
110900081,47394,0,1024,2800,True
111000052,10865,41370,1024,2800,True
111200050,0,0,1024,2800,False
111400012,0,0,1024,2800,False
111400063,0,0,1024,2800,False
111500010,15366,0,1024,2800,True
111700037,16557,0,1024,2800,True
111700083,0,0,1024,2800,False
111900025,20327,0,1024,2800,True
111900065,0,0,1024,2800,False
112000030,0,0,1024,2800,False
112500013,0,0,1024,2800,False
112500060,0,22952,1024,2800,True
112600019,0,0,1024,2800,False
112600073,0,0,1024,2800,False
112800027,0,0,1024,2800,False
112800064,0,0,1024,2800,False
113100021,0,0,1024,2800,False
113300013,0,0,1024,2800,False
113300051,0,0,1024,2800,False
113400023,0,0,1024,2800,False
113400071,0,0,1024,2800,False
113500032,0,0,1024,2800,False
113700032,0,0,1024,2800,False
113700070,0,0,1024,2800,False
114500017,22843,0,1024,2800,True
114600035,0,0,1024,2800,False
114600073,0,0,1024,2800,False
114700056,0,6417,1024,2800,True
114900035,0,0,1024,2800,False
115100037,0,0,1024,2800,False
115300003,0,147345,1024,2800,True
115300072,15012,0,1024,2800,True
115500061,0,0,1024,2800,False
115600046,15346,0,1024,2800,True
116000002,0,0,1024,2800,False
116100019,0,0,1024,2800,False
116100057,0,0,1024,2800,False
116400017,0,0,1024,2800,False
116500075,0,80350,1024,2800,True
116900028,0,0,1024,2800,False
116900066,0,60294,1024,2800,True
117700046,0,0,1024,2800,False
117900011,0,0,1024,2800,False
117900057,0,0,1024,2800,False
118300006,0,0,1024,2800,False
118300044,0,0,1024,2800,False
118300083,0,0,1024,2800,False
118600003,0,0,1024,2800,False
118600060,0,0,1024,2800,False
118800018,0,0,1024,2800,False
118800057,0,0,1024,2800,False
118900033,0,0,1024,2800,False
119100005,0,0,1024,2800,False
119100043,0,0,1024,2800,False
119100082,0,16124,1024,2800,True
119400012,0,0,1024,2800,False
119400049,0,22618,1024,2800,True
119700026,0,47388,1024,2800,True
119700084,0,0,1024,2800,False
120000040,23104,0,1024,2727,True
120200000,0,0,1024,2800,False
120200040,26550,0,1024,2800,True
120200082,0,0,1024,2800,False
120300071,0,0,1024,2800,False
121200018,0,0,1024,2800,False
121200070,0,28486,1024,2800,True
121400031,8131,0,1024,2800,True
121500014,0,0,1024,2800,False
121500053,0,25575,1024,2800,True
121600052,0,24324,1024,2800,True
121800009,0,0,1024,2800,False
121800047,0,0,1024,2800,False
121800084,0,0,1024,2800,False
122300014,0,0,1024,2800,False
122300056,0,0,1024,2800,False
122400008,0,0,1024,2800,False
122400057,0,0,1024,2800,False
122500022,0,0,1024,2800,False
122500062,0,0,1024,2800,False
122600056,0,0,1024,2800,False
122700030,0,0,1024,2800,False
122700076,0,0,1024,2800,False
122900028,0,0,1024,2800,False
122900081,44032,0,1024,2800,True
123300022,0,0,1024,2800,False
123300065,0,0,1024,2800,False
123600039,0,0,1024,2800,False
123700016,0,8035,1024,2800,True
123700054,0,108084,1024,2800,True
123800008,0,0,1024,2800,False
123800046,0,0,1024,2800,False
123800084,0,56901,1024,2800,True
124000041,0,0,1024,2800,False
124200014,0,0,1024,2800,False
124200067,0,26792,1024,2800,True
124400020,0,0,1024,2800,False
124400070,0,0,1024,2800,False
124500045,0,0,1024,2800,False
124600035,0,0,1024,2800,False
124700005,0,0,1024,2800,False
124700045,0,0,1024,2800,False
124700083,0,0,1024,2800,False
124800036,0,0,1024,2800,False
124800075,0,0,1024,2800,False
125100035,0,49069,1024,2800,True
125200017,0,0,1024,2800,False
125200072,0,0,1024,2800,False
125400019,0,0,1024,2800,False
125400065,0,0,1024,2800,False
125600013,0,0,1024,2800,False
125600050,0,0,1024,2800,False
125700012,35351,0,1024,2800,True
125700054,0,0,1024,2800,False
125800008,0,73781,1024,2800,True
125800062,0,173069,1024,2800,True
126500011,0,0,1024,2800,False
126600052,0,0,1024,2800,False
126800015,0,0,1024,2800,False
126800053,0,0,1024,2800,False
127000005,0,0,1024,2800,False
127000055,0,0,1024,2800,False
127200018,0,0,1024,2800,False
127300005,0,0,1024,2800,False
127300046,0,0,1024,2800,False
127400006,0,0,1024,2800,False
127600030,0,0,1024,2800,False
127600071,0,0,1024,2800,False
128200001,18294,0,1024,2800,True
128200044,0,0,1024,2800,False
128200082,0,0,1024,2800,False
128300030,9409,17227,1024,2800,True
128300076,0,0,1024,2800,False
128500038,0,0,1024,2800,False
128700051,0,0,1024,2800,False
128800008,0,0,1024,2800,False
129100029,0,0,1024,2800,False
129100073,0,0,1024,2800,False
129300033,0,0,1024,2800,False
129300071,0,0,1024,2800,False
129400028,0,0,1024,2800,False
129400072,0,0,1024,2800,False
129500019,0,0,1024,2800,False
129500059,28265,0,1024,2800,True
129700051,0,0,1024,2800,False
129800004,0,0,1024,2800,False
129800045,0,0,1024,2800,False
129900004,0,0,1024,2800,False
129900053,5424,60610,1024,2800,True
130300023,0,0,1024,2800,False
130300062,0,0,1024,2800,False
130400061,0,0,1024,2800,False
130500038,0,0,1024,2800,False
130500077,0,0,1024,2800,False
130800017,0,0,1024,2800,False
130800055,0,0,1024,2800,False
131000028,0,0,1024,2800,False
131000069,0,0,1024,2800,False
131600005,0,0,1024,2800,False
131600046,0,0,1024,2800,False
131900006,0,0,1024,2800,False
131900051,0,0,1024,2800,False
132300003,0,0,1024,2800,False
132500005,0,0,1024,2800,False
132500049,0,0,1024,2800,False
133200009,0,0,1024,2800,False
133200046,0,0,1024,2800,False
133200084,0,0,1024,2800,False
133500055,0,0,1024,2800,False
133600063,0,0,1024,2800,False
133700021,0,0,1024,2800,False
133700062,0,103699,1024,2800,True
134000028,0,0,1024,2800,False
134100003,0,0,1024,2800,False
134200037,0,0,1024,2800,False
134200081,9814,43370,1024,2800,True
134600022,0,0,1024,2800,False
134600068,0,0,1024,2800,False
134700030,0,0,1024,2800,False
134700074,0,0,1024,2800,False
134900080,35749,0,1024,2800,True
135400068,0,0,1024,2800,False
135500020,0,0,1024,2800,False
135500057,0,0,1024,2800,False
135700021,0,0,1024,2800,False
135700059,0,0,1024,2800,False
135800047,0,0,1024,2800,False
135900053,0,0,1024,2800,False
136200005,0,0,1024,2800,False
136200042,0,0,1024,2800,False
136500001,30478,0,1024,2800,True
136500050,0,63599,1024,2800,True
136700061,0,0,1024,2800,False
136900016,0,62318,1024,2800,True
137000084,0,0,1024,2800,False
137100045,0,0,1024,2800,False
137100084,0,0,1024,2800,False
137400056,0,0,1024,2800,False
137600003,0,0,1024,2800,False
137600058,0,66626,1024,2800,True
137900025,0,0,1024,2800,False
137900077,0,0,1024,2800,False
138000033,58999,0,1024,2800,True
138000071,0,0,1024,2800,False
138200028,0,0,1024,2800,False
138200078,30873,0,1024,2800,True
138400026,0,0,1024,2800,False
138400068,5433,0,1024,2800,True
138500015,0,0,1024,2800,False
138500065,0,0,1024,2800,False
138700030,0,0,1024,2800,False
138700068,0,0,1024,2800,False
138900018,0,0,1024,2800,False
138900057,0,0,1024,2800,False
139100030,0,0,1024,2800,False
139100068,0,0,1024,2800,False
139200020,0,0,1024,2800,False
139200076,0,0,1024,2800,False
140200018,0,0,1024,2800,False
140200057,21685,0,1024,2800,True
140300047,0,0,1024,2800,False
140500012,0,67161,1024,2800,True
140500054,0,0,1024,2800,False
140700048,0,0,1024,2800,False
140800020,0,0,1024,2800,False
140800070,0,0,1024,2800,False
140900034,50098,0,1024,2800,True
140900079,26881,0,1024,2800,True
141000056,0,0,1024,2800,False
141100035,0,0,1024,2800,False
141100076,0,0,1024,2800,False
141200043,0,0,1024,2800,False
141400015,0,0,1024,2800,False
141400068,20669,0,1024,2800,True
141500018,0,0,1024,2800,False
142100048,0,0,1024,2800,False
142200018,0,0,1024,2800,False
142200060,0,0,1024,2800,False
142500025,0,0,1024,2800,False
142800011,0,0,1024,2800,False
142800054,22295,0,1024,2800,True
143400004,0,0,1024,2800,False
143400043,0,0,1024,2800,False
143400083,0,0,1024,2800,False
143600035,32872,0,1024,2800,True
143600073,0,0,1024,2800,False
143900020,0,0,1024,2800,False
143900059,0,0,1024,2800,False
144000050,0,0,1024,2800,False
144100005,0,56955,1024,2800,True
144100049,0,0,1024,2800,False
144200006,4948,0,1024,2800,True
144400001,0,0,1024,2800,False
144500015,0,0,1024,2800,False
144500055,0,0,1024,2800,False
144800065,0,0,1024,2800,False
144900017,0,0,1024,2800,False
144900055,0,43576,1024,2800,True
145000040,0,0,1024,2794,False
145000079,0,0,1024,2800,False
145100030,0,0,1024,2776,False
145200003,0,0,1024,2800,False
145200041,0,0,1024,2800,False
145200078,0,0,1024,2800,False
145300041,0,0,1024,2800,False
146300051,0,0,1024,2800,False
147200015,0,0,1024,2800,False
147200060,0,0,1024,2800,False
147300010,0,0,1024,2800,False
147900050,12222,0,1024,2800,True
148000036,5781,0,1024,2800,True
148100000,0,0,1024,2800,False
148300018,0,0,1024,2800,False
148300071,0,0,1024,2800,False
148400036,34830,0,1024,2800,True
148500004,7538,0,1024,2800,True
148500049,53525,0,1024,2800,True
148600036,0,0,1024,2800,False
148800009,0,0,1024,2800,False
148800046,0,0,1024,2800,False
148800084,0,0,1024,2800,False
148900046,0,0,1024,2800,False
149000018,31483,0,1024,2800,True
149000073,0,0,1024,2800,False
149200027,0,0,1024,2800,False
149200064,0,0,1024,2800,False
149400011,0,65939,1024,2800,True
149400054,0,0,1024,2800,False
149500007,4950,0,1024,2800,True
149500061,0,0,1024,2800,False
149600017,0,0,1024,2800,False
149600055,0,0,1024,2800,False
149700007,0,0,1024,2800,False
149800005,0,0,1024,2800,False
149900000,0,0,1024,2800,False
149900048,0,0,1024,2800,False
150000025,0,48283,1024,2800,True
150000063,0,0,1024,2800,False
150100017,0,0,1024,2800,False
150100056,0,0,1024,2800,False
150200078,0,0,1024,2800,False
150400032,39122,0,1024,2800,True
150400077,0,0,1024,2800,False
150600024,0,0,1024,2800,False
150600075,0,0,1024,2800,False
150700036,0,0,1024,2800,False
150700082,0,0,1024,2800,False
150800039,0,0,1024,2800,False
150800081,0,0,1024,2800,False
150900036,0,0,1024,2800,False
150900080,0,0,1024,2800,False
151000041,0,0,1024,2800,False
151000083,0,0,1024,2800,False
151700071,0,0,1024,2800,False
151800033,0,16802,1024,2800,True
151800074,0,0,1024,2800,False
151900021,0,0,1024,2800,False
151900063,0,0,1024,2800,False
152000029,0,0,1024,2800,False
152000080,0,0,1024,2800,False
152100053,0,0,1024,2800,False
152300017,0,0,1024,2800,False
152300060,0,53810,1024,2800,True
152400021,0,0,1024,2800,False
152400083,0,0,1024,2800,False
152600061,0,59520,1024,2800,True
152700026,0,0,1024,2800,False
152700070,0,0,1024,2800,False
152800017,0,0,1024,2800,False
152800069,0,0,1024,2800,False
152900035,18227,0,1024,2800,True
152900084,0,0,1024,2800,False
153000040,0,0,1024,2800,False
153100001,0,0,1024,2800,False
153100048,0,0,1024,2800,False
153200020,0,0,1024,2800,False
153200060,0,0,1024,2800,False
153300025,0,0,1024,2800,False
153300066,0,0,1024,2800,False
153500013,0,0,1024,2800,False
153500053,0,0,1024,2800,False
153600018,0,0,1024,2800,False
153600062,0,0,1024,2800,False
153700026,0,0,1024,2800,False
153700079,0,0,1024,2800,False
153800026,0,0,1024,2800,False
153800063,0,0,1024,2800,False
154000028,0,0,1024,2800,False
154000072,0,0,1024,2800,False
154500076,0,0,1024,2787,False
154700042,0,0,1024,2800,False
155000021,0,0,1024,2800,False
155000061,0,0,1024,2800,False
155100016,4824,0,1024,2800,True
155100055,0,0,1024,2800,False
155200040,0,0,1024,2800,False
155300064,36708,0,1024,2800,True
155400039,12618,0,1024,2800,True
156300021,0,0,1024,2800,False
156300059,0,0,1024,2800,False
156400057,0,43135,1024,2800,True
156500013,0,0,1024,2800,False
156600051,0,0,1024,2800,False
156700002,0,0,1024,2800,False
156700051,0,0,1024,2800,False
157200027,0,0,1024,2800,False
157200073,0,65557,1024,2800,True
157400020,11627,0,1024,2800,True
157500040,0,46678,1024,2800,True
157500079,15730,0,1024,2800,True
157600041,0,0,1024,2800,False
157700002,5180,0,1024,2800,True
158000011,0,0,1024,2800,False
158000054,0,0,1024,2800,False
158100007,0,0,1024,2800,False
158100059,0,0,1024,2800,False
158300021,22503,0,1024,2800,True
158300058,0,0,1024,2800,False
158500022,0,0,1024,2800,False
158500066,0,0,1024,2800,False
158600013,0,29357,1024,2800,True
158600051,0,0,1024,2800,False
158700054,0,0,1024,2800,False
158800061,0,0,1024,2800,False
158900009,16830,0,1024,2800,True
158900072,0,0,1024,2800,False
159000046,0,0,1024,2800,False
159300068,0,0,1024,2800,False
160000039,5828,0,1024,2800,True
160200000,0,0,1024,2800,False
160200045,0,0,1024,2800,False
160300014,0,195151,1024,2800,True
160300052,0,0,1024,2800,False
160400013,0,0,1024,2800,False
160600027,27997,0,1024,2800,True
160600068,0,0,1024,2800,False
160800026,0,0,1024,2800,False
160800066,0,0,1024,2800,False
160900052,0,0,1024,2800,False
161200017,0,15606,1024,2800,True
161200054,0,0,1024,2800,False
161300008,0,0,1024,2800,False
161300045,0,0,1024,2800,False
161300084,0,0,1024,2800,False
161500038,0,0,1024,2800,False
161500076,0,0,1024,2800,False
161600028,0,0,1024,2800,False
161600083,0,0,1024,2800,False
161700035,0,0,1024,2800,False
161700076,0,0,1024,2800,False
161800032,0,0,1024,2800,False
161800072,0,0,1024,2800,False
161900019,0,0,1024,2800,False
161900077,0,0,1024,2800,False
162100024,0,0,1024,2800,False
162100065,0,0,1024,2800,False
162400075,0,0,1024,2800,False
162500035,0,0,1024,2800,False
162600014,0,0,1024,2800,False
162600059,0,0,1024,2800,False
162700021,0,0,1024,2800,False
162700069,0,0,1024,2800,False
162800023,0,0,1024,2800,False
162800064,0,0,1024,2800,False
162900021,0,0,1024,2800,False
162900059,0,0,1024,2800,False
163000063,0,0,1024,2800,False
163100042,0,0,1024,2800,False
163200025,0,144942,1024,2800,True
163300009,0,0,1024,2800,False
163300054,0,0,1024,2800,False
163700041,0,0,1024,2800,False
163700082,0,0,1024,2800,False
163800044,0,0,1024,2800,False
163900045,0,0,1024,2800,False
164000001,0,0,1024,2800,False
164000045,0,0,1024,2800,False
164000084,0,0,1024,2800,False
164300076,0,0,1024,2800,False
164500029,0,0,1024,2800,False
164500080,0,0,1024,2800,False
164600034,0,0,1024,2800,False
165200012,0,0,1024,2800,False
165200056,0,0,1024,2800,False
165300013,0,0,1024,2800,False
165300052,0,0,1024,2800,False
165400016,0,0,1024,2800,False
165400056,0,0,1024,2800,False
165500006,0,0,1024,2800,False
165500051,0,0,1024,2800,False
165600009,0,0,1024,2800,False
165600055,35600,0,1024,2800,True
165700020,0,0,1024,2800,False
165700068,0,0,1024,2800,False
165800015,0,0,1024,2800,False
165800076,0,0,1024,2788,False
165900040,0,0,1024,2800,False
165900082,0,0,1024,2800,False
166100050,0,0,1024,2800,False
166300009,0,0,1024,2800,False
166300052,0,0,1024,2800,False
166400016,0,0,1024,2800,False
166400060,0,0,1024,2800,False
166600009,0,0,1024,2800,False
166600047,0,0,1024,2800,False
166700022,0,0,1024,2800,False
166700071,0,0,1024,2800,False
166800076,0,0,1024,2800,False
166900034,0,0,1024,2800,False
167000051,0,0,1024,2800,False
167100004,0,0,1024,2800,False
167100043,0,0,1024,2800,False
167200001,0,0,1024,2800,False
167200038,0,0,1024,2800,False
167300001,0,0,1024,2800,False
167300048,0,0,1024,2800,False
167600001,0,0,1024,2800,False
167600054,0,0,1024,2800,False
167700023,0,0,1024,2800,False
167700070,0,0,1024,2800,False
167900001,0,0,1024,2800,False
167900054,0,0,1024,2800,False
168000062,0,0,1024,2800,False
168100019,0,0,1024,2800,False
168100076,0,96382,1024,2800,True
168200040,0,0,1024,2800,False
168200079,0,0,1024,2800,False
168300037,0,53233,1024,2800,True
168300077,0,0,1024,2800,False
168400033,0,0,1024,2800,False
168400072,0,0,1024,2800,False
169300026,0,0,1024,2800,False
169300064,0,0,1024,2800,False
169500066,0,20396,1024,2800,True
169600059,0,0,1024,2800,False
169800006,0,0,1024,2800,False
169800045,0,0,1024,2800,False
170400001,0,0,1024,2800,False
170400039,0,0,1024,2800,False
170400076,0,0,1024,2800,False
170700031,0,0,1024,2800,False
170700078,0,0,1024,2800,False
170800036,0,0,1024,2800,False
170800073,0,0,1024,2800,False
170900020,0,0,1024,2800,False
170900060,0,0,1024,2800,False
171000021,0,0,1024,2800,False
171000074,0,0,1024,2800,False
171100027,0,0,1024,2800,False
171100065,0,0,1024,2800,False
171200012,0,0,1024,2800,False
171200057,0,0,1024,2800,False
171300021,0,0,1024,2800,False
171300072,0,0,1024,2800,False
171400035,0,0,1024,2800,False
171500020,0,0,1024,2800,False
171500060,0,0,1024,2800,False
171600017,0,0,1024,2800,False
171600062,0,0,1024,2800,False
171700028,0,0,1024,2800,False
171800051,0,63987,1024,2800,True
171900006,0,0,1024,2800,False
171900045,0,0,1024,2800,False
172100015,0,0,1024,2800,False
172100058,0,0,1024,2800,False
172200029,0,0,1024,2800,False
172200070,0,0,1024,2800,False
172300027,0,0,1024,2800,False
172300064,0,22149,1024,2800,True
172400024,0,0,1024,2800,False
172400065,0,0,1024,2800,False
175200020,0,0,1024,2800,False
175200059,0,0,1024,2800,False
175300025,0,68240,1024,2800,True
175300063,0,0,1024,2800,False
175400010,0,0,1024,2800,False
175400062,0,0,1024,2800,False
175500021,0,0,1024,2800,False
175500069,0,0,1024,2800,False
175600040,0,0,1024,2800,False
175900036,0,0,1024,2800,False
175900079,0,0,1024,2800,False
176000033,0,0,1024,2800,False
176000073,0,0,1024,2800,False
99100023,0,0,1024,2800,False
99100060,0,0,1024,2800,False
99300016,0,0,1024,2800,False
99300075,0,0,1024,2800,False
99900042,0,0,1024,2800,False
100000032,0,0,1024,2800,False
100000071,35125,0,1024,2800,True
100100025,0,0,1024,2800,False
100100069,0,0,1024,2800,False
100400002,0,0,1024,2800,False
100400040,0,0,1024,2800,False
100400081,0,63671,1024,2800,True
100500038,0,0,1024,2800,False
100700010,0,0,1024,2800,False
100700048,0,0,1024,2800,False
101100009,0,0,1024,2800,False
101100049,0,0,1024,2800,False
101500002,62384,0,1024,2800,True
101500043,0,0,1024,2800,False
101500083,0,0,1024,2800,False
101600030,0,0,1024,2800,False
101700017,0,0,1024,2800,False
101700064,0,64856,1024,2800,True
101900001,0,0,1024,2800,False
101900056,0,0,1024,2800,False
102100015,0,0,1024,2800,False
103000014,27893,0,1024,2800,True
103200004,0,0,1024,2800,False
103200043,15757,0,1024,2800,True
103200081,0,0,1024,2800,False
103300039,0,0,1024,2800,False
103400062,0,0,1024,2800,False
103500050,0,0,1024,2800,False
103700025,46315,105396,1024,2800,True
103900008,0,0,1024,2800,False
103900053,0,0,1024,2800,False
104600010,0,0,1024,2800,False
104600060,19455,0,1024,2800,True
104700035,0,0,1024,2800,False
104700083,0,0,1024,2800,False
104900008,0,0,1024,2800,False
104900047,0,0,1024,2800,False
105100003,0,4,1024,2800,True
105100042,0,0,1024,2800,False
105100083,0,0,1024,2800,False
105200053,0,0,1024,2800,False
105300034,0,0,1024,2800,False
105300075,0,35547,1024,2800,True
105600001,0,0,1024,2800,False
105600039,0,0,1024,2800,False
105600079,0,0,1024,2800,False
105900032,0,0,1024,2800,False
105900083,0,0,1024,2800,False
106000054,0,0,1024,2800,False
106100050,0,0,1024,2800,False
106200002,0,0,1024,2800,False
106200048,0,0,1024,2800,False
106300012,0,0,1024,2800,False
106300049,0,0,1024,2800,False
106500034,0,0,1024,2800,False
106600005,0,0,1024,2800,False
106600044,0,0,1024,2800,False
106600082,0,0,1024,2800,False
106900009,0,13478,1024,2800,True
106900047,0,0,1024,2800,False
106900084,0,0,1024,2800,False
107900040,0,0,1024,2800,False
107900081,0,37518,1024,2800,True
108400069,39141,0,1024,2800,True
108600048,0,80794,1024,2800,True
108900024,0,26289,1024,2800,True
108900061,34810,0,1024,2800,True
109200011,0,0,1024,2800,False
109200060,0,0,1024,2800,False
109300030,0,80206,1024,2800,True
109600013,0,0,1024,2800,False
109600056,0,0,1024,2800,False
109700032,0,0,1024,2800,False
109700076,0,0,1024,2800,False
109800023,0,67162,1024,2800,True
109800062,0,0,1024,2800,False
110100027,0,0,1024,2800,False
110100064,0,0,1024,2800,False
110400021,0,0,1024,2800,False
110400070,0,0,1024,2800,False
110500077,0,106168,1024,2800,True
110700032,0,0,1024,2800,False
110900004,0,0,1024,2800,False
110900041,0,0,1024,2800,False
110900082,24723,0,1024,2800,True
111200000,0,0,1024,2800,False
111200051,0,0,1024,2800,False
111400013,0,0,1024,2800,False
111400064,0,0,1024,2800,False
111500038,12903,0,1024,2800,True
111700038,30723,0,1024,2800,True
111700084,0,47205,1024,2800,True
111900034,0,0,1024,2800,False
111900072,0,0,1024,2800,False
112000031,0,23168,1024,2800,True
112500014,0,0,1024,2800,False
112500061,0,0,1024,2800,False
112600020,0,0,1024,2800,False
112600074,0,0,1024,2800,False
112800028,0,0,1024,2800,False
112800065,0,0,1024,2800,False
113100022,0,122392,1024,2800,True
113300014,0,0,1024,2800,False
113300052,0,0,1024,2800,False
113400024,0,0,1024,2800,False
113400072,0,0,1024,2800,False
113500033,0,0,1024,2800,False
113700033,0,0,1024,2800,False
113700071,0,0,1024,2800,False
114500018,20034,0,1024,2800,True
114600036,15915,52,1024,2800,True
114600074,0,0,1024,2800,False
114700057,0,0,1024,2800,False
114900036,0,0,1024,2800,False
115100038,0,0,1024,2800,False
115300004,0,0,1024,2800,False
115300073,38487,0,1024,2800,True
115500062,0,41757,1024,2800,True
115600047,0,0,1024,2800,False
116000003,0,0,1024,2800,False
116100020,0,0,1024,2800,False
116100058,0,0,1024,2800,False
116400024,35744,0,1024,2800,True
116500076,0,0,1024,2800,False
116900029,0,19632,1024,2800,True
116900067,0,0,1024,2800,False
117700047,0,0,1024,2800,False
117900012,0,38115,1024,2800,True
117900058,9458,0,1024,2800,True
118300007,0,0,1024,2800,False
118300045,0,58128,1024,2800,True
118300084,0,0,1024,2800,False
118600004,0,0,1024,2800,False
118600061,0,0,1024,2800,False
118800019,0,0,1024,2800,False
118800058,0,0,1024,2800,False
118900034,0,0,1024,2800,False
119100006,0,0,1024,2800,False
119100044,0,0,1024,2800,False
119300066,0,0,1024,2800,False
119400013,0,0,1024,2800,False
119400050,0,0,1024,2800,False
119700027,0,0,1024,2800,False
120000000,0,0,1024,2800,False
120000046,5841,0,1024,2800,True
120200001,0,0,1024,2800,False
120200041,9079,120619,1024,2800,True
120200083,0,0,1024,2800,False
120300072,0,0,1024,2800,False
121200019,0,0,1024,2800,False
121200071,0,0,1024,2800,False
121400032,0,0,1024,2800,False
121500015,0,0,1024,2800,False
121500054,0,0,1024,2800,False
121600053,0,0,1024,2800,False
121800010,0,0,1024,2800,False
121800048,0,0,1024,2800,False
121900043,9313,157102,1024,2800,True
122300015,0,0,1024,2800,False
122300057,0,0,1024,2800,False
122400009,0,0,1024,2800,False
122400058,0,0,1024,2800,False
122500023,0,0,1024,2800,False
122500063,0,0,1024,2800,False
122600057,0,33728,1024,2800,True
122700031,0,0,1024,2800,False
122700077,0,0,1024,2800,False
122900029,0,0,1024,2800,False
122900082,0,0,1024,2800,False
123300023,0,29256,1024,2800,True
123300066,0,0,1024,2800,False
123600040,36287,0,1024,2800,True
123700017,0,0,1024,2800,False
123700055,0,78843,1024,2800,True
123800009,0,29665,1024,2800,True
123800047,0,0,1024,2800,False
124000000,0,0,1024,2800,False
124000042,0,0,1024,2800,False
124200015,0,0,1024,2800,False
124200068,0,0,1024,2800,False
124400021,0,0,1024,2800,False
124400071,0,0,1024,2800,False
124500046,0,0,1024,2800,False
124600036,0,0,1024,2800,False
124700006,0,71751,1024,2800,True
124700046,0,0,1024,2800,False
124700084,0,0,1024,2800,False
124800037,0,0,1024,2800,False
124800076,0,0,1024,2800,False
125100046,0,0,1024,2800,False
125200018,0,0,1024,2800,False
125200073,0,0,1024,2800,False
125400020,0,70884,1024,2800,True
125400066,0,0,1024,2800,False
125600014,0,0,1024,2800,False
125600051,0,0,1024,2800,False
125700023,0,0,1024,2800,False
125700062,0,0,1024,2800,False
125800009,0,0,1024,2800,False
125800063,0,0,1024,2800,False
126500012,0,0,1024,2800,False
126600053,0,0,1024,2800,False
126800016,0,28875,1024,2800,True
126800054,7878,0,1024,2800,True
127000006,0,0,1024,2800,False
127000056,0,0,1024,2800,False
127200019,0,0,1024,2800,False
127300006,0,113,1024,2800,True
127300047,0,0,1024,2800,False
127400007,0,0,1024,2800,False
127600031,0,0,1024,2800,False
127600072,0,0,1024,2775,False
128200002,7953,0,1024,2800,True
128200045,0,70162,1024,2800,True
128200083,0,0,1024,2800,False
128300045,0,0,1024,2800,False
128500000,0,54983,1024,2800,True
128500039,0,0,1024,2800,False
128700052,0,0,1024,2800,False
128800009,0,0,1024,2800,False
129100030,0,98626,1024,2800,True
129100074,0,0,1024,2800,False
129300034,0,0,1024,2800,False
129300072,0,0,1024,2800,False
129400029,0,0,1024,2800,False
129400073,0,0,1024,2800,False
129500020,0,0,1024,2800,False
129500060,3990,0,1024,2800,True
129700052,0,0,1024,2800,False
129800005,0,0,1024,2800,False
129800046,0,0,1024,2800,False
129900005,0,0,1024,2800,False
129900054,0,0,1024,2800,False
130300024,0,0,1024,2800,False
130300063,0,0,1024,2800,False
130400062,0,0,1024,2800,False
130500039,0,0,1024,2800,False
130500078,0,0,1024,2800,False
130800018,0,0,1024,2800,False
130800056,0,0,1024,2800,False
131000029,0,0,1024,2800,False
131000070,0,0,1024,2800,False
131600006,0,0,1024,2800,False
131600047,0,0,1024,2800,False
131900007,0,0,1024,2800,False
131900052,0,0,1024,2800,False
132300004,0,0,1024,2800,False
132500006,0,30746,1024,2800,True
132500050,0,0,1024,2800,False
133200010,0,0,1024,2800,False
133200047,0,0,1024,2800,False
133500000,0,0,1024,2800,False
133500056,0,0,1024,2800,False
133600075,15326,0,1024,2800,True
133700022,0,0,1024,2800,False
133700063,9109,0,1024,2800,True
134000029,0,0,1024,2800,False
134100004,0,0,1024,2800,False
134200038,0,0,1024,2800,False
134200082,17672,0,1024,2800,True
134600023,0,0,1024,2800,False
134600069,0,0,1024,2800,False
134700031,0,0,1024,2800,False
134700075,0,59770,1024,2800,True
134900081,0,0,1024,2800,False
135400069,36229,0,1024,2800,True
135500021,0,40835,1024,2800,True
135500058,0,0,1024,2800,False
135700022,0,0,1024,2800,False
135700060,0,0,1024,2800,False
135800048,0,0,1024,2800,False
135900054,0,0,1024,2800,False
136200006,0,0,1024,2800,False
136200043,0,0,1024,2800,False
136500002,35100,0,1024,2800,True
136500051,0,0,1024,2800,False
136700062,0,22469,1024,2800,True
136900017,7521,0,1024,2800,True
137100000,0,0,1024,2800,False
137100046,0,0,1024,2800,False
137400004,0,0,1024,2800,False
137400057,0,0,1024,2800,False
137600004,0,0,1024,2800,False
137600059,0,0,1024,2800,False
137900026,0,0,1024,2800,False
137900078,20857,0,1024,2800,True
138000034,11606,0,1024,2800,True
138000072,0,0,1024,2800,False
138200029,0,0,1024,2800,False
138200079,36768,0,1024,2800,True
138400027,0,0,1024,2800,False
138400069,0,0,1024,2800,False
138500016,0,0,1024,2800,False
138500066,0,0,1024,2800,False
138700031,0,0,1024,2800,False
138700069,0,0,1024,2800,False
138900019,0,0,1024,2800,False
138900058,0,0,1024,2800,False
139100031,0,0,1024,2800,False
139100069,0,0,1024,2800,False
139200021,0,0,1024,2800,False
139200077,0,0,1024,2800,False
140200019,0,0,1024,2800,False
140200062,8366,0,1024,2800,True
140300048,0,0,1024,2800,False
140500013,0,0,1024,2800,False
140500055,0,61020,1024,2800,True
140700049,0,93094,1024,2800,True
140800021,0,32729,1024,2800,True
140800071,0,0,1024,2800,False
140900035,0,0,1024,2800,False
140900080,0,0,1024,2800,False
141000057,0,0,1024,2800,False
141100036,0,0,1024,2800,False
141100077,0,0,1024,2800,False
141200044,0,0,1024,2800,False
141400016,0,50628,1024,2800,True
141400069,36254,0,1024,2800,True
141500019,0,0,1024,2800,False
142100049,0,0,1024,2800,False
142200019,0,0,1024,2800,False
142200061,0,0,1024,2800,False
142500026,0,0,1024,2800,False
142800012,0,0,1024,2800,False
142800056,12805,0,1024,2800,True
143400005,0,0,1024,2800,False
143400044,0,0,1024,2800,False
143400084,0,0,1024,2800,False
143600036,11115,0,1024,2800,True
143600074,0,0,1024,2800,False
143900021,0,103539,1024,2800,True
143900060,0,0,1024,2770,False
144000051,0,0,1024,2800,False
144100006,0,0,1024,2800,False
144100050,0,0,1024,2800,False
144200027,0,0,1024,2800,False
144400002,0,0,1024,2800,False
144500016,7703,0,1024,2800,True
144500056,0,0,1024,2800,False
144800066,0,0,1024,2800,False
144900018,0,0,1024,2800,False
144900056,0,0,1024,2800,False
145000041,0,0,1024,2767,False
145000081,0,0,1024,2800,False
145100039,0,0,1024,2800,False
145200004,0,0,1024,2800,False
145200042,0,0,1024,2800,False
145200079,0,0,1024,2800,False
145300042,0,0,1024,2800,False
146300052,0,0,1024,2800,False
147200016,0,0,1024,2800,False
147200061,0,0,1024,2800,False
147300011,0,0,1024,2800,False
147900051,34206,0,1024,2800,True
148000037,35569,0,1024,2800,True
148100001,0,0,1024,2800,False
148300019,15755,0,1024,2800,True
148300072,0,0,1024,2800,False
148400037,18227,0,1024,2800,True
148500005,33757,0,1024,2800,True
148500050,52210,0,1024,2800,True
148600037,0,0,1024,2800,False
148800010,0,0,1024,2800,False
148800047,0,0,1024,2800,False
148900000,0,16966,1024,2800,True
148900047,0,0,1024,2800,False
149000026,6401,0,1024,2800,True
149000074,0,0,1024,2800,False
149200028,0,0,1024,2800,False
149200065,0,0,1024,2800,False
149400012,0,0,1024,2800,False
149400055,0,0,1024,2800,False
149500019,0,0,1024,2800,False
149500062,0,0,1024,2800,False
149600018,0,0,1024,2800,False
149600056,0,0,1024,2800,False
149700008,0,0,1024,2800,False
149800022,0,0,1024,2800,False
149900001,0,0,1024,2800,False
149900049,0,0,1024,2800,False
150000026,0,0,1024,2800,False
150000064,0,0,1024,2800,False
150100018,0,0,1024,2800,False
150100057,0,0,1024,2800,False
150200079,0,0,1024,2800,False
150400033,52898,117549,1024,2800,True
150400078,0,0,1024,2800,False
150600025,0,0,1024,2800,False
150600076,0,0,1024,2800,False
150700037,0,0,1024,2800,False
150700083,0,0,1024,2800,False
150800040,0,0,1024,2800,False
150800082,0,0,1024,2800,False
150900037,0,0,1024,2800,False
150900081,3916,0,1024,2800,True
151000042,0,0,1024,2800,False
151000084,0,0,1024,2800,False
151700072,0,0,1024,2800,False
151800034,0,0,1024,2800,False
151800075,0,0,1024,2800,False
151900022,0,0,1024,2800,False
151900064,0,40349,1024,2800,True
152000030,0,0,1024,2800,False
152000081,0,0,1024,2800,False
152100054,0,0,1024,2800,False
152300018,0,0,1024,2800,False
152300061,0,0,1024,2800,False
152400022,0,0,1024,2800,False
152400084,0,0,1024,2800,False
152600062,0,0,1024,2800,False
152700027,0,0,1024,2800,False
152700071,0,0,1024,2800,False
152800018,0,0,1024,2800,False
152800070,0,0,1024,2800,False
152900036,23234,0,1024,2800,True
153000000,0,0,1024,2800,False
153000041,0,0,1024,2800,False
153100002,0,0,1024,2800,False
153100049,0,0,1024,2800,False
153200021,0,0,1024,2800,False
153200061,0,0,1024,2800,False
153300026,0,0,1024,2800,False
153300067,0,0,1024,2800,False
153500014,0,0,1024,2800,False
153500054,0,0,1024,2800,False
153600019,0,0,1024,2800,False
153600063,0,0,1024,2800,False
153700027,0,0,1024,2800,False
153700080,0,0,1024,2800,False
153800027,0,0,1024,2800,False
153800064,0,0,1024,2800,False
154000029,0,0,1024,2800,False
154000073,0,0,1024,2800,False
154500077,0,0,1024,2765,False
154700043,0,0,1024,2800,False
155000022,34694,0,1024,2800,True
155000062,0,0,1024,2800,False
155100017,10630,0,1024,2800,True
155100056,0,0,1024,2800,False
155200041,0,0,1024,2800,False
155300065,16731,0,1024,2800,True
155400040,32266,0,1024,2800,True
156300022,0,0,1024,2800,False
156300060,0,0,1024,2800,False
156400058,0,0,1024,2800,False
156500014,0,0,1024,2800,False
156600052,0,0,1024,2800,False
156700003,0,0,1024,2800,False
156700052,0,0,1024,2800,False
157200028,0,39716,1024,2800,True
157200074,0,0,1024,2800,False
157400021,33265,0,1024,2800,True
157500041,0,0,1024,2800,False
157500080,0,39697,1024,2800,True
157600042,0,0,1024,2800,False
157700003,0,0,1024,2800,False
158000012,0,0,1024,2800,False
158000055,0,0,1024,2800,False
158100008,0,0,1024,2800,False
158100060,0,0,1024,2800,False
158300022,0,0,1024,2800,False
158300059,0,0,1024,2800,False
158500023,0,0,1024,2800,False
158500067,0,0,1024,2800,False
158600014,0,0,1024,2800,False
158600052,0,0,1024,2800,False
158700055,0,0,1024,2800,False
158800062,0,46464,1024,2800,True
158900010,0,0,1024,2800,False
158900073,0,0,1024,2800,False
159000047,0,0,1024,2800,False
159300069,0,0,1024,2800,False
160000040,0,0,1024,2800,False
160200001,0,0,1024,2800,False
160200046,0,0,1024,2800,False
160300015,0,42118,1024,2800,True
160300053,0,0,1024,2800,False
160400014,0,0,1024,2800,False
160600028,34589,0,1024,2800,True
160600069,0,0,1024,2800,False
160800027,0,0,1024,2800,False
160800067,0,0,1024,2800,False
160900053,0,0,1024,2800,False
161200018,0,0,1024,2800,False
161200055,0,89082,1024,2800,True
161300009,0,0,1024,2800,False
161300046,0,0,1024,2800,False
161500000,0,0,1024,2800,False
161500039,0,0,1024,2800,False
161500077,0,0,1024,2800,False
161600029,0,0,1024,2800,False
161600084,0,0,1024,2800,False
161700036,0,0,1024,2800,False
161700077,0,0,1024,2800,False
161800033,0,0,1024,2800,False
161800073,0,0,1024,2800,False
161900020,0,0,1024,2800,False
161900078,0,0,1024,2800,False
162100025,0,0,1024,2800,False
162100066,0,0,1024,2800,False
162400076,0,0,1024,2800,False
162500036,0,0,1024,2800,False
162600015,0,0,1024,2800,False
162600060,0,0,1024,2800,False
162700022,0,0,1024,2800,False
162700070,0,0,1024,2800,False
162800024,0,0,1024,2800,False
162800065,0,0,1024,2800,False
162900022,0,0,1024,2800,False
162900060,0,0,1024,2800,False
163000064,0,0,1024,2800,False
163100043,0,0,1024,2800,False
163200026,0,0,1024,2800,False
163300010,0,71761,1024,2800,True
163300055,0,0,1024,2800,False
163700042,0,0,1024,2800,False
163700083,0,0,1024,2800,False
163800045,0,0,1024,2800,False
163900046,0,0,1024,2800,False
164000002,0,0,1024,2800,False
164000046,0,0,1024,2800,False
164300000,0,0,1024,2800,False
164300077,0,66209,1024,2800,True
164500030,0,0,1024,2800,False
164500081,0,0,1024,2800,False
164600046,0,0,1024,2800,False
165200013,0,0,1024,2800,False
165200057,0,0,1024,2800,False
165300014,0,0,1024,2800,False
165300053,0,0,1024,2800,False
165400017,0,0,1024,2800,False
165400057,0,0,1024,2800,False
165500007,0,0,1024,2800,False
165500052,0,0,1024,2800,False
165600010,0,0,1024,2800,False
165600056,31887,0,1024,2800,True
165700021,0,0,1024,2800,False
165700069,0,0,1024,2800,False
165800016,0,0,1024,2800,False
165800077,0,0,1024,2771,False
165900041,0,0,1024,2800,False
165900083,0,0,1024,2800,False
166100051,0,0,1024,2800,False
166300010,0,62946,1024,2800,True
166300053,0,0,1024,2800,False
166400017,0,0,1024,2800,False
166400061,0,0,1024,2800,False
166600010,0,0,1024,2800,False
166600048,0,0,1024,2800,False
166700023,0,0,1024,2800,False
166700072,0,0,1024,2800,False
166800077,0,52854,1024,2800,True
166900035,0,0,1024,2800,False
167000052,0,0,1024,2800,False
167100005,0,0,1024,2800,False
167100044,0,0,1024,2800,False
167200002,0,0,1024,2800,False
167200039,0,0,1024,2800,False
167300002,0,0,1024,2800,False
167300049,0,0,1024,2800,False
167600002,0,0,1024,2800,False
167600055,0,0,1024,2800,False
167700024,0,0,1024,2800,False
167700071,0,0,1024,2800,False
167900002,0,0,1024,2800,False
167900055,0,0,1024,2800,False
168000063,0,0,1024,2800,False
168100029,0,0,1024,2800,False
168100077,0,0,1024,2800,False
168200041,34256,0,1024,2800,True
168200080,0,0,1024,2800,False
168300038,0,0,1024,2800,False
168300078,0,0,1024,2800,False
168400034,0,54310,1024,2800,True
168400073,0,0,1024,2800,False
169300027,0,0,1024,2800,False
169300065,0,0,1024,2800,False
169500067,0,0,1024,2800,False
169600060,0,0,1024,2800,False
169800007,0,0,1024,2800,False
169800046,0,0,1024,2800,False
170400002,0,0,1024,2800,False
170400040,0,0,1024,2800,False
170400077,0,0,1024,2800,False
170700032,0,77061,1024,2800,True
170700079,0,0,1024,2800,False
170800037,0,0,1024,2800,False
170800074,0,0,1024,2800,False
170900021,0,0,1024,2800,False
170900061,0,0,1024,2800,False
171000022,0,0,1024,2800,False
171000075,0,0,1024,2800,False
171100028,0,0,1024,2800,False
171100066,0,0,1024,2800,False
171200013,0,0,1024,2800,False
171200058,0,0,1024,2800,False
171300022,0,0,1024,2800,False
171300073,0,0,1024,2800,False
171400036,0,0,1024,2800,False
171500021,0,0,1024,2800,False
171500061,0,43371,1024,2800,True
171600018,0,0,1024,2800,False
171600063,0,0,1024,2800,False
171700029,0,0,1024,2800,False
171800052,0,0,1024,2800,False
171900007,0,0,1024,2800,False
171900046,0,0,1024,2800,False
172100016,0,0,1024,2800,False
172100059,0,0,1024,2800,False
172200030,0,0,1024,2800,False
172200071,0,0,1024,2800,False
172300028,0,0,1024,2800,False
172300065,0,0,1024,2800,False
172400025,0,0,1024,2800,False
172400066,0,0,1024,2800,False
175200021,0,0,1024,2800,False
175200060,0,0,1024,2800,False
175300026,0,0,1024,2800,False
175300064,0,0,1024,2800,False
175400011,0,0,1024,2800,False
175400063,0,0,1024,2800,False
175500022,0,0,1024,2800,False
175500070,0,0,1024,2800,False
175600041,0,0,1024,2800,False
175900037,0,0,1024,2800,False
175900080,0,0,1024,2800,False
176000034,0,0,1024,2800,False
176000074,0,0,1024,2800,False
99100024,0,0,1024,2800,False
99100061,0,0,1024,2800,False
99300017,0,0,1024,2800,False
99300076,0,73225,1024,2800,True
99900044,0,0,1024,2800,False
100000033,0,23585,1024,2800,True
100000072,0,0,1024,2800,False
100100026,0,0,1024,2800,False
100100070,0,0,1024,2800,False
100400003,0,0,1024,2800,False
100400041,0,5,1024,2800,True
100400082,0,0,1024,2800,False
100500039,0,0,1024,2800,False
100700011,0,0,1024,2800,False
100700049,0,0,1024,2800,False
101100010,0,0,1024,2800,False
101100050,0,0,1024,2785,False
101500003,0,0,1024,2800,False
101500044,0,20,1024,2800,True
101500084,51339,0,1024,2800,True
101600057,19124,0,1024,2800,True
101700018,0,0,1024,2800,False
101700065,16524,0,1024,2800,True
101900002,0,0,1024,2800,False
101900057,0,0,1024,2800,False
102100016,0,35120,1024,2800,True
103000024,0,0,1024,2800,False
103200005,0,0,1024,2800,False
103200044,0,0,1024,2800,False
103200082,0,0,1024,2800,False
103300040,0,0,1024,2800,False
103400063,0,0,1024,2800,False
103500051,28204,0,1024,2800,True
103700026,6870,0,1024,2800,True
103900009,0,0,1024,2800,False
103900054,0,0,1024,2800,False
104600011,0,0,1024,2800,False
104600061,0,0,1024,2800,False
104700036,0,0,1024,2800,False
104700084,0,0,1024,2800,False
104900009,0,0,1024,2800,False
104900048,0,48908,1024,2800,True
105100004,0,0,1024,2800,False
105100043,0,0,1024,2800,False
105100084,0,0,1024,2800,False
105200073,0,0,1024,2800,False
105300035,0,0,1024,2800,False
105300076,0,0,1024,2800,False
105600002,0,0,1024,2800,False
105600040,0,0,1024,2800,False
105600080,0,0,1024,2800,False
105900033,0,33217,1024,2800,True
105900084,0,0,1024,2800,False
106100008,0,0,1024,2800,False
106100051,0,0,1024,2800,False
106200003,11639,0,1024,2800,True
106200049,9713,40195,1024,2800,True
106300013,0,0,1024,2800,False
106300050,0,0,1024,2800,False
106500043,0,0,1024,2800,False
106600006,0,0,1024,2800,False
106600045,0,0,1024,2800,False
106600083,0,10,1024,2800,True
106900010,0,0,1024,2800,False
106900048,0,0,1024,2800,False
107900000,0,0,1024,2800,False
107900041,0,0,1024,2800,False
107900082,0,0,1024,2800,False
108400080,0,0,1024,2800,False
108600049,0,0,1024,2800,False
108900025,0,0,1024,2800,False
108900062,22167,0,1024,2800,True
109200012,0,0,1024,2800,False
109200061,0,0,1024,2800,False
109300031,0,0,1024,2800,False
109600014,0,0,1024,2800,False
109600057,0,0,1024,2800,False
109700033,12044,0,1024,2800,True
109700077,0,0,1024,2800,False
109800024,0,0,1024,2800,False
109800063,0,53831,1024,2800,True
110100028,0,0,1024,2800,False
110100065,0,0,1024,2800,False
110400022,0,0,1024,2800,False
110400071,0,0,1024,2800,False
110500078,0,0,1024,2800,False
110700033,0,0,1024,2800,False
110900005,0,0,1024,2800,False
110900042,0,0,1024,2800,False
110900083,15923,0,1024,2800,True
111200001,12805,0,1024,2800,True
111200052,0,0,1024,2800,False
111400014,0,19535,1024,2800,True
111400065,0,0,1024,2800,False
111500039,0,0,1024,2800,False
111700039,45115,0,1024,2800,True
111800000,0,0,1024,2800,False
111900035,0,19368,1024,2800,True
111900073,0,0,1024,2800,False
112000032,0,0,1024,2800,False
112500015,0,0,1024,2800,False
112500062,0,0,1024,2800,False
112600021,0,0,1024,2800,False
112600075,0,0,1024,2800,False
112800029,0,0,1024,2800,False
112800066,0,0,1024,2800,False
113100023,0,0,1024,2800,False
113300015,0,0,1024,2800,False
113300053,0,0,1024,2800,False
113400025,0,0,1024,2800,False
113400073,0,36523,1024,2800,True
113500034,0,0,1024,2800,False
113700034,0,0,1024,2800,False
113700072,0,0,1024,2800,False
114500019,0,0,1024,2800,False
114600037,5190,0,1024,2800,True
114600075,0,0,1024,2800,False
114700058,0,0,1024,2800,False
114900037,0,57015,1024,2800,True
115100039,0,0,1024,2800,False
115300005,0,0,1024,2800,False
115300074,20000,0,1024,2800,True
115500063,0,0,1024,2800,False
115600048,0,0,1024,2800,False
116000004,0,51717,1024,2800,True
116100021,0,0,1024,2800,False
116100059,0,34435,1024,2800,True
116400025,26850,0,1024,2800,True
116500077,0,0,1024,2800,False
116900030,0,0,1024,2800,False
116900068,0,0,1024,2800,False
117700048,0,70861,1024,2800,True
117900013,0,0,1024,2800,False
117900059,0,116559,1024,2800,True
118300008,0,0,1024,2800,False
118300046,0,0,1024,2800,False
118500000,0,0,1024,2800,False
118600006,0,0,1024,2800,False
118600062,0,0,1024,2800,False
118800020,0,0,1024,2800,False
118800059,0,0,1024,2800,False
118900035,0,0,1024,2800,False
119100007,0,0,1024,2800,False
119100052,0,0,1024,2800,False
119300067,0,0,1024,2800,False
119400014,0,0,1024,2800,False
119400051,0,0,1024,2800,False
119700028,0,0,1024,2800,False
120000010,14102,0,1024,2800,True
120000047,0,0,1024,2800,False
120200002,0,15339,1024,2800,True
120200042,0,0,1024,2800,False
120200084,0,0,1024,2800,False
120300073,0,0,1024,2800,False
121200020,0,0,1024,2800,False
121200072,0,80762,1024,2800,True
121400033,0,0,1024,2800,False
121500016,0,29906,1024,2800,True
121500055,0,0,1024,2800,False
121600054,0,0,1024,2800,False
121800011,0,0,1024,2800,False
121800049,0,9891,1024,2800,True
121900044,0,0,1024,2800,False
122300016,0,0,1024,2800,False
122300058,0,0,1024,2800,False
122400010,0,0,1024,2800,False
122400059,0,0,1024,2800,False
122500024,0,0,1024,2800,False
122500064,0,0,1024,2800,False
122600058,0,0,1024,2800,False
122700032,0,0,1024,2800,False
122700078,0,0,1024,2800,False
122900030,0,0,1024,2800,False
122900083,0,0,1024,2800,False
123300024,0,0,1024,2800,False
123300067,0,0,1024,2800,False
123600041,36307,0,1024,2800,True
123700018,0,0,1024,2800,False
123700056,0,0,1024,2800,False
123800010,0,0,1024,2800,False
123800048,0,0,1024,2800,False
124000001,0,0,1024,2800,False
124000066,0,0,1024,2800,False
124200016,0,0,1024,2800,False
124200069,0,0,1024,2800,False
124400022,0,0,1024,2800,False
124400072,0,0,1024,2800,False
124500047,0,0,1024,2800,False
124600037,10266,0,1024,2800,True
124700007,0,0,1024,2800,False
124700047,0,0,1024,2776,False
124800006,0,0,1024,2800,False
124800045,0,0,1024,2800,False
125100005,0,0,1024,2800,False
125100047,0,0,1024,2800,False
125200019,0,0,1024,2800,False
125200074,0,0,1024,2800,False
125400021,0,0,1024,2800,False
125400067,0,0,1024,2800,False
125600015,0,0,1024,2800,False
125600052,0,0,1024,2800,False
125700024,0,0,1024,2800,False
125700063,0,0,1024,2800,False
125800010,0,0,1024,2800,False
125800064,0,0,1024,2800,False
126500013,0,0,1024,2800,False
126600054,0,0,1024,2800,False
126800017,0,0,1024,2800,False
126800055,11005,0,1024,2800,True
127000007,0,0,1024,2800,False
127000057,0,0,1024,2800,False
127200020,0,0,1024,2800,False
127300007,0,0,1024,2800,False
127300048,0,0,1024,2800,False
127400008,0,0,1024,2800,False
127600032,0,0,1024,2800,False
127600073,0,0,1024,2749,False
128200003,35310,0,1024,2800,True
128200046,0,0,1024,2800,False
128200084,0,0,1024,2800,False
128300046,0,0,1024,2800,False
128500001,0,0,1024,2800,False
128500040,0,0,1024,2800,False
128700053,0,0,1024,2800,False
128800010,0,0,1024,2800,False
129100031,0,0,1024,2800,False
129100075,0,0,1024,2800,False
129300035,0,0,1024,2800,False
129300073,0,0,1024,2800,False
129400030,0,125226,1024,2800,True
129400074,0,0,1024,2800,False
129500021,0,0,1024,2800,False
129500061,0,0,1024,2800,False
129700054,0,0,1024,2800,False
129800006,0,0,1024,2800,False
129800047,0,0,1024,2800,False
129900006,0,0,1024,2800,False
129900055,3482,34939,1024,2800,True
130300025,0,0,1024,2800,False
130300064,0,0,1024,2800,False
130400063,0,0,1024,2800,False
130500040,0,0,1024,2800,False
130500079,0,0,1024,2800,False
130800019,0,0,1024,2800,False
130800057,0,0,1024,2800,False
131000030,0,0,1024,2800,False
131000071,0,0,1024,2800,False
131600007,15120,0,1024,2800,True
131600048,0,0,1024,2800,False
131900008,9941,81557,1024,2800,True
131900053,0,0,1024,2800,False
132300005,0,0,1024,2800,False
132500007,0,0,1024,2800,False
132500051,0,0,1024,2800,False
133200011,0,0,1024,2800,False
133200048,0,0,1024,2800,False
133500001,0,0,1024,2800,False
133600032,0,0,1024,2800,False
133600076,0,0,1024,2800,False
133700023,0,0,1024,2800,False
133700064,0,0,1024,2800,False
134000030,0,0,1024,2800,False
134100005,0,0,1024,2800,False
134200039,0,0,1024,2800,False
134200083,35042,0,1024,2800,True
134600024,0,0,1024,2800,False
134600070,0,0,1024,2800,False
134700032,0,0,1024,2800,False
134700076,0,0,1024,2800,False
134900082,21317,0,1024,2800,True
135400070,15546,0,1024,2800,True
135500022,0,0,1024,2800,False
135500059,0,0,1024,2800,False
135700023,0,0,1024,2800,False
135700061,0,0,1024,2800,False
135800049,0,65477,1024,2800,True
135900055,16534,0,1024,2800,True
136200007,0,0,1024,2800,False
136200044,0,0,1024,2800,False
136500003,35613,0,1024,2800,True
136500052,35413,0,1024,2800,True
136700063,0,0,1024,2800,False
137000054,11165,0,1024,2800,True
137100001,0,0,1024,2800,False
137100047,0,18750,1024,2800,True
137400005,0,0,1024,2800,False
137400058,0,0,1024,2800,False
137600005,0,0,1024,2800,False
137600060,0,0,1024,2800,False
137900027,0,35766,1024,2800,True
137900079,0,0,1024,2800,False
138000035,0,0,1024,2800,False
138000073,0,0,1024,2800,False
138200030,0,0,1024,2800,False
138200080,35067,0,1024,2800,True
138400028,13408,0,1024,2800,True
138400070,0,0,1024,2800,False
138500017,0,0,1024,2800,False
138500067,0,0,1024,2800,False
138700032,0,0,1024,2800,False
138700070,0,0,1024,2800,False
138900020,0,0,1024,2800,False
138900059,0,0,1024,2800,False
139100032,0,0,1024,2800,False
139100070,0,0,1024,2800,False
139200022,0,0,1024,2800,False
139200078,0,0,1024,2800,False
140200020,0,0,1024,2800,False
140200063,30877,0,1024,2800,True
140300049,0,102807,1024,2800,True
140500014,0,0,1024,2800,False
140500056,0,0,1024,2800,False
140700050,0,0,1024,2800,False
140800022,0,0,1024,2800,False
140800072,0,0,1024,2800,False
140900036,0,0,1024,2800,False
140900081,0,0,1024,2800,False
141000058,0,0,1024,2800,False
141100037,0,0,1024,2800,False
141100078,0,0,1024,2800,False
141200045,0,0,1024,2800,False
141400017,0,0,1024,2800,False
141400070,36078,0,1024,2800,True
141500020,0,0,1024,2800,False
142100050,0,0,1024,2800,False
142200020,0,0,1024,2800,False
142200062,0,0,1024,2800,False
142500027,0,0,1024,2800,False
142800013,0,0,1024,2800,False
142800057,21999,0,1024,2800,True
143400006,0,83096,1024,2800,True
143400045,0,0,1024,2800,False
143600000,0,0,1024,2800,False
143600037,35865,0,1024,2800,True
143600075,0,0,1024,2800,False
143900022,0,0,1024,2800,False
143900061,0,0,1024,2750,False
144000052,0,0,1024,2800,False
144100007,0,0,1024,2800,False
144100051,0,0,1024,2800,False
144200028,0,0,1024,2800,False
144400003,0,0,1024,2800,False
144500017,12425,0,1024,2800,True
144500057,0,0,1024,2800,False
144800067,0,0,1024,2800,False
144900019,0,0,1024,2800,False
144900057,0,0,1024,2800,False
145000042,0,0,1024,2734,False
145100000,0,0,1024,2800,False
145100040,0,0,1024,2800,False
145200005,0,0,1024,2800,False
145200043,0,0,1024,2800,False
145200080,0,0,1024,2800,False
145300043,0,0,1024,2800,False
146300053,0,0,1024,2800,False
147200017,0,0,1024,2800,False
147200062,0,0,1024,2800,False
147300012,0,75907,1024,2800,True
147900052,34625,0,1024,2800,True
148000038,32704,0,1024,2800,True
148100002,0,0,1024,2800,False
148300021,0,0,1024,2800,False
148300073,5239,0,1024,2800,True
148400038,35166,0,1024,2800,True
148500006,9983,0,1024,2800,True
148500052,52003,0,1024,2800,True
148600038,0,0,1024,2800,False
148800011,0,0,1024,2800,False
148800048,0,0,1024,2800,False
148900001,0,0,1024,2800,False
148900048,0,0,1024,2800,False
149000027,0,0,1024,2800,False
149000075,0,0,1024,2800,False
149200029,0,38973,1024,2800,True
149200066,0,91455,1024,2800,True
149400013,0,0,1024,2800,False
149400056,0,0,1024,2800,False
149500020,0,0,1024,2800,False
149500063,0,0,1024,2800,False
149600019,0,0,1024,2800,False
149600057,0,0,1024,2800,False
149700009,0,0,1024,2800,False
149800023,0,0,1024,2800,False
149900002,0,0,1024,2800,False
149900050,0,0,1024,2800,False
150000027,0,0,1024,2800,False
150000065,0,0,1024,2800,False
150100019,0,0,1024,2800,False
150100058,0,0,1024,2800,False
150200080,0,0,1024,2800,False
150400034,0,0,1024,2800,False
150400079,0,0,1024,2800,False
150600026,0,41821,1024,2800,True
150600077,0,0,1024,2800,False
150700038,0,0,1024,2800,False
150700084,0,0,1024,2800,False
150800041,0,0,1024,2800,False
150800083,0,0,1024,2800,False
150900038,0,0,1024,2800,False
151000000,0,0,1024,2800,False
151000043,0,0,1024,2800,False
151100000,14585,0,1024,2800,True
151700073,0,0,1024,2800,False
151800035,0,0,1024,2800,False
151800076,0,0,1024,2800,False
151900023,0,0,1024,2800,False
151900065,0,0,1024,2800,False
152000031,0,0,1024,2800,False
152000082,0,0,1024,2800,False
152100055,0,0,1024,2800,False
152300019,0,0,1024,2800,False
152300062,0,0,1024,2800,False
152400023,0,0,1024,2800,False
152500000,0,0,1024,2800,False
152600063,0,0,1024,2800,False
152700028,0,0,1024,2800,False
152700072,0,0,1024,2800,False
152800019,0,0,1024,2800,False
152800071,0,0,1024,2800,False
152900037,0,0,1024,2800,False
153000001,0,0,1024,2800,False
153000042,0,68619,1024,2800,True
153100003,0,20088,1024,2800,True
153100050,0,0,1024,2800,False
153200022,0,0,1024,2800,False
153200062,0,0,1024,2800,False
153300027,0,0,1024,2800,False
153300068,0,0,1024,2800,False
153500015,0,0,1024,2800,False
153500055,0,39404,1024,2800,True
153600020,0,0,1024,2800,False
153600064,0,0,1024,2800,False
153700028,0,0,1024,2800,False
153700081,0,126488,1024,2800,True
153800028,0,0,1024,2800,False
153800065,0,60971,1024,2800,True
154000030,13503,0,1024,2800,True
154000074,0,0,1024,2800,False
154500078,12663,0,1024,2741,True
154700044,0,0,1024,2800,False
155000023,35641,0,1024,2800,True
155000063,0,0,1024,2800,False
155100018,0,0,1024,2800,False
155100057,0,0,1024,2800,False
155200042,0,0,1024,2800,False
155300067,21829,0,1024,2800,True
155400041,34207,0,1024,2800,True
156300023,12526,115204,1024,2800,True
156300061,16432,0,1024,2800,True
156400059,0,0,1024,2800,False
156500015,0,0,1024,2800,False
156600053,0,0,1024,2800,False
156700004,0,0,1024,2800,False
156700053,0,0,1024,2800,False
157200029,0,0,1024,2800,False
157200075,13853,0,1024,2800,True
157400022,34787,0,1024,2777,True
157500042,0,0,1024,2800,False
157500081,0,0,1024,2800,False
157600043,0,0,1024,2800,False
157700004,0,0,1024,2800,False
158000013,0,0,1024,2800,False
158000056,0,0,1024,2800,False
158100009,0,0,1024,2800,False
158100061,0,0,1024,2800,False
158300023,0,0,1024,2800,False
158300060,0,0,1024,2800,False
158500024,0,0,1024,2800,False
158500068,0,0,1024,2800,False
158600015,0,0,1024,2800,False
158600053,0,0,1024,2800,False
158700056,0,0,1024,2800,False
158800063,0,0,1024,2800,False
158900011,0,0,1024,2800,False
158900074,0,0,1024,2800,False
159000048,0,0,1024,2800,False
159300070,0,0,1024,2800,False
160000041,20130,0,1024,2800,True
160200002,0,0,1024,2800,False
160200047,0,0,1024,2800,False
160300016,0,0,1024,2800,False
160300054,0,0,1024,2800,False
160400015,0,0,1024,2800,False
160600029,0,0,1024,2800,False
160600070,0,0,1024,2800,False
160800028,0,0,1024,2800,False
160800068,0,0,1024,2800,False
160900054,0,0,1024,2800,False
161200019,0,0,1024,2800,False
161200056,0,0,1024,2800,False
161300010,0,0,1024,2800,False
161300047,0,0,1024,2800,False
161500001,0,0,1024,2800,False
161500040,0,0,1024,2800,False
161500078,0,0,1024,2800,False
161600030,0,0,1024,2800,False
161700000,0,0,1024,2800,False
161700037,0,0,1024,2800,False
161700078,0,0,1024,2800,False
161800034,0,0,1024,2800,False
161800074,0,0,1024,2800,False
161900033,0,0,1024,2800,False
161900079,0,0,1024,2800,False
162100026,0,0,1024,2800,False
162100067,0,0,1024,2800,False
162400077,0,0,1024,2800,False
162500037,0,0,1024,2800,False
162600016,0,0,1024,2800,False
162600061,0,0,1024,2800,False
162700023,0,0,1024,2800,False
162700071,0,0,1024,2800,False
162800025,0,0,1024,2800,False
162800066,0,0,1024,2800,False
162900023,0,0,1024,2800,False
162900061,0,0,1024,2800,False
163000065,0,0,1024,2800,False
163100044,0,0,1024,2800,False
163200027,0,0,1024,2800,False
163300011,0,0,1024,2800,False
163300066,0,0,1024,2800,False
163700043,0,0,1024,2800,False
163700084,0,0,1024,2800,False
163800056,0,0,1024,2800,False
163900047,0,0,1024,2800,False
164000003,0,0,1024,2800,False
164000047,0,0,1024,2800,False
164300001,0,0,1024,2800,False
164300078,0,0,1024,2800,False
164500031,0,0,1024,2800,False
164500082,0,0,1024,2800,False
164600048,0,0,1024,2800,False
165200014,0,0,1024,2800,False
165200058,0,0,1024,2800,False
165300015,0,0,1024,2800,False
165300054,0,0,1024,2800,False
165400018,0,0,1024,2800,False
165400058,0,0,1024,2800,False
165500008,0,0,1024,2800,False
165500053,0,0,1024,2800,False
165600011,0,0,1024,2800,False
165600057,12311,0,1024,2800,True
165700022,0,0,1024,2800,False
165700070,0,0,1024,2800,False
165800017,0,0,1024,2800,False
165900000,0,0,1024,2800,False
165900042,0,0,1024,2800,False
165900084,0,0,1024,2800,False
166100052,0,0,1024,2800,False
166300011,0,0,1024,2800,False
166300054,0,0,1024,2800,False
166400018,0,79510,1024,2800,True
166400062,0,0,1024,2800,False
166600011,0,0,1024,2800,False
166600049,0,0,1024,2800,False
166700024,0,0,1024,2800,False
166700073,0,0,1024,2800,False
166800078,0,0,1024,2800,False
166900036,8236,54211,1024,2800,True
167000053,0,0,1024,2800,False
167100006,0,0,1024,2800,False
167100045,0,0,1024,2800,False
167200003,0,0,1024,2800,False
167200040,0,0,1024,2800,False
167300003,0,0,1024,2800,False
167300050,0,0,1024,2800,False
167600003,0,0,1024,2800,False
167600056,0,0,1024,2800,False
167700027,0,0,1024,2800,False
167700072,0,0,1024,2800,False
167900003,0,47265,1024,2800,True
167900056,0,0,1024,2800,False
168000064,0,0,1024,2800,False
168100030,0,0,1024,2800,False
168100078,0,0,1024,2800,False
168200042,0,0,1024,2800,False
168200081,0,0,1024,2800,False
168300039,0,0,1024,2800,False
168300079,0,39616,1024,2800,True
168400035,0,0,1024,2800,False
168400074,0,44712,1024,2800,True
169300028,0,0,1024,2800,False
169300066,0,0,1024,2800,False
169500068,0,0,1024,2800,False
169600061,0,0,1024,2800,False
169800008,0,0,1024,2800,False
169800047,0,0,1024,2800,False
170400003,0,0,1024,2800,False
170400041,0,0,1024,2800,False
170400078,0,0,1024,2800,False
170700033,0,0,1024,2800,False
170700080,0,0,1024,2800,False
170800038,0,0,1024,2800,False
170800075,0,0,1024,2800,False
170900022,0,0,1024,2800,False
170900075,0,0,1024,2800,False
171000023,0,0,1024,2800,False
171000076,0,0,1024,2800,False
171100029,0,0,1024,2800,False
171100067,0,0,1024,2800,False
171200014,0,0,1024,2800,False
171200059,0,0,1024,2800,False
171300023,0,0,1024,2800,False
171300074,0,0,1024,2800,False
171400037,0,0,1024,2800,False
171500022,0,0,1024,2800,False
171500062,0,31571,1024,2800,True
171600019,0,281320,1024,2800,True
171600064,0,0,1024,2800,False
171700030,0,0,1024,2800,False
171800053,0,0,1024,2800,False
171900008,0,0,1024,2800,False
171900070,14749,0,1024,2800,True
172100017,0,0,1024,2800,False
172100060,0,0,1024,2800,False
172200031,0,0,1024,2800,False
172200072,0,0,1024,2800,False
172300029,0,0,1024,2800,False
172300066,0,0,1024,2800,False
172400026,0,0,1024,2800,False
172400067,0,0,1024,2800,False
175200022,0,0,1024,2800,False
175200061,0,0,1024,2800,False
175300027,0,0,1024,2800,False
175300065,0,0,1024,2800,False
175400012,0,0,1024,2800,False
175400064,0,0,1024,2800,False
175500023,0,0,1024,2800,False
175600000,0,49368,1024,2800,True
175600042,0,0,1024,2800,False
175900038,0,0,1024,2800,False
175900081,0,0,1024,2800,False
176000035,0,0,1024,2800,False
176000075,0,0,1024,2800,False
99100025,0,0,1024,2800,False
99100062,0,0,1024,2800,False
99300018,0,0,1024,2800,False
99300077,0,0,1024,2800,False
99900045,0,0,1024,2800,False
100000034,0,18783,1024,2800,True
100000073,11855,263425,1024,2800,True
100100027,0,0,1024,2800,False
100100071,61766,0,1024,2800,True
100400004,0,0,1024,2800,False
100400042,0,0,1024,2799,False
100500000,0,0,1024,2800,False
100500040,0,0,1024,2800,False
100700012,0,83216,1024,2800,True
100700050,0,0,1024,2800,False
101100011,0,0,1024,2800,False
101100051,0,0,1024,2757,False
101500004,0,0,1024,2800,False
101500045,0,0,1024,2800,False
101600000,0,0,1024,2800,False
101600058,0,0,1024,2800,False
101700020,0,0,1024,2800,False
101700067,0,44107,1024,2800,True
101900003,0,0,1024,2800,False
101900058,0,0,1024,2800,False
102100017,0,0,1024,2800,False
103000025,0,0,1024,2800,False
103200006,0,0,1024,2800,False
103200045,0,0,1024,2800,False
103200083,0,38510,1024,2800,True
103300041,0,0,1024,2800,False
103400064,0,0,1024,2800,False
103500052,12442,0,1024,2800,True
103700027,0,0,1024,2800,False
103900010,0,0,1024,2800,False
103900055,0,0,1024,2800,False
104600012,0,0,1024,2800,False
104600062,0,0,1024,2800,False
104700037,0,0,1024,2800,False
104800000,0,0,1024,2800,False
104900010,0,0,1024,2800,False
104900049,0,0,1024,2800,False
105100005,0,0,1024,2800,False
105100044,10069,0,1024,2800,True
105200023,0,0,1024,2800,False
105200074,0,0,1024,2800,False
105300036,0,0,1024,2800,False
105300077,0,0,1024,2800,False
105600003,0,0,1024,2800,False
105600041,0,0,1024,2800,False
105600081,0,0,1024,2800,False
105900034,0,0,1024,2800,False
106000024,0,0,1024,2800,False
106100009,0,16,1024,2800,True
106100052,0,0,1024,2800,False
106200004,15633,0,1024,2800,True
106200050,0,0,1024,2800,False
106300014,0,0,1024,2800,False
106300051,0,0,1024,2800,False
106500044,0,0,1024,2800,False
106600007,0,0,1024,2800,False
106600046,0,0,1024,2800,False
106600084,0,0,1024,2800,False
106900011,0,34497,1024,2800,True
106900049,0,0,1024,2800,False
107900001,0,0,1024,2800,False
107900042,4690,0,1024,2800,True
107900083,0,0,1024,2800,False
108400081,0,3,1024,2800,True
108600050,0,0,1024,2800,False
108900026,0,10547,1024,2800,True
108900063,0,0,1024,2800,False
109200013,0,0,1024,2800,False
109200062,0,0,1024,2800,False
109300032,0,0,1024,2800,False
109600015,0,0,1024,2800,False
109600058,0,0,1024,2800,False
109700034,0,0,1024,2800,False
109700078,0,0,1024,2800,False
109800025,0,0,1024,2800,False
109800064,0,0,1024,2800,False
110100029,20203,0,1024,2800,True
110100066,0,0,1024,2800,False
110400023,0,26988,1024,2800,True
110400072,0,0,1024,2800,False
110500079,0,0,1024,2800,False
110700034,0,0,1024,2800,False
110900006,0,0,1024,2782,False
110900043,0,0,1024,2800,False
111000022,0,50190,1024,2800,True
111200002,11605,0,1024,2800,True
111200053,0,69706,1024,2800,True
111400015,0,0,1024,2800,False
111400066,0,0,1024,2800,False
111500040,0,92262,1024,2800,True
111700040,44915,0,1024,2800,True
111800001,0,0,1024,2800,False
111900036,0,0,1024,2800,False
111900074,0,0,1024,2800,False
112000033,17537,0,1024,2800,True
112500016,0,0,1024,2800,False
112500063,0,0,1024,2800,False
112600022,0,0,1024,2800,False
112600076,0,0,1024,2800,False
112800030,0,0,1024,2800,False
112800067,0,0,1024,2800,False
113100024,0,0,1024,2800,False
113300016,0,0,1024,2800,False
113300054,0,0,1024,2800,False
113400026,0,0,1024,2800,False
113400074,0,0,1024,2800,False
113500035,0,0,1024,2800,False
113700035,0,0,1024,2800,False
113700073,0,0,1024,2800,False
114600000,26054,0,1024,2800,True
114600038,0,0,1024,2800,False
114600076,0,47568,1024,2800,True
114700059,0,0,1024,2800,False
114900038,0,0,1024,2800,False
115100040,0,0,1024,2800,False
115300006,0,0,1024,2800,False
115300075,0,0,1024,2800,False
115500064,0,0,1024,2800,False
115600049,0,0,1024,2800,False
116000005,0,0,1024,2800,False
116100022,0,25234,1024,2800,True
116100060,0,0,1024,2800,False
116400028,43269,0,1024,2800,True
116500078,0,0,1024,2800,False
116900031,0,0,1024,2800,False
116900069,0,0,1024,2800,False
117700049,0,0,1024,2800,False
117900014,0,0,1024,2800,False
117900060,0,17258,1024,2800,True
118300009,0,0,1024,2800,False
118300047,0,0,1024,2800,False
118500001,0,0,1024,2800,False
118600007,0,0,1024,2800,False
118600063,0,0,1024,2800,False
118800021,0,0,1024,2800,False
118800060,0,0,1024,2800,False
118900036,0,0,1024,2800,False
119100014,0,0,1024,2800,False
119100053,0,0,1024,2800,False
119300068,0,0,1024,2800,False
119400015,0,0,1024,2800,False
119400052,0,0,1024,2800,False
119700029,0,0,1024,2800,False
120000011,35877,0,1024,2800,True
120000048,0,0,1024,2800,False
120200003,0,0,1024,2800,False
120200043,0,0,1024,2800,False
120300037,0,0,1024,2800,False
120300074,0,0,1024,2800,False
121200021,0,103995,1024,2800,True
121400002,0,0,1024,2800,False
121400062,0,0,1024,2800,False
121500017,0,0,1024,2800,False
121500056,0,78014,1024,2800,True
121600055,0,0,1024,2800,False
121800012,0,0,1024,2800,False
121800050,0,24421,1024,2800,True
121900045,7009,90238,1024,2800,True
122300017,15204,0,1024,2800,True
122300059,0,0,1024,2800,False
122400011,0,0,1024,2800,False
122400060,0,0,1024,2800,False
122500025,0,0,1024,2800,False
122500065,0,0,1024,2800,False
122600059,0,55840,1024,2800,True
122700033,0,0,1024,2800,False
122700079,0,0,1024,2800,False
122900031,0,109079,1024,2800,True
122900084,0,0,1024,2800,False
123300025,0,0,1024,2800,False
123300068,0,0,1024,2800,False
123600042,27424,0,1024,2800,True
123700019,0,0,1024,2800,False
123700057,0,0,1024,2800,False
123800011,0,0,1024,2800,False
123800049,3551,0,1024,2800,True
124000002,0,0,1024,2800,False
124000067,0,0,1024,2800,False
124200017,0,0,1024,2800,False
124200070,0,0,1024,2800,False
124400023,0,55245,1024,2800,True
124400073,0,0,1024,2800,False
124500048,0,0,1024,2800,False
124600038,0,0,1024,2800,False
124700008,4044,0,1024,2800,True
124700054,0,0,1024,2800,False
124800007,0,0,1024,2800,False
124800046,0,0,1024,2800,False
125100006,0,0,1024,2800,False
125100048,0,0,1024,2800,False
125200020,0,0,1024,2800,False
125200075,0,0,1024,2800,False
125400028,0,0,1024,2800,False
125400068,0,0,1024,2800,False
125600016,0,0,1024,2800,False
125600053,0,0,1024,2800,False
125700025,0,0,1024,2800,False
125700064,0,0,1024,2800,False
125800011,0,0,1024,2800,False
125800065,0,0,1024,2800,False
126500014,0,0,1024,2800,False
126600055,0,29199,1024,2800,True
126800018,0,0,1024,2800,False
126800056,39193,80186,1024,2800,True
127000008,0,0,1024,2800,False
127000058,0,75937,1024,2800,True
127200021,0,0,1024,2800,False
127300008,0,0,1024,2800,False
127300049,0,0,1024,2800,False
127400009,0,0,1024,2800,False
127600042,16648,0,1024,2800,True
127600082,0,0,1024,2800,False
128200004,0,0,1024,2800,False
128200047,0,62809,1024,2800,True
128300000,8822,0,1024,2800,True
128300047,0,0,1024,2800,False
128500002,0,0,1024,2800,False
128500041,0,0,1024,2800,False
128700054,0,0,1024,2800,False
128800011,0,0,1024,2800,False
129100032,0,0,1024,2800,False
129100076,0,0,1024,2800,False
129300036,0,0,1024,2800,False
129300074,0,0,1024,2800,False
129400031,0,0,1024,2800,False
129400075,0,0,1024,2800,False
129500023,0,0,1024,2800,False
129500062,0,13879,1024,2800,True
129700055,10327,0,1024,2800,True
129800007,0,0,1024,2800,False
129800048,0,0,1024,2800,False
129900007,4505,0,1024,2800,True
129900081,33879,0,1024,2800,True
130300026,0,0,1024,2800,False
130300065,0,0,1024,2800,False
130400064,0,0,1024,2800,False
130500041,0,0,1024,2800,False
130500080,0,0,1024,2800,False
130800020,0,0,1024,2800,False
130800058,0,61661,1024,2800,True
131000031,0,0,1024,2800,False
131000072,0,0,1024,2800,False
131600008,18910,0,1024,2800,True
131600049,0,76614,1024,2800,True
131900009,22968,0,1024,2800,True
132200059,0,0,1024,2800,False
132300006,0,0,1024,2800,False
132500008,0,0,1024,2800,False
132500052,0,0,1024,2800,False
133200012,0,0,1024,2800,False
133200049,0,0,1024,2800,False
133500026,0,0,1024,2800,False
133600033,0,0,1024,2800,False
133600077,0,0,1024,2800,False
133700024,0,0,1024,2800,False
133700065,0,0,1024,2800,False
134000031,0,0,1024,2800,False
134100006,0,0,1024,2800,False
134200040,0,0,1024,2800,False
134400000,0,0,1024,2800,False
134600025,0,0,1024,2800,False
134600071,0,0,1024,2800,False
134700033,0,0,1024,2800,False
134700077,0,0,1024,2800,False
134900083,0,0,1024,2800,False
135400071,0,0,1024,2800,False
135500023,0,0,1024,2800,False
135500060,0,0,1024,2800,False
135700024,0,0,1024,2800,False
135700062,0,0,1024,2800,False
135800050,0,0,1024,2800,False
135900056,5129,52125,1024,2800,True
136200008,0,0,1024,2800,False
136200045,0,0,1024,2800,False
136500004,30172,0,1024,2800,True
136500053,23471,0,1024,2800,True
136700064,0,0,1024,2800,False
137000055,0,37853,1024,2800,True
137100002,0,0,1024,2800,False
137100048,0,0,1024,2800,False
137400006,0,94200,1024,2800,True
137400059,0,0,1024,2800,False
137600006,0,31030,1024,2800,True
137600061,0,20716,1024,2800,True
137900028,0,0,1024,2800,False
137900080,12603,0,1024,2800,True
138000036,0,0,1024,2800,False
138000074,0,0,1024,2800,False
138200031,0,0,1024,2800,False
138200081,0,0,1024,2800,False
138400029,35457,0,1024,2800,True
138400071,0,0,1024,2800,False
138500018,0,0,1024,2800,False
138500068,0,0,1024,2800,False
138700033,0,0,1024,2800,False
138700071,0,0,1024,2800,False
138900021,0,0,1024,2800,False
138900060,0,0,1024,2800,False
139100033,0,0,1024,2800,False
139100071,0,0,1024,2800,False
139200023,0,0,1024,2800,False
139200079,0,0,1024,2800,False
140200021,0,59923,1024,2800,True
140200064,25589,0,1024,2800,True
140300050,0,0,1024,2800,False
140500015,0,0,1024,2800,False
140500057,0,0,1024,2800,False
140700051,0,0,1024,2800,False
140800023,0,85044,1024,2800,True
140800073,0,94067,1024,2800,True
140900037,0,0,1024,2800,False
140900082,0,0,1024,2800,False
141000059,0,0,1024,2800,False
141100038,0,0,1024,2800,False
141100079,0,0,1024,2800,False
141200046,0,0,1024,2800,False
141400018,0,0,1024,2800,False
141400071,14738,0,1024,2800,True
141500021,0,0,1024,2800,False
142100051,0,0,1024,2800,False
142200021,0,0,1024,2800,False
142200063,0,0,1024,2800,False
142500028,10294,0,1024,2800,True
142800014,0,0,1024,2800,False
142800058,13068,0,1024,2800,True
143400007,0,0,1024,2800,False
143400054,0,0,1024,2800,False
143600001,0,0,1024,2800,False
143600038,25684,0,1024,2800,True
143600076,0,0,1024,2800,False
143900023,0,0,1024,2800,False
143900062,0,0,1024,2738,False
144000053,0,0,1024,2800,False
144100008,0,0,1024,2800,False
144100052,0,0,1024,2800,False
144200029,0,131979,1024,2800,True
144400004,0,0,1024,2800,False
144500018,0,0,1024,2800,False
144500058,0,0,1024,2800,False
144800068,0,0,1024,2800,False
144900020,0,0,1024,2800,False
144900084,0,0,1024,2800,False
145000043,0,0,1024,2709,False
145100001,0,0,1024,2800,False
145100041,0,0,1024,2800,False
145200006,0,0,1024,2800,False
145200044,0,0,1024,2800,False
145200081,0,0,1024,2800,False
145300044,0,0,1024,2800,False
146300054,0,0,1024,2800,False
147200018,0,0,1024,2800,False
147200063,0,0,1024,2800,False
147300013,12666,0,1024,2800,True
147900053,12076,0,1024,2800,True
148000039,0,0,1024,2800,False
148100003,0,0,1024,2800,False
148300022,0,0,1024,2800,False
148300074,0,0,1024,2800,False
148400039,51755,0,1024,2800,True
148500007,8045,0,1024,2800,True
148500053,34741,0,1024,2800,True
148600039,0,0,1024,2800,False
148800012,0,0,1024,2800,False
148800049,0,0,1024,2800,False
148900002,0,33988,1024,2800,True
148900049,0,0,1024,2800,False
149000028,0,0,1024,2800,False
149000076,0,0,1024,2800,False
149200030,0,0,1024,2800,False
149200067,0,0,1024,2800,False
149400014,0,0,1024,2800,False
149400057,0,0,1024,2800,False
149500021,0,0,1024,2800,False
149500064,0,122380,1024,2800,True
149600020,0,0,1024,2800,False
149600058,0,0,1024,2800,False
149700010,0,37570,1024,2800,True
149800024,0,6294,1024,2800,True
149900003,0,0,1024,2800,False
149900051,0,0,1024,2800,False
150000028,0,0,1024,2800,False
150000066,0,0,1024,2800,False
150100020,0,27623,1024,2800,True
150100059,0,0,1024,2800,False
150200081,0,23136,1024,2800,True
150400035,0,0,1024,2800,False
150400080,0,0,1024,2800,False
150600027,0,0,1024,2800,False
150600078,0,0,1024,2800,False
150700039,15932,0,1024,2800,True
150800000,0,0,1024,2800,False
150800042,0,0,1024,2800,False
150800084,0,0,1024,2800,False
150900051,9409,0,1024,2800,True
151000001,0,0,1024,2800,False
151000044,0,0,1024,2800,False
151100001,31325,0,1024,2800,True
151700074,0,0,1024,2800,False
151800036,0,0,1024,2800,False
151800077,0,0,1024,2800,False
151900024,0,0,1024,2800,False
151900066,0,88110,1024,2800,True
152000032,0,0,1024,2800,False
152000083,0,0,1024,2800,False
152100056,0,0,1024,2800,False
152300020,0,0,1024,2800,False
152300063,0,0,1024,2800,False
152400024,0,0,1024,2800,False
152600032,0,0,1024,2800,False
152600075,0,0,1024,2800,False
152700029,0,0,1024,2800,False
152700073,0,0,1024,2800,False
152800040,3817,0,1024,2800,True
152900000,0,0,1024,2800,False
152900038,0,0,1024,2800,False
153000002,0,0,1024,2800,False
153000043,0,0,1024,2800,False
153100004,0,0,1024,2800,False
153100051,0,0,1024,2800,False
153200023,0,0,1024,2800,False
153200063,0,0,1024,2800,False
153300028,0,0,1024,2800,False
153300069,0,0,1024,2800,False
153500016,0,0,1024,2800,False
153500056,0,0,1024,2800,False
153600021,0,0,1024,2800,False
153600065,0,0,1024,2800,False
153700029,0,0,1024,2800,False
153700082,0,0,1024,2800,False
153800029,0,0,1024,2800,False
153800066,0,0,1024,2800,False
154000031,20216,0,1024,2800,True
154000075,0,0,1024,2800,False
154500079,10610,0,1024,2723,True
154700045,0,0,1024,2800,False
155000024,26771,0,1024,2800,True
155000064,0,0,1024,2800,False
155100019,0,0,1024,2800,False
155100058,0,61371,1024,2800,True
155200043,0,0,1024,2800,False
155300069,35688,0,1024,2800,True
155400042,8141,0,1024,2800,True
156300024,0,40673,1024,2800,True
156300062,0,0,1024,2800,False
156400060,0,0,1024,2800,False
156500016,0,0,1024,2800,False
156600054,0,0,1024,2800,False
156700005,0,0,1024,2800,False
156700054,0,0,1024,2800,False
157200030,0,0,1024,2800,False
157200076,12632,0,1024,2800,True
157400023,37008,0,1024,2746,True
157500043,0,0,1024,2800,False
157500082,0,0,1024,2800,False
157600044,0,0,1024,2800,False
157700005,0,0,1024,2800,False
158000014,0,0,1024,2800,False
158000057,0,0,1024,2800,False
158100010,0,0,1024,2800,False
158100062,0,0,1024,2800,False
158300024,0,0,1024,2800,False
158300062,0,0,1024,2800,False
158500026,0,0,1024,2800,False
158500069,0,0,1024,2800,False
158600016,0,0,1024,2800,False
158600054,0,0,1024,2800,False
158700057,0,0,1024,2800,False
158800064,0,0,1024,2800,False
158900022,0,0,1024,2800,False
158900077,0,0,1024,2800,False
159000049,0,0,1024,2800,False
159300071,0,0,1024,2800,False
160000042,0,0,1024,2800,False
160200003,0,0,1024,2800,False
160200048,0,0,1024,2800,False
160300017,0,0,1024,2800,False
160300055,0,0,1024,2800,False
160400016,0,0,1024,2800,False
160600030,0,0,1024,2800,False
160600071,0,0,1024,2800,False
160800029,0,51150,1024,2800,True
160800069,0,0,1024,2800,False
160900055,0,0,1024,2800,False
161200020,0,54950,1024,2800,True
161200057,0,103740,1024,2800,True
161300011,0,0,1024,2800,False
161300048,0,0,1024,2800,False
161500002,0,0,1024,2800,False
161500041,0,0,1024,2800,False
161500079,0,0,1024,2800,False
161600031,0,0,1024,2800,False
161700001,0,0,1024,2800,False
161700038,0,0,1024,2800,False
161700079,0,0,1024,2800,False
161800035,0,0,1024,2800,False
161800075,0,0,1024,2800,False
161900037,0,0,1024,2800,False
161900080,0,0,1024,2800,False
162100027,0,0,1024,2800,False
162100068,0,0,1024,2800,False
162400078,0,0,1024,2800,False
162500038,0,0,1024,2800,False
162600017,0,0,1024,2800,False
162600062,0,0,1024,2800,False
162700024,0,0,1024,2800,False
162700072,0,0,1024,2800,False
162800026,0,0,1024,2800,False
162800067,0,0,1024,2800,False
162900024,0,62369,1024,2800,True
162900062,0,0,1024,2800,False
163000066,0,0,1024,2800,False
163100045,0,0,1024,2800,False
163200028,0,54593,1024,2800,True
163300024,0,0,1024,2800,False
163300067,0,0,1024,2800,False
163700044,0,0,1024,2800,False
163800015,0,0,1024,2800,False
163800057,0,0,1024,2800,False
163900048,0,0,1024,2800,False
164000004,0,0,1024,2800,False
164000048,0,0,1024,2800,False
164300002,0,0,1024,2800,False
164300079,0,0,1024,2800,False
164500032,0,0,1024,2800,False
164500083,0,0,1024,2800,False
164600049,0,0,1024,2800,False
165200015,0,37652,1024,2800,True
165200059,0,0,1024,2800,False
165300016,0,0,1024,2800,False
165300055,0,0,1024,2800,False
165400019,0,0,1024,2800,False
165400059,0,0,1024,2800,False
165500009,0,0,1024,2800,False
165500054,0,0,1024,2800,False
165600012,0,0,1024,2800,False
165600058,0,14041,1024,2800,True
165700023,0,0,1024,2800,False
165700071,0,0,1024,2800,False
165800018,0,0,1024,2800,False
165900001,0,0,1024,2800,False
165900043,0,0,1024,2800,False
166100021,0,0,1024,2800,False
166100065,0,0,1024,2800,False
166300012,0,0,1024,2800,False
166300055,0,174863,1024,2800,True
166400019,0,0,1024,2800,False
166400063,0,0,1024,2800,False
166600012,0,0,1024,2800,False
166600050,0,0,1024,2800,False
166700025,0,0,1024,2800,False
166700074,0,0,1024,2800,False
166800079,0,0,1024,2800,False
166900038,0,0,1024,2800,False
167000054,0,0,1024,2800,False
167100007,0,0,1024,2800,False
167100046,0,0,1024,2800,False
167200004,0,0,1024,2800,False
167200041,0,0,1024,2800,False
167300004,0,0,1024,2800,False
167300051,0,0,1024,2800,False
167600004,0,0,1024,2800,False
167600057,0,0,1024,2800,False
167700028,0,0,1024,2800,False
167700073,0,0,1024,2800,False
167900004,0,0,1024,2800,False
167900057,0,0,1024,2800,False
168000065,0,0,1024,2800,False
168100031,0,0,1024,2800,False
168100079,0,0,1024,2800,False
168200043,0,0,1024,2800,False
168200082,0,0,1024,2800,False
168300040,0,0,1024,2800,False
168300080,0,0,1024,2800,False
168400036,0,0,1024,2800,False
168400075,0,0,1024,2800,False
169300029,0,0,1024,2800,False
169300067,0,0,1024,2800,False
169500069,0,0,1024,2800,False
169600062,0,0,1024,2800,False
169800009,0,0,1024,2800,False
169800048,0,0,1024,2800,False
170400004,0,0,1024,2800,False
170400042,0,0,1024,2800,False
170400079,0,0,1024,2800,False
170700034,0,0,1024,2800,False
170700081,0,0,1024,2800,False
170800039,0,51627,1024,2800,True
170800076,0,0,1024,2800,False
170900031,13862,0,1024,2800,True
170900076,0,0,1024,2800,False
171000024,0,0,1024,2800,False
171000077,0,0,1024,2800,False
171100030,0,0,1024,2800,False
171100068,0,0,1024,2800,False
171200015,0,0,1024,2800,False
171200060,0,0,1024,2800,False
171300024,0,0,1024,2800,False
171300075,0,0,1024,2800,False
171400038,0,0,1024,2800,False
171500023,0,0,1024,2800,False
171500063,0,0,1024,2800,False
171600020,24889,0,1024,2800,True
171600065,0,0,1024,2800,False
171700031,0,0,1024,2800,False
171800054,0,88670,1024,2800,True
171900016,0,0,1024,2800,False
171900071,0,0,1024,2800,False
172100018,0,0,1024,2800,False
172100061,0,160242,1024,2800,True
172200032,0,0,1024,2800,False
172200073,0,0,1024,2800,False
172300030,0,0,1024,2800,False
172300067,0,0,1024,2800,False
172400027,0,0,1024,2800,False
172400068,0,0,1024,2800,False
175200023,0,0,1024,2800,False
175200062,0,0,1024,2800,False
175300028,0,0,1024,2800,False
175300066,0,0,1024,2800,False
175400013,0,0,1024,2800,False
175400065,0,0,1024,2800,False
175500040,0,0,1024,2800,False
175600001,0,0,1024,2800,False
175600043,0,0,1024,2800,False
175900039,0,0,1024,2800,False
175900082,0,0,1024,2800,False
176000036,0,0,1024,2800,False
176000076,0,0,1024,2800,False
99100026,0,0,1024,2800,False
99100063,0,0,1024,2800,False
99300019,0,0,1024,2800,False
99300078,0,0,1024,2800,False
99900046,0,0,1024,2800,False
100000035,0,0,1024,2800,False
100000074,29534,0,1024,2800,True
100100028,0,0,1024,2800,False
100100072,0,0,1024,2800,False
100400005,17371,0,1024,2781,True
100400052,11374,0,1024,2800,True
100500002,0,0,1024,2800,False
100500041,0,0,1024,2800,False
100700013,0,0,1024,2800,False
100700051,0,0,1024,2800,False
101100012,23968,0,1024,2800,True
101100052,30071,0,1024,2747,True
101500005,0,21430,1024,2800,True
101500046,0,0,1024,2800,False
101600001,0,0,1024,2800,False
101600059,0,0,1024,2800,False
101700021,0,0,1024,2800,False
101700068,0,0,1024,2800,False
101900004,0,0,1024,2800,False
101900059,0,0,1024,2800,False
102100018,0,0,1024,2800,False
103000026,0,0,1024,2800,False
103200007,0,0,1024,2800,False
103200046,0,0,1024,2800,False
103200084,0,0,1024,2800,False
103300042,0,0,1024,2800,False
103400075,0,0,1024,2800,False
103500053,0,0,1024,2800,False
103700028,0,0,1024,2800,False
103900011,0,0,1024,2800,False
103900056,0,0,1024,2800,False
104600013,0,0,1024,2800,False
104600063,0,0,1024,2800,False
104700038,0,0,1024,2800,False
104800001,0,0,1024,2800,False
104900011,0,0,1024,2800,False
104900050,0,10,1024,2800,True
105100006,0,10,1024,2800,True
105100045,17119,0,1024,2800,True
105200024,0,0,1024,2800,False
105200075,0,0,1024,2800,False
105300037,0,0,1024,2800,False
105300078,0,0,1024,2800,False
105600004,0,0,1024,2800,False
105600042,0,0,1024,2800,False
105600082,0,0,1024,2800,False
105900035,0,0,1024,2800,False
106000025,0,0,1024,2800,False
106100010,0,0,1024,2800,False
106100053,0,0,1024,2800,False
106200005,18557,0,1024,2800,True
106200068,0,0,1024,2800,False
106300015,0,0,1024,2800,False
106500004,0,0,1024,2800,False
106500045,0,0,1024,2800,False
106600008,0,0,1024,2800,False
106600047,0,0,1024,2800,False
106700065,0,0,1024,2800,False
106900012,0,89787,1024,2797,True
106900050,0,0,1024,2800,False
107900002,0,0,1024,2800,False
107900043,6766,0,1024,2800,True
107900084,0,0,1024,2800,False
108400082,0,0,1024,2800,False
108600051,0,0,1024,2800,False
108900027,0,0,1024,2800,False
108900064,0,66,1024,2800,True
109200014,0,0,1024,2800,False
109200063,0,0,1024,2800,False
109300033,0,0,1024,2800,False
109600016,0,0,1024,2800,False
109600059,0,0,1024,2800,False
109700035,0,87047,1024,2800,True
109700079,0,0,1024,2800,False
109800026,16266,0,1024,2800,True
109800070,0,0,1024,2800,False
110100030,8763,0,1024,2800,True
110100067,0,0,1024,2800,False
110400024,0,0,1024,2800,False
110400073,0,0,1024,2800,False
110500080,0,0,1024,2800,False
110700035,0,0,1024,2800,False
110900007,0,0,1024,2765,False
110900044,0,0,1024,2800,False
111000023,0,0,1024,2800,False
111200003,0,0,1024,2800,False
111200054,0,0,1024,2800,False
111400016,0,0,1024,2800,False
111400067,0,0,1024,2800,False
111500041,0,0,1024,2800,False
111700041,34795,0,1024,2800,True
111800002,0,0,1024,2800,False
111900037,0,0,1024,2800,False
111900075,0,0,1024,2800,False
112000034,21225,0,1024,2800,True
112500017,0,0,1024,2800,False
112500064,0,0,1024,2800,False
112600023,0,0,1024,2800,False
112600077,0,0,1024,2800,False
112800031,0,0,1024,2800,False
112800068,0,0,1024,2800,False
113100025,0,0,1024,2800,False
113300017,0,0,1024,2800,False
113300055,0,0,1024,2800,False
113400027,0,0,1024,2800,False
113400075,0,0,1024,2800,False
113500036,0,0,1024,2800,False
113700036,0,0,1024,2800,False
113700074,0,0,1024,2800,False
114600001,0,0,1024,2800,False
114600039,0,0,1024,2800,False
114600077,0,0,1024,2800,False
114700060,0,0,1024,2800,False
114900039,0,0,1024,2800,False
115100041,0,0,1024,2800,False
115300007,0,0,1024,2800,False
115300076,0,0,1024,2800,False
115500065,0,25650,1024,2800,True
115600050,0,0,1024,2800,False
116000006,0,0,1024,2800,False
116100023,0,0,1024,2800,False
116100061,0,0,1024,2800,False
116400055,12867,0,1024,2800,True
116500079,0,0,1024,2800,False
116900032,0,0,1024,2800,False
116900070,0,0,1024,2800,False
117700050,0,35999,1024,2800,True
117900015,0,0,1024,2800,False
117900061,0,0,1024,2800,False
118300010,0,0,1024,2800,False
118300048,0,0,1024,2800,False
118500002,0,0,1024,2800,False
118600008,0,0,1024,2800,False
118600064,0,0,1024,2800,False
118800022,0,0,1024,2800,False
118800061,0,0,1024,2800,False
118900037,0,0,1024,2800,False
119100015,0,0,1024,2800,False
119100054,0,0,1024,2800,False
119300069,0,0,1024,2800,False
119400016,0,0,1024,2800,False
119400053,0,0,1024,2800,False
119700030,0,82517,1024,2800,True
120000012,3660,0,1024,2800,True
120000049,0,102742,1024,2800,True
120200004,0,51095,1024,2800,True
120200044,0,158292,1024,2800,True
120300038,0,29692,1024,2800,True
120300075,0,0,1024,2800,False
121200042,0,0,1024,2800,False
121400003,0,0,1024,2800,False
121400063,0,27144,1024,2800,True
121500018,0,22925,1024,2800,True
121500057,0,0,1024,2800,False
121600056,0,0,1024,2800,False
121800013,0,0,1024,2800,False
121800051,0,0,1024,2800,False
121900046,17509,0,1024,2800,True
122300018,20177,0,1024,2800,True
122300060,0,0,1024,2800,False
122400012,0,0,1024,2800,False
122400061,0,0,1024,2800,False
122500026,0,0,1024,2800,False
122500066,0,0,1024,2800,False
122600060,0,0,1024,2800,False
122700034,0,0,1024,2800,False
122700080,0,0,1024,2800,False
122900032,0,0,1024,2800,False
123000077,25248,0,1024,2800,True
123300026,0,0,1024,2800,False
123300069,0,0,1024,2800,False
123600043,25198,0,1024,2800,True
123700020,0,0,1024,2800,False
123700058,7746,55238,1024,2800,True
123800012,0,0,1024,2800,False
123800050,0,0,1024,2800,False
124000003,0,0,1024,2800,False
124000068,0,0,1024,2800,False
124200018,0,0,1024,2800,False
124200071,0,0,1024,2800,False
124400024,0,0,1024,2800,False
124400074,0,0,1024,2800,False
124500049,0,0,1024,2800,False
124600039,0,0,1024,2800,False
124700017,0,0,1024,2800,False
124700055,0,0,1024,2800,False
124800008,0,0,1024,2800,False
124800047,0,42755,1024,2800,True
125100007,0,0,1024,2800,False
125100049,0,0,1024,2800,False
125200021,0,41505,1024,2800,True
125200076,0,0,1024,2800,False
125400031,0,0,1024,2800,False
125400069,0,0,1024,2800,False
125600017,0,54894,1024,2800,True
125600054,0,0,1024,2800,False
125700026,0,0,1024,2800,False
125700065,0,0,1024,2800,False
125800012,0,0,1024,2800,False
125800066,0,15209,1024,2800,True
126500015,0,0,1024,2800,False
126600056,0,0,1024,2800,False
126800019,0,0,1024,2800,False
126800057,29173,0,1024,2800,True
127000009,0,0,1024,2800,False
127000059,0,0,1024,2800,False
127200022,0,0,1024,2800,False
127300009,0,35545,1024,2800,True
127300050,0,0,1024,2800,False
127600002,0,0,1024,2800,False
127600043,19213,0,1024,2800,True
127600083,0,0,1024,2800,False
128200005,0,0,1024,2800,False
128200048,0,0,1024,2800,False
128300001,20012,0,1024,2800,True
128300048,0,0,1024,2800,False
128500003,0,0,1024,2800,False
128500042,0,0,1024,2800,False
128700055,0,0,1024,2800,False
128800012,0,0,1024,2800,False
129100033,0,48942,1024,2800,True
129100077,0,0,1024,2800,False
129300037,6830,0,1024,2800,True
129300075,0,0,1024,2800,False
129400032,0,0,1024,2800,False
129400076,0,43685,1024,2800,True
129500024,0,0,1024,2800,False
129500063,0,0,1024,2800,False
129700061,0,0,1024,2800,False
129800008,0,0,1024,2800,False
129800049,0,0,1024,2800,False
129900025,6,0,1024,2800,True
129900082,14667,0,1024,2800,True
130300027,0,0,1024,2800,False
130300066,0,0,1024,2800,False
130400065,0,0,1024,2800,False
130500042,0,0,1024,2800,False
130500081,27285,0,1024,2800,True
130800021,0,89507,1024,2800,True
130800059,0,0,1024,2800,False
131000032,0,38376,1024,2800,True
131000073,0,0,1024,2800,False
131600009,0,81471,1024,2800,True
131600050,0,0,1024,2800,False
131900023,0,0,1024,2800,False
132200060,0,0,1024,2800,False
132300007,6248,0,1024,2800,True
132500009,0,0,1024,2800,False
132500053,0,0,1024,2800,False
133200013,0,0,1024,2800,False
133200050,0,0,1024,2782,False
133500027,0,0,1024,2800,False
133600034,0,0,1024,2800,False
133600078,0,0,1024,2800,False
133700025,0,34480,1024,2800,True
133700066,0,0,1024,2800,False
134000032,0,0,1024,2800,False
134100007,0,0,1024,2800,False
134200041,0,0,1024,2800,False
134400001,0,0,1024,2800,False
134600026,0,0,1024,2800,False
134600072,0,0,1024,2800,False
134700034,0,0,1024,2800,False
134700078,0,0,1024,2800,False
134900084,0,0,1024,2800,False
135400072,0,85132,1024,2800,True
135500024,0,49822,1024,2800,True
135500061,0,0,1024,2800,False
135700025,0,0,1024,2800,False
135700063,0,0,1024,2800,False
135800051,0,0,1024,2800,False
135900057,0,0,1024,2800,False
136200009,0,0,1024,2800,False
136200046,0,0,1024,2800,False
136500005,35899,0,1024,2800,True
136500073,0,0,1024,2800,False
136700065,0,0,1024,2800,False
137000056,0,0,1024,2800,False
137100003,0,0,1024,2800,False
137100049,0,15556,1024,2800,True
137400007,0,251258,1024,2800,True
137400060,0,0,1024,2800,False
137600007,0,0,1024,2800,False
137600062,0,0,1024,2800,False
137900029,0,0,1024,2800,False
137900081,8307,0,1024,2800,True
138000037,0,0,1024,2800,False
138000075,0,0,1024,2800,False
138200032,0,0,1024,2800,False
138200082,0,0,1024,2800,False
138400030,0,0,1024,2800,False
138400072,0,0,1024,2800,False
138500019,0,0,1024,2800,False
138500082,0,0,1024,2800,False
138700034,0,0,1024,2800,False
138700072,0,0,1024,2800,False
138900022,0,0,1024,2800,False
138900061,0,0,1024,2800,False
139100034,0,0,1024,2800,False
139100072,0,0,1024,2800,False
139200024,0,0,1024,2800,False
139200080,0,0,1024,2800,False
140200022,0,0,1024,2800,False
140200065,28221,0,1024,2800,True
140300051,0,0,1024,2800,False
140500016,0,0,1024,2800,False
140500058,0,0,1024,2800,False
140700052,0,0,1024,2800,False
140800024,0,0,1024,2800,False
140800074,0,0,1024,2800,False
140900038,35143,0,1024,2800,True
140900083,0,0,1024,2800,False
141000060,0,0,1024,2800,False
141100039,0,0,1024,2800,False
141100080,0,0,1024,2800,False
141200047,0,0,1024,2800,False
141400019,10410,0,1024,2800,True
141400072,34687,0,1024,2800,True
141500022,0,0,1024,2800,False
142100052,0,0,1024,2800,False
142200022,0,0,1024,2800,False
142200064,0,0,1024,2800,False
142500029,0,0,1024,2800,False
142800015,0,0,1024,2800,False
142800059,5249,0,1024,2800,True
143400015,0,0,1024,2800,False
143400055,0,0,1024,2800,False
143600002,0,0,1024,2800,False
143600039,19096,0,1024,2800,True
143600077,0,0,1024,2800,False
143900024,0,0,1024,2800,False
143900076,0,74171,1024,2800,True
144000054,0,0,1024,2800,False
144100009,31549,0,1024,2800,True
144100053,0,0,1024,2800,False
144200030,0,0,1024,2800,False
144400005,0,69210,1024,2800,True
144500019,0,0,1024,2800,False
144500059,0,0,1024,2800,False
144800069,0,34210,1024,2800,True
144900027,0,0,1024,2800,False
145000012,0,0,1024,2800,False
145000051,0,0,1024,2800,False
145100002,0,0,1024,2800,False
145100042,0,0,1024,2800,False
145200007,0,0,1024,2800,False
145200045,0,0,1024,2800,False
145200082,0,0,1024,2800,False
145300045,0,45186,1024,2800,True
146300055,0,0,1024,2800,False
147200019,0,0,1024,2800,False
147200064,0,0,1024,2800,False
147300014,0,0,1024,2800,False
147900054,34886,0,1024,2800,True
148000040,0,0,1024,2800,False
148100004,0,0,1024,2800,False
148300023,0,0,1024,2800,False
148300075,0,0,1024,2800,False
148400040,20403,0,1024,2800,True
148500008,0,0,1024,2800,False
148500054,44699,0,1024,2800,True
148600040,0,0,1024,2800,False
148800013,0,0,1024,2800,False
148800050,0,0,1024,2800,False
148900003,0,0,1024,2800,False
148900050,0,0,1024,2800,False
149000029,30140,0,1024,2800,True
149000077,0,0,1024,2800,False
149200031,0,0,1024,2800,False
149200068,0,0,1024,2800,False
149400015,0,0,1024,2800,False
149400058,0,0,1024,2800,False
149500022,0,0,1024,2800,False
149500065,0,0,1024,2800,False
149600021,0,0,1024,2800,False
149600059,0,0,1024,2800,False
149700011,0,0,1024,2800,False
149800025,0,0,1024,2800,False
149900004,0,0,1024,2800,False
149900052,0,0,1024,2800,False
150000029,0,0,1024,2800,False
150000067,0,0,1024,2800,False
150100021,0,0,1024,2800,False
150100060,0,0,1024,2800,False
150200082,0,0,1024,2800,False
150400036,0,37767,1024,2800,True
150400081,0,0,1024,2800,False
150600028,0,0,1024,2800,False
150600079,0,0,1024,2800,False
150700040,0,0,1024,2800,False
150800001,0,0,1024,2800,False
150800043,0,0,1024,2800,False
150900008,0,0,1024,2800,False
150900052,0,0,1024,2800,False
151000002,0,0,1024,2800,False
151000045,0,0,1024,2800,False
151100002,0,0,1024,2800,False
151700075,0,0,1024,2800,False
151800037,0,0,1024,2800,False
151800078,0,0,1024,2800,False
151900025,0,0,1024,2800,False
151900067,0,0,1024,2800,False
152000033,0,0,1024,2800,False
152000084,0,0,1024,2800,False
152100057,0,0,1024,2800,False
152300021,0,0,1024,2800,False
152300064,0,171474,1024,2800,True
152400025,0,0,1024,2800,False
152600033,0,0,1024,2800,False
152600076,0,0,1024,2800,False
152700030,0,0,1024,2800,False
152700074,0,0,1024,2800,False
152800041,0,0,1024,2800,False
152900001,0,0,1024,2800,False
152900039,0,0,1024,2800,False
153000003,0,0,1024,2800,False
153000044,0,0,1024,2800,False
153100005,0,0,1024,2800,False
153100052,0,0,1024,2800,False
153200024,0,0,1024,2800,False
153200064,0,0,1024,2800,False
153300029,0,0,1024,2800,False
153300070,0,0,1024,2800,False
153500017,0,39252,1024,2800,True
153500057,0,36033,1024,2800,True
153600022,0,0,1024,2800,False
153600066,0,51075,1024,2800,True
153700030,0,0,1024,2800,False
153700083,0,0,1024,2800,False
153800030,0,0,1024,2800,False
153800067,0,0,1024,2800,False
154000032,0,0,1024,2793,False
154500048,0,0,1024,2800,False
154700014,0,28874,1024,2800,True
154700068,0,29332,1024,2800,True
155000025,0,0,1024,2800,False
155000065,0,0,1024,2800,False
155100020,0,0,1024,2800,False
155100059,0,39991,1024,2800,True
155200044,0,0,1024,2800,False
155300070,27685,0,1024,2800,True
155400043,16281,0,1024,2800,True
156300025,0,42219,1024,2800,True
156300063,0,0,1024,2800,False
156400061,0,0,1024,2800,False
156500017,0,0,1024,2800,False
156600055,0,0,1024,2800,False
156700006,0,0,1024,2800,False
156700055,0,0,1024,2800,False
157200031,0,0,1024,2800,False
157200077,0,132104,1024,2800,True
157400024,37236,0,1024,2726,True
157500044,0,0,1024,2800,False
157500083,0,30167,1024,2800,True
157600045,0,0,1024,2800,False
157700006,0,0,1024,2800,False
158000026,5006,0,1024,2800,True
158000064,0,0,1024,2800,False
158100011,0,0,1024,2800,False
158100063,0,0,1024,2800,False
158300025,0,0,1024,2800,False
158300063,0,0,1024,2800,False
158500027,0,0,1024,2800,False
158500070,0,0,1024,2800,False
158600017,0,0,1024,2800,False
158600055,0,0,1024,2800,False
158700058,0,0,1024,2800,False
158800065,0,0,1024,2800,False
158900023,0,0,1024,2800,False
158900078,0,0,1024,2800,False
159000050,0,0,1024,2800,False
159300072,0,0,1024,2800,False
160000043,0,0,1024,2800,False
160200004,0,0,1024,2800,False
160200049,0,0,1024,2800,False
160300018,0,141300,1024,2800,True
160300056,0,0,1024,2800,False
160400017,0,0,1024,2800,False
160600031,0,0,1024,2800,False
160600072,0,0,1024,2800,False
160800030,0,0,1024,2800,False
160800070,0,0,1024,2800,False
160900056,14186,0,1024,2800,True
161200021,0,0,1024,2800,False
161200058,0,0,1024,2800,False
161300012,0,37396,1024,2800,True
161300049,0,0,1024,2800,False
161500003,0,0,1024,2800,False
161500042,0,0,1024,2800,False
161500080,0,58562,1024,2800,True
161600032,0,0,1024,2800,False
161700002,0,0,1024,2800,False
161700039,0,0,1024,2800,False
161700080,0,66907,1024,2800,True
161800036,0,0,1024,2800,False
161800076,23100,0,1024,2800,True
161900038,0,0,1024,2800,False
161900081,0,0,1024,2800,False
162100028,0,0,1024,2800,False
162100078,0,0,1024,2800,False
162400079,0,0,1024,2800,False
162500039,0,0,1024,2800,False
162600018,0,0,1024,2800,False
162600063,0,0,1024,2800,False
162700025,0,0,1024,2800,False
162700073,0,0,1024,2800,False
162800027,0,0,1024,2800,False
162800068,0,0,1024,2800,False
162900025,0,0,1024,2800,False
162900063,0,0,1024,2800,False
163000067,0,0,1024,2800,False
163100046,0,0,1024,2800,False
163200029,0,0,1024,2800,False
163300025,0,0,1024,2800,False
163300068,0,0,1024,2800,False
163700045,0,0,1024,2800,False
163800016,0,0,1024,2800,False
163800058,0,0,1024,2800,False
163900049,0,0,1024,2800,False
164000005,0,0,1024,2800,False
164000049,0,0,1024,2800,False
164300003,0,0,1024,2800,False
164300080,0,0,1024,2800,False
164500033,0,0,1024,2800,False
164500084,0,0,1024,2800,False
164600050,0,0,1024,2800,False
165200016,0,0,1024,2800,False
165200060,0,0,1024,2800,False
165300017,0,0,1024,2800,False
165300056,0,0,1024,2800,False
165400020,0,0,1024,2800,False
165400060,0,0,1024,2800,False
165500010,0,0,1024,2800,False
165500055,0,0,1024,2800,False
165600013,0,0,1024,2800,False
165600059,0,0,1024,2800,False
165700024,0,0,1024,2800,False
165700072,0,0,1024,2800,False
165800046,5803,0,1024,2800,True
165900002,0,0,1024,2800,False
165900044,0,0,1024,2800,False
166100022,0,0,1024,2800,False
166100066,0,0,1024,2800,False
166300013,0,0,1024,2800,False
166300056,0,0,1024,2800,False
166400020,0,0,1024,2800,False
166400064,0,0,1024,2800,False
166600013,0,23858,1024,2800,True
166600051,0,0,1024,2800,False
166700026,0,0,1024,2800,False
166700075,0,0,1024,2800,False
166800080,0,0,1024,2800,False
166900039,0,0,1024,2800,False
167000055,0,0,1024,2800,False
167100008,0,0,1024,2800,False
167100047,0,0,1024,2800,False
167200005,0,0,1024,2800,False
167200042,0,0,1024,2800,False
167300005,16747,0,1024,2800,True
167300052,0,0,1024,2800,False
167600005,0,0,1024,2800,False
167600058,0,0,1024,2800,False
167700029,0,0,1024,2800,False
167700074,0,0,1024,2800,False
167900005,0,0,1024,2800,False
167900058,0,0,1024,2800,False
168000066,0,0,1024,2800,False
168100032,0,0,1024,2800,False
168100080,0,0,1024,2800,False
168200044,0,0,1024,2800,False
168200083,0,187187,1024,2800,True
168300041,0,0,1024,2800,False
168300081,0,0,1024,2800,False
168400037,0,0,1024,2800,False
168400076,0,0,1024,2800,False
169300030,0,0,1024,2800,False
169300068,0,0,1024,2800,False
169500070,0,32662,1024,2800,True
169600063,0,0,1024,2800,False
169800010,0,0,1024,2800,False
169800049,0,0,1024,2800,False
170400005,0,0,1024,2800,False
170400043,0,0,1024,2800,False
170400080,0,0,1024,2800,False
170700035,0,69932,1024,2800,True
170700082,0,0,1024,2800,False
170800040,0,0,1024,2800,False
170800077,0,0,1024,2800,False
170900032,0,122557,1024,2800,True
170900077,0,0,1024,2800,False
171000025,0,0,1024,2800,False
171000078,0,0,1024,2800,False
171100031,0,0,1024,2800,False
171100069,0,34284,1024,2800,True
171200016,0,0,1024,2800,False
171200061,0,0,1024,2800,False
171300025,0,0,1024,2800,False
171300076,0,0,1024,2800,False
171400039,0,0,1024,2800,False
171500024,0,0,1024,2800,False
171500072,0,0,1024,2800,False
171600034,0,0,1024,2800,False
171600071,14370,0,1024,2800,True
171700032,0,0,1024,2800,False
171800055,0,0,1024,2800,False
171900017,0,0,1024,2800,False
171900072,0,0,1024,2800,False
172100019,0,0,1024,2800,False
172100062,0,0,1024,2800,False
172200033,0,0,1024,2800,False
172200074,0,0,1024,2800,False
172300031,0,0,1024,2800,False
172300068,0,0,1024,2800,False
172400028,0,0,1024,2800,False
172400069,0,0,1024,2800,False
175200024,0,0,1024,2800,False
175200063,0,0,1024,2800,False
175300029,0,38084,1024,2800,True
175300067,12564,0,1024,2800,True
175400014,0,0,1024,2800,False
175400066,0,0,1024,2800,False
175500041,0,0,1024,2800,False
175600002,0,0,1024,2800,False
175600044,0,0,1024,2800,False
175900040,0,0,1024,2800,False
175900083,0,0,1024,2800,False
176000037,0,0,1024,2800,False
176000077,0,0,1024,2800,False
99100027,0,0,1024,2800,False
99100064,0,0,1024,2800,False
99300020,0,0,1024,2800,False
99300079,0,0,1024,2800,False
99900047,0,0,1024,2800,False
100000036,0,0,1024,2800,False
100000075,0,0,1024,2800,False
100100029,0,0,1024,2800,False
100100073,0,0,1024,2800,False
100400012,0,0,1024,2800,False
100400053,0,0,1024,2800,False
100500003,0,42690,1024,2800,True
100500042,0,0,1024,2800,False
100700014,0,96054,1024,2800,True
100700052,0,0,1024,2800,False
101100013,52493,0,1024,2800,True
101100059,19772,0,1024,2800,True
101500006,0,0,1024,2800,False
101500047,0,0,1024,2800,False
101600002,0,0,1024,2800,False
101600060,0,0,1024,2800,False
101700022,0,0,1024,2800,False
101700069,0,0,1024,2800,False
101900005,0,0,1024,2800,False
101900060,0,0,1024,2800,False
102100019,0,0,1024,2800,False
103000027,0,0,1024,2800,False
103200008,0,0,1024,2800,False
103200047,0,0,1024,2800,False
103300011,0,0,1024,2800,False
103400033,13851,0,1024,2800,True
103400076,0,0,1024,2800,False
103500054,0,0,1024,2800,False
103700029,0,0,1024,2800,False
103900012,0,0,1024,2800,False
103900057,0,0,1024,2800,False
104600014,22375,0,1024,2800,True
104600064,0,0,1024,2800,False
104700039,0,0,1024,2800,False
104800002,0,0,1024,2800,False
104900012,0,0,1024,2800,False
104900051,0,0,1024,2800,False
105100007,0,0,1024,2800,False
105100046,0,0,1024,2800,False
105200025,0,0,1024,2800,False
105200076,0,0,1024,2800,False
105300038,0,0,1024,2800,False
105300079,0,36923,1024,2800,True
105600005,0,0,1024,2800,False
105600043,0,0,1024,2800,False
105600083,0,0,1024,2800,False
105900036,0,0,1024,2800,False
106000026,0,0,1024,2800,False
106100011,0,0,1024,2800,False
106100054,0,0,1024,2800,False
106200020,0,0,1024,2800,False
106200069,0,42413,1024,2800,True
106300021,0,0,1024,2800,False
106500005,0,0,1024,2800,False
106500046,0,0,1024,2800,False
106600009,0,33480,1024,2800,True
106600048,0,0,1024,2800,False
106700066,0,0,1024,2800,False
106900013,7171,0,1024,2774,True
106900051,8278,0,1024,2800,True
107900003,0,0,1024,2800,False
107900044,0,0,1024,2800,False
108400038,20948,0,1024,2800,True
108400083,0,0,1024,2800,False
108600052,0,0,1024,2800,False
108900028,0,0,1024,2800,False
108900065,0,0,1024,2800,False
109200015,0,0,1024,2800,False
109200064,0,0,1024,2800,False
109300034,0,0,1024,2800,False
109600017,0,0,1024,2800,False
109600060,0,0,1024,2800,False
109700036,0,0,1024,2800,False
109700080,0,0,1024,2800,False
109800033,0,0,1024,2800,False
109800071,0,0,1024,2800,False
110100031,0,0,1024,2800,False
110100068,0,30882,1024,2800,True
110400025,0,0,1024,2800,False
110400074,0,0,1024,2800,False
110500082,0,0,1024,2800,False
110700036,0,0,1024,2800,False
110900008,0,0,1024,2749,False
110900045,0,0,1024,2800,False
111000024,0,0,1024,2800,False
111200004,10831,0,1024,2800,True
111200055,0,0,1024,2800,False
111400017,0,0,1024,2800,False
111400068,0,0,1024,2800,False
111500042,0,0,1024,2800,False
111700044,33760,0,1024,2800,True
111800003,0,0,1024,2800,False
111900038,0,0,1024,2800,False
111900076,0,0,1024,2800,False
112000035,0,0,1024,2800,False
112500018,0,0,1024,2800,False
112500065,0,0,1024,2800,False
112600024,0,0,1024,2800,False
112600078,0,0,1024,2800,False
112800032,0,0,1024,2800,False
112800069,0,0,1024,2800,False
113100026,0,0,1024,2800,False
113300018,0,0,1024,2800,False
113300056,0,0,1024,2800,False
113400028,0,0,1024,2800,False
113400076,0,0,1024,2800,False
113500037,0,0,1024,2800,False
113700037,0,0,1024,2800,False
113700075,0,0,1024,2800,False
114600002,0,0,1024,2800,False
114600040,0,0,1024,2800,False
114600078,0,0,1024,2800,False
114700061,0,5607,1024,2800,True
114900040,0,0,1024,2800,False
115100042,0,0,1024,2800,False
115300008,0,0,1024,2800,False
115300077,0,0,1024,2800,False
115500066,0,0,1024,2800,False
115600051,0,0,1024,2800,False
116000007,0,37230,1024,2800,True
116100024,0,0,1024,2800,False
116100062,0,0,1024,2800,False
116400056,0,0,1024,2800,False
116500080,0,0,1024,2800,False
116900033,0,0,1024,2800,False
116900071,0,42179,1024,2800,True
117700051,11280,0,1024,2800,True
117900016,0,48555,1024,2800,True
117900062,0,48391,1024,2800,True
118300011,0,0,1024,2800,False
118300049,0,36109,1024,2800,True
118500003,0,0,1024,2800,False
118600009,0,0,1024,2800,False
118600065,0,0,1024,2800,False
118800023,0,0,1024,2800,False
118800062,0,0,1024,2800,False
118900038,0,0,1024,2800,False
119100016,0,0,1024,2800,False
119100055,0,0,1024,2800,False
119300070,0,0,1024,2800,False
119400017,0,0,1024,2800,False
119400054,0,0,1024,2800,False
119700031,0,0,1024,2800,False
120000013,6945,0,1024,2800,True
120000050,0,0,1024,2800,False
120200005,0,0,1024,2800,False
120200045,0,0,1024,2800,False
120300039,0,19306,1024,2800,True
120300076,0,0,1024,2800,False
121200043,0,0,1024,2800,False
121400004,0,0,1024,2800,False
121400064,0,0,1024,2800,False
121500019,0,0,1024,2800,False
121500058,0,0,1024,2800,False
121600057,0,0,1024,2800,False
121800014,0,0,1024,2800,False
121800052,0,0,1024,2800,False
121900047,31141,147492,1024,2800,True
122300019,0,0,1024,2800,False
122300062,0,50817,1024,2800,True
122400013,0,0,1024,2800,False
122400062,0,0,1024,2800,False
122500027,0,0,1024,2800,False
122500067,9255,0,1024,2800,True
122600061,0,0,1024,2800,False
122700035,0,0,1024,2800,False
122700081,0,0,1024,2800,False
122900033,0,0,1024,2800,False
123000078,0,0,1024,2800,False
123300027,0,0,1024,2800,False
123300070,0,75934,1024,2800,True
123600045,20184,0,1024,2800,True
123700021,0,0,1024,2800,False
123700059,2713,0,1024,2800,True
123800013,0,30811,1024,2800,True
123800051,0,0,1024,2800,False
124000004,0,0,1024,2800,False
124000069,0,0,1024,2800,False
124200019,0,0,1024,2800,False
124200072,0,0,1024,2800,False
124400025,0,0,1024,2800,False
124400075,0,0,1024,2800,False
124500050,0,0,1024,2800,False
124600040,0,0,1024,2800,False
124700018,0,0,1024,2800,False
124700056,0,0,1024,2800,False
124800009,0,0,1024,2800,False
124800048,0,0,1024,2800,False
125100008,0,0,1024,2800,False
125100050,0,0,1024,2800,False
125200022,0,0,1024,2800,False
125200077,0,0,1024,2800,False
125400033,5297,0,1024,2800,True
125400070,0,0,1024,2800,False
125600018,0,0,1024,2800,False
125600055,0,0,1024,2800,False
125700027,0,0,1024,2800,False
125700066,0,0,1024,2800,False
125800013,0,12845,1024,2800,True
125800067,0,167059,1024,2800,True
126500016,0,34220,1024,2800,True
126600057,0,0,1024,2800,False
126800020,0,0,1024,2800,False
126800058,14808,0,1024,2800,True
127000010,0,0,1024,2800,False
127000060,0,0,1024,2800,False
127200023,0,0,1024,2800,False
127300010,0,40126,1024,2800,True
127300051,0,0,1024,2800,False
127600003,0,0,1024,2800,False
127600044,8875,0,1024,2800,True
127600084,0,0,1024,2800,False
128200006,0,0,1024,2786,False
128200049,0,0,1024,2800,False
128300002,0,0,1024,2800,False
128300049,0,0,1024,2800,False
128500004,0,0,1024,2800,False
128500043,0,0,1024,2800,False
128700056,0,38991,1024,2800,True
128800013,0,0,1024,2800,False
129100034,0,0,1024,2800,False
129100078,0,13935,1024,2800,True
129300038,0,0,1024,2800,False
129300076,0,0,1024,2800,False
129400033,0,0,1024,2800,False
129400077,0,0,1024,2800,False
129500025,0,0,1024,2790,False
129500064,0,0,1024,2800,False
129700062,0,0,1024,2800,False
129800009,0,0,1024,2800,False
129800050,0,0,1024,2800,False
129900026,0,0,1024,2800,False
129900083,0,0,1024,2800,False
130300028,13421,17694,1024,2800,True
130300067,0,0,1024,2800,False
130400066,0,0,1024,2800,False
130500043,0,0,1024,2800,False
130500082,12565,0,1024,2800,True
130800022,0,8225,1024,2800,True
130800060,0,0,1024,2800,False
131000033,0,0,1024,2800,False
131000074,0,0,1024,2800,False
131600010,0,0,1024,2800,False
131600051,0,0,1024,2800,False
131900024,0,0,1024,2800,False
132200061,0,0,1024,2800,False
132300009,27640,0,1024,2800,True
132500010,0,0,1024,2800,False
132500054,0,0,1024,2800,False
133200014,0,0,1024,2800,False
133200051,0,0,1024,2751,False
133500028,28088,33438,1024,2800,True
133600035,0,0,1024,2800,False
133600079,0,0,1024,2800,False
133700026,0,0,1024,2800,False
133700076,0,0,1024,2800,False
134000033,0,0,1024,2800,False
134100008,0,0,1024,2800,False
134200042,0,0,1024,2800,False
134400002,0,0,1024,2800,False
134600027,0,0,1024,2800,False
134600073,0,0,1024,2800,False
134700035,0,0,1024,2800,False
134700079,0,0,1024,2800,False
135300071,0,0,1024,2800,False
135400073,0,0,1024,2800,False
135500025,0,0,1024,2800,False
135500062,0,0,1024,2800,False
135700026,0,0,1024,2800,False
135700064,0,0,1024,2800,False
135800052,0,153861,1024,2800,True
135900058,0,0,1024,2800,False
136200010,0,0,1024,2800,False
136200047,0,0,1024,2800,False
136500023,0,0,1024,2800,False
136500074,14155,0,1024,2800,True
136700066,5062,105187,1024,2800,True
137000057,0,0,1024,2800,False
137100004,0,0,1024,2800,False
137100050,0,87345,1024,2800,True
137400008,0,0,1024,2800,False
137400061,0,51633,1024,2800,True
137600008,0,0,1024,2800,False
137600063,0,0,1024,2800,False
137900030,0,0,1024,2800,False
137900082,0,0,1024,2800,False
138000038,0,0,1024,2800,False
138000076,0,0,1024,2800,False
138200033,0,0,1024,2800,False
138200083,20399,0,1024,2800,True
138400031,0,0,1024,2800,False
138400073,0,0,1024,2800,False
138500020,0,0,1024,2800,False
138500083,0,0,1024,2800,False
138700035,0,0,1024,2800,False
138700073,0,45405,1024,2800,True
138900023,0,0,1024,2800,False
138900062,0,0,1024,2800,False
139100035,0,0,1024,2800,False
139100073,0,0,1024,2800,False
139200025,0,0,1024,2800,False
139200081,0,0,1024,2800,False
140200023,0,0,1024,2800,False
140200066,33015,0,1024,2800,True
140300052,0,0,1024,2800,False
140500017,0,0,1024,2800,False
140500059,0,0,1024,2800,False
140700053,0,0,1024,2800,False
140800025,0,0,1024,2800,False
140800075,0,0,1024,2800,False
140900039,7618,0,1024,2800,True
140900084,0,0,1024,2800,False
141000061,0,0,1024,2800,False
141100040,0,0,1024,2800,False
141100081,0,0,1024,2800,False
141200048,10107,0,1024,2799,True
141400020,16617,0,1024,2800,True
141400073,33373,0,1024,2800,True
141500023,0,0,1024,2800,False
142100053,0,0,1024,2800,False
142200023,0,0,1024,2800,False
142200065,0,0,1024,2800,False
142500030,0,69005,1024,2800,True
142800016,0,0,1024,2800,False
142800060,0,0,1024,2800,False
143400016,0,0,1024,2800,False
143400056,0,0,1024,2800,False
143600003,0,0,1024,2800,False
143600040,0,0,1024,2800,False
143600078,0,0,1024,2800,False
143900032,0,0,1024,2800,False
143900077,0,0,1024,2800,False
144000055,0,0,1024,2800,False
144100010,26187,0,1024,2800,True
144100054,0,0,1024,2800,False
144200032,0,41334,1024,2800,True
144400006,0,0,1024,2800,False
144500020,0,53991,1024,2800,True
144500060,0,0,1024,2800,False
144800070,0,0,1024,2800,False
144900028,0,0,1024,2800,False
145000013,0,0,1024,2800,False
145000052,0,0,1024,2800,False
145100003,0,0,1024,2800,False
145100043,0,0,1024,2800,False
145200008,0,0,1024,2800,False
145200046,0,0,1024,2800,False
145200083,0,38338,1024,2800,True
145300046,0,0,1024,2800,False
146300056,0,0,1024,2800,False
147200020,0,0,1024,2800,False
147200065,0,0,1024,2800,False
147300015,0,0,1024,2800,False
147900055,16538,0,1024,2800,True
148000041,10593,0,1024,2800,True
148100005,0,0,1024,2800,False
148300024,0,0,1024,2800,False
148300076,0,0,1024,2800,False
148400041,32763,0,1024,2800,True
148500009,16171,46534,1024,2800,True
148500055,49990,0,1024,2800,True
148600041,0,0,1024,2800,False
148800014,0,0,1024,2800,False
148800051,0,0,1024,2800,False
148900004,0,0,1024,2800,False
148900051,0,0,1024,2800,False
149000030,35637,0,1024,2800,True
149000078,0,0,1024,2800,False
149200032,0,0,1024,2800,False
149200069,0,0,1024,2800,False
149400016,5106,0,1024,2800,True
149400059,0,0,1024,2800,False
149500023,0,0,1024,2800,False
149500066,0,0,1024,2800,False
149600022,0,0,1024,2800,False
149600060,0,0,1024,2800,False
149700012,0,0,1024,2800,False
149800026,0,0,1024,2800,False
149900005,0,0,1024,2800,False
149900053,0,89707,1024,2800,True
150000030,0,0,1024,2800,False
150000068,0,0,1024,2800,False
150100022,0,0,1024,2800,False
150100061,0,0,1024,2800,False
150200083,6172,0,1024,2800,True
150400037,0,90115,1024,2800,True
150400082,0,0,1024,2800,False
150600029,0,0,1024,2800,False
150600080,0,0,1024,2800,False
150700041,0,0,1024,2800,False
150800002,0,0,1024,2800,False
150800054,0,0,1024,2800,False
150900009,0,0,1024,2800,False
150900053,0,0,1024,2800,False
151000003,0,0,1024,2800,False
151000046,0,0,1024,2800,False
151100003,0,0,1024,2800,False
151700076,0,0,1024,2800,False
151800038,0,0,1024,2800,False
151800079,0,0,1024,2800,False
151900026,0,0,1024,2800,False
151900079,0,0,1024,2800,False
152000034,0,0,1024,2800,False
152100000,0,0,1024,2800,False
152100058,0,0,1024,2800,False
152300022,0,77138,1024,2800,True
152300065,0,0,1024,2800,False
152400026,0,0,1024,2800,False
152600034,0,0,1024,2800,False
152600077,0,0,1024,2800,False
152700031,0,0,1024,2800,False
152700075,0,0,1024,2800,False
152800042,0,0,1024,2800,False
152900002,0,0,1024,2800,False
152900040,0,0,1024,2800,False
153000004,0,0,1024,2800,False
153000045,0,0,1024,2800,False
153100006,15455,0,1024,2800,True
153100053,0,0,1024,2800,False
153200025,0,0,1024,2800,False
153200065,0,0,1024,2800,False
153300030,0,115908,1024,2800,True
153300071,0,0,1024,2800,False
153500018,0,0,1024,2800,False
153500058,0,0,1024,2800,False
153600023,0,0,1024,2800,False
153600067,0,0,1024,2800,False
153700031,0,0,1024,2800,False
153700084,0,0,1024,2800,False
153800031,0,0,1024,2800,False
153800068,0,84742,1024,2800,True
154000045,0,0,1024,2800,False
154500049,0,0,1024,2800,False
154700015,0,0,1024,2800,False
154700069,0,0,1024,2800,False
155000026,0,0,1024,2800,False
155000066,0,0,1024,2800,False
155100021,0,0,1024,2800,False
155100060,0,0,1024,2800,False
155200045,0,0,1024,2800,False
155300071,35902,0,1024,2800,True
155400044,35404,0,1024,2800,True
156300026,0,0,1024,2800,False
156300064,0,0,1024,2800,False
156400062,0,0,1024,2800,False
156500018,0,0,1024,2800,False
156600056,0,0,1024,2800,False
156700007,0,0,1024,2800,False
156700056,0,0,1024,2800,False
157200032,0,0,1024,2800,False
157200078,0,0,1024,2800,False
157500000,11799,0,1024,2800,True
157500045,0,0,1024,2800,False
157600000,0,0,1024,2800,False
157600060,15804,0,1024,2800,True
157700009,0,0,1024,2800,False
158000027,0,0,1024,2800,False
158000065,0,0,1024,2800,False
158100012,0,0,1024,2800,False
158100064,0,0,1024,2800,False
158300026,0,0,1024,2800,False
158300064,0,0,1024,2800,False
158500028,0,0,1024,2800,False
158500071,0,19696,1024,2800,True
158600018,0,0,1024,2800,False
158600056,0,0,1024,2800,False
158700059,0,0,1024,2800,False
158800066,0,0,1024,2800,False
158900025,0,0,1024,2800,False
158900079,0,0,1024,2800,False
159000051,0,0,1024,2800,False
159300073,0,0,1024,2800,False
160000044,0,0,1024,2800,False
160200005,0,0,1024,2800,False
160200050,0,0,1024,2800,False
160300019,0,119091,1024,2800,True
160300057,0,0,1024,2800,False
160400018,0,0,1024,2800,False
160600032,0,0,1024,2800,False
160600073,0,0,1024,2800,False
160800031,0,0,1024,2800,False
160800071,0,0,1024,2800,False
160900057,19073,0,1024,2800,True
161200022,0,0,1024,2800,False
161200059,0,82853,1024,2800,True
161300013,0,0,1024,2800,False
161300050,0,0,1024,2800,False
161500004,0,0,1024,2800,False
161500043,0,0,1024,2800,False
161500081,0,0,1024,2800,False
161600033,0,0,1024,2800,False
161700003,0,0,1024,2800,False
161700040,0,0,1024,2800,False
161700081,0,23585,1024,2800,True
161800037,0,0,1024,2800,False
161800077,36695,0,1024,2800,True
161900039,0,0,1024,2800,False
161900082,0,0,1024,2800,False
162100038,0,0,1024,2800,False
162100079,0,0,1024,2800,False
162400080,0,0,1024,2800,False
162500040,0,0,1024,2800,False
162600019,0,0,1024,2800,False
162600064,0,0,1024,2800,False
162700026,0,0,1024,2800,False
162700074,0,0,1024,2800,False
162800028,0,30065,1024,2800,True
162800069,0,0,1024,2800,False
162900026,0,0,1024,2800,False
162900064,0,0,1024,2800,False
163000068,0,0,1024,2800,False
163100047,0,0,1024,2800,False
163200030,0,0,1024,2800,False
163300026,0,0,1024,2800,False
163300069,0,0,1024,2800,False
163700046,0,0,1024,2800,False
163800017,0,0,1024,2800,False
163800059,0,0,1024,2800,False
163900050,0,0,1024,2800,False
164000006,0,0,1024,2800,False
164000050,0,0,1024,2800,False
164300004,0,0,1024,2800,False
164300081,0,0,1024,2800,False
164500034,0,0,1024,2800,False
164600007,0,0,1024,2800,False
164600051,0,0,1024,2800,False
165200017,0,0,1024,2800,False
165200061,0,0,1024,2800,False
165300018,0,0,1024,2800,False
165300057,0,0,1024,2800,False
165400021,0,0,1024,2800,False
165400061,0,0,1024,2800,False
165500011,0,0,1024,2800,False
165500056,0,0,1024,2800,False
165600014,0,0,1024,2800,False
165600060,0,0,1024,2800,False
165700025,0,0,1024,2800,False
165700073,0,0,1024,2800,False
165800047,0,0,1024,2800,False
165900003,0,0,1024,2800,False
165900045,0,0,1024,2800,False
166100023,0,0,1024,2800,False
166100067,0,0,1024,2800,False
166300014,0,60056,1024,2800,True
166300065,0,0,1024,2800,False
166400021,0,0,1024,2800,False
166400065,0,0,1024,2800,False
166600014,0,7443,1024,2800,True
166600052,0,0,1024,2800,False
166700027,0,0,1024,2800,False
166700076,0,0,1024,2800,False
166800081,0,0,1024,2800,False
166900040,0,0,1024,2800,False
167000056,0,0,1024,2800,False
167100009,0,0,1024,2800,False
167100048,0,0,1024,2800,False
167200006,0,0,1024,2800,False
167200043,0,0,1024,2800,False
167300006,34573,0,1024,2800,True
167300053,0,0,1024,2800,False
167600006,0,0,1024,2800,False
167600059,0,0,1024,2800,False
167700030,0,0,1024,2800,False
167700075,0,0,1024,2800,False
167900006,0,0,1024,2800,False
167900059,0,0,1024,2800,False
168000067,0,0,1024,2800,False
168100033,0,0,1024,2800,False
168100081,0,0,1024,2800,False
168200045,0,0,1024,2800,False
168300000,5687,0,1024,2800,True
168300042,0,0,1024,2800,False
168300082,0,0,1024,2800,False
168400038,0,0,1024,2800,False
168400077,0,70962,1024,2800,True
169300031,0,0,1024,2800,False
169300069,0,0,1024,2800,False
169500071,24785,0,1024,2800,True
169600064,0,0,1024,2800,False
169800011,0,0,1024,2800,False
169800050,0,0,1024,2800,False
170400006,0,0,1024,2800,False
170400044,0,0,1024,2800,False
170400081,0,0,1024,2800,False
170700036,0,0,1024,2800,False
170700083,0,0,1024,2800,False
170800041,0,0,1024,2800,False
170800078,0,0,1024,2800,False
170900033,0,0,1024,2800,False
170900078,0,0,1024,2800,False
171000026,0,0,1024,2800,False
171000079,0,0,1024,2800,False
171100032,0,47057,1024,2800,True
171100070,0,0,1024,2800,False
171200017,0,0,1024,2800,False
171200062,0,0,1024,2800,False
171300026,0,0,1024,2800,False
171300077,0,0,1024,2800,False
171400040,0,0,1024,2800,False
171500033,6733,75003,1024,2800,True
171500073,0,0,1024,2800,False
171600035,10317,0,1024,2800,True
171600072,0,0,1024,2800,False
171700033,0,0,1024,2800,False
171800056,0,0,1024,2800,False
171900018,0,0,1024,2800,False
171900073,0,0,1024,2800,False
172100020,0,0,1024,2800,False
172100063,0,101372,1024,2800,True
172200034,0,0,1024,2800,False
172200075,0,0,1024,2800,False
172300032,0,42046,1024,2800,True
172300069,0,0,1024,2800,False
172400029,0,0,1024,2800,False
172400070,0,0,1024,2800,False
175200025,0,0,1024,2800,False
175200064,0,0,1024,2800,False
175300030,0,0,1024,2800,False
175300068,0,0,1024,2800,False
175400015,0,0,1024,2800,False
175400067,0,0,1024,2800,False
175500042,0,0,1024,2800,False
175600003,0,0,1024,2800,False
175900000,0,0,1024,2800,False
175900041,0,0,1024,2800,False
175900084,0,0,1024,2800,False
176000038,0,0,1024,2800,False
176000078,0,0,1024,2800,False
99100028,0,0,1024,2800,False
99100065,0,0,1024,2800,False
99300021,0,0,1024,2800,False
99300080,0,0,1024,2800,False
99900048,0,0,1024,2800,False
100000037,0,0,1024,2800,False
100000076,0,45663,1024,2800,True
100100030,0,0,1024,2800,False
100100074,0,0,1024,2800,False
100400013,0,0,1024,2800,False
100400054,0,0,1024,2800,False
100500004,0,13555,1024,2800,True
100500043,0,0,1024,2800,False
100700015,0,0,1024,2800,False
100700053,0,0,1024,2800,False
101100021,0,0,1024,2800,False
101100060,0,0,1024,2800,False
101500007,0,0,1024,2800,False
101500048,0,0,1024,2800,False
101600003,0,77209,1024,2800,True
101600061,0,0,1024,2800,False
101700023,0,0,1024,2800,False
101700070,0,0,1024,2800,False
101900006,0,0,1024,2800,False
101900061,0,0,1024,2800,False
102100020,25142,81029,1024,2800,True
103000028,0,0,1024,2800,False
103200009,0,0,1024,2800,False
103200048,26464,0,1024,2800,True
103300012,0,0,1024,2800,False
103400034,0,0,1024,2800,False
103400077,0,0,1024,2800,False
103500055,0,0,1024,2800,False
103700030,0,0,1024,2800,False
103900013,0,0,1024,2800,False
103900058,0,0,1024,2800,False
104600015,35046,0,1024,2800,True
104600065,0,0,1024,2800,False
104700040,0,0,1024,2800,False
104800003,0,0,1024,2800,False
104900013,0,0,1024,2800,False
104900052,0,0,1024,2800,False
105100008,0,0,1024,2800,False
105100047,5633,0,1024,2800,True
105200026,0,0,1024,2800,False
105200077,0,0,1024,2800,False
105300039,0,62,1024,2800,True
105300080,0,0,1024,2800,False
105600006,0,0,1024,2800,False
105600044,0,55017,1024,2800,True
105600084,0,0,1024,2800,False
105900037,0,0,1024,2800,False
106000027,0,0,1024,2800,False
106100012,0,0,1024,2800,False
106100055,0,0,1024,2800,False
106200021,0,0,1024,2800,False
106200070,0,222178,1024,2800,True
106300022,0,0,1024,2800,False
106500006,0,0,1024,2800,False
106500047,0,0,1024,2800,False
106600010,0,0,1024,2800,False
106600049,0,0,1024,2800,False
106700067,0,0,1024,2800,False
106900020,10085,0,1024,2800,True
106900057,10862,0,1024,2800,True
107900004,0,0,1024,2800,False
107900045,0,0,1024,2800,False
108400039,33960,0,1024,2800,True
108400084,0,0,1024,2800,False
108600053,0,0,1024,2800,False
108900029,0,0,1024,2800,False
108900066,0,0,1024,2800,False
109200016,0,0,1024,2800,False
109200065,0,0,1024,2800,False
109300035,14949,0,1024,2800,True
109600018,0,0,1024,2800,False
109600061,0,0,1024,2800,False
109700037,0,0,1024,2800,False
109700081,0,0,1024,2800,False
109800034,0,0,1024,2800,False
109800072,0,0,1024,2800,False
110100032,0,0,1024,2800,False
110100069,0,0,1024,2800,False
110400026,0,0,1024,2800,False
110400075,0,0,1024,2800,False
110500083,0,0,1024,2800,False
110700038,0,0,1024,2800,False
110900009,12923,0,1024,2726,True
110900046,10695,0,1024,2800,True
111000025,0,0,1024,2800,False
111200005,0,0,1024,2800,False
111200056,0,0,1024,2800,False
111400018,0,0,1024,2800,False
111400069,0,0,1024,2800,False
111500043,0,33,1024,2800,True
111700048,46729,0,1024,2800,True
111800004,8599,0,1024,2800,True
111900039,0,85290,1024,2800,True
111900077,0,0,1024,2800,False
112000036,0,0,1024,2800,False
112500019,0,27635,1024,2800,True
112500066,0,0,1024,2800,False
112600025,0,0,1024,2800,False
112600079,0,0,1024,2800,False
112800033,0,0,1024,2800,False
112800070,0,43153,1024,2800,True
113100027,0,0,1024,2800,False
113300019,0,0,1024,2800,False
113300057,0,0,1024,2800,False
113400029,0,0,1024,2800,False
113400077,0,79497,1024,2800,True
113500038,0,0,1024,2800,False
113700038,0,13428,1024,2800,True
113700076,0,0,1024,2800,False
114600003,0,0,1024,2800,False
114600041,0,0,1024,2800,False
114600079,555,20130,1024,2800,True
114700062,0,66840,1024,2800,True
114900041,0,0,1024,2800,False
115100043,0,0,1024,2800,False
115300009,0,0,1024,2800,False
115300078,0,0,1024,2800,False
115500067,0,0,1024,2800,False
115600052,0,30545,1024,2800,True
116000008,0,0,1024,2800,False
116100025,0,0,1024,2800,False
116100063,0,0,1024,2800,False
116400057,0,0,1024,2800,False
116500081,0,0,1024,2800,False
116900034,0,0,1024,2800,False
116900072,0,79131,1024,2800,True
117700052,0,0,1024,2800,False
117900017,0,0,1024,2800,False
117900063,0,0,1024,2800,False
118300012,0,0,1024,2800,False
118300050,0,0,1024,2800,False
118500004,0,0,1024,2800,False
118600010,0,0,1024,2800,False
118600066,0,0,1024,2800,False
118800024,0,0,1024,2800,False
118800063,0,16,1024,2800,True
118900039,0,0,1024,2800,False
119100017,0,0,1024,2800,False
119100056,0,11227,1024,2800,True
119300071,0,0,1024,2800,False
119400018,0,0,1024,2800,False
119400055,0,0,1024,2800,False
119700032,0,0,1024,2800,False
120000014,0,0,1024,2800,False
120000051,0,77030,1024,2800,True
120200006,0,0,1024,2800,False
120200046,0,0,1024,2800,False
120300040,0,26749,1024,2800,True
120300077,0,0,1024,2800,False
121200044,0,0,1024,2800,False
121400005,0,0,1024,2800,False
121400065,0,0,1024,2800,False
121500020,0,0,1024,2800,False
121500059,0,0,1024,2800,False
121600058,0,0,1024,2800,False
121800015,0,38163,1024,2800,True
121800053,0,0,1024,2800,False
121900048,5330,0,1024,2800,True
122300020,0,0,1024,2800,False
122300063,0,0,1024,2800,False
122400014,0,0,1024,2800,False
122400063,0,0,1024,2800,False
122500028,10691,0,1024,2800,True
122500079,0,0,1024,2800,False
122600062,0,0,1024,2800,False
122700036,0,32973,1024,2800,True
122700082,0,0,1024,2800,False
122900034,0,84427,1024,2800,True
123000079,0,0,1024,2800,False
123300028,0,60685,1024,2800,True
123300071,0,0,1024,2800,False
123600046,24688,0,1024,2800,True
123700022,0,0,1024,2800,False
123700060,0,58801,1024,2800,True
123800014,0,0,1024,2800,False
123800052,0,0,1024,2800,False
124000005,0,0,1024,2800,False
124000070,0,105752,1024,2800,True
124200020,0,0,1024,2800,False
124200073,0,0,1024,2800,False
124400026,0,0,1024,2800,False
124400076,0,0,1024,2800,False
124500051,0,0,1024,2800,False
124600041,0,0,1024,2800,False
124700019,0,127757,1024,2800,True
124700057,0,0,1024,2800,False
124800010,0,0,1024,2800,False
124800049,0,0,1024,2800,False
125100009,0,40725,1024,2800,True
125100051,0,0,1024,2800,False
125200023,0,0,1024,2800,False
125200078,0,0,1024,2800,False
125400034,0,0,1024,2800,False
125400071,0,0,1024,2800,False
125600024,0,0,1024,2800,False
125600067,0,0,1024,2800,False
125700028,0,0,1024,2800,False
125700067,0,0,1024,2800,False
125800014,0,0,1024,2800,False
125800068,0,0,1024,2800,False
126500017,0,0,1024,2800,False
126600058,0,0,1024,2800,False
126800021,0,0,1024,2800,False
126800064,0,0,1024,2800,False
127000011,0,0,1024,2800,False
127000061,0,0,1024,2800,False
127200024,0,0,1024,2800,False
127300011,0,0,1024,2800,False
127300052,18170,0,1024,2800,True
127600004,0,0,1024,2800,False
127600045,0,0,1024,2800,False
127900060,0,0,1024,2800,False
128200018,0,0,1024,2800,False
128200056,0,0,1024,2800,False
128300003,13678,0,1024,2800,True
128300050,0,0,1024,2800,False
128500005,0,30836,1024,2800,True
128500044,0,0,1024,2800,False
128700057,0,0,1024,2800,False
128800014,0,0,1024,2800,False
129100035,0,0,1024,2800,False
129100079,0,0,1024,2800,False
129300039,0,0,1024,2800,False
129300077,8766,0,1024,2800,True
129400034,0,0,1024,2800,False
129400078,0,0,1024,2800,False
129500026,4976,0,1024,2774,True
129500065,0,0,1024,2800,False
129700063,0,0,1024,2800,False
129800010,0,0,1024,2800,False
129800051,0,0,1024,2800,False
129900027,0,112704,1024,2800,True
129900084,0,0,1024,2800,False
130300029,35590,0,1024,2800,True
130300068,0,0,1024,2800,False
130400067,0,0,1024,2800,False
130500044,0,0,1024,2800,False
130500083,16594,0,1024,2800,True
130800023,0,0,1024,2800,False
130800061,0,0,1024,2800,False
131000034,0,0,1024,2800,False
131000075,0,0,1024,2800,False
131600011,21201,0,1024,2800,True
131600052,0,0,1024,2800,False
131900025,0,0,1024,2800,False
132200062,0,0,1024,2800,False
132300010,0,0,1024,2800,False
132500011,0,0,1024,2800,False
132500055,0,0,1024,2800,False
133200015,0,0,1024,2800,False
133200052,10635,0,1024,2731,True
133500029,0,0,1024,2800,False
133600036,0,0,1024,2800,False
133600080,15959,0,1024,2800,True
133700027,0,0,1024,2800,False
133700077,0,0,1024,2800,False
134000034,0,0,1024,2800,False
134200000,0,0,1024,2800,False
134200043,0,0,1024,2800,False
134400003,0,0,1024,2800,False
134600028,0,0,1024,2800,False
134600074,0,0,1024,2800,False
134700036,0,0,1024,2800,False
134700080,0,0,1024,2800,False
135300072,0,0,1024,2800,False
135400074,0,0,1024,2800,False
135500026,0,0,1024,2800,False
135500063,0,0,1024,2800,False
135700027,0,0,1024,2800,False
135700065,0,33816,1024,2800,True
135800053,0,0,1024,2800,False
135900059,0,0,1024,2800,False
136200011,0,0,1024,2800,False
136200048,0,0,1024,2800,False
136500024,0,0,1024,2800,False
136500075,19290,0,1024,2800,True
136700067,4788,0,1024,2800,True
137000058,0,0,1024,2800,False
137100005,0,0,1024,2800,False
137100051,0,0,1024,2800,False
137400009,0,0,1024,2800,False
137400062,0,0,1024,2800,False
137600009,0,0,1024,2800,False
137600064,0,0,1024,2800,False
137900031,0,0,1024,2800,False
137900083,0,0,1024,2800,False
138000039,0,0,1024,2800,False
138000077,0,0,1024,2800,False
138200034,0,0,1024,2800,False
138200084,6695,0,1024,2800,True
138400032,0,0,1024,2800,False
138400074,0,0,1024,2800,False
138500038,0,0,1024,2800,False
138500084,0,0,1024,2800,False
138700036,0,0,1024,2800,False
138700074,0,0,1024,2800,False
138900024,0,0,1024,2800,False
138900063,0,0,1024,2800,False
139100036,0,0,1024,2800,False
139100074,0,0,1024,2800,False
139200026,0,0,1024,2800,False
139200082,0,0,1024,2800,False
140200024,0,0,1024,2800,False
140200067,35965,0,1024,2800,True
140300053,0,0,1024,2800,False
140500018,0,41730,1024,2800,True
140500060,0,64733,1024,2800,True
140700054,0,0,1024,2800,False
140800026,0,0,1024,2800,False
140800076,0,74894,1024,2800,True
140900040,0,0,1024,2800,False
141000000,0,0,1024,2800,False
141000062,0,0,1024,2800,False
141100041,0,0,1024,2800,False
141200017,0,0,1024,2800,False
141200058,10401,0,1024,2800,True
141400021,0,0,1024,2800,False
141400074,27341,0,1024,2800,True
141500024,0,0,1024,2800,False
142100054,0,0,1024,2800,False
142200024,0,0,1024,2800,False
142200066,0,0,1024,2800,False
142500031,0,0,1024,2800,False
142800017,0,0,1024,2800,False
142800061,0,0,1024,2800,False
143400017,0,0,1024,2800,False
143400057,0,0,1024,2800,False
143600004,0,0,1024,2800,False
143600041,0,0,1024,2800,False
143600079,0,0,1024,2800,False
143900033,0,0,1024,2800,False
143900078,0,0,1024,2800,False
144000056,0,0,1024,2800,False
144100011,0,0,1024,2800,False
144100055,0,0,1024,2800,False
144200033,0,0,1024,2800,False
144400007,0,0,1024,2800,False
144500021,0,0,1024,2800,False
144500061,0,0,1024,2800,False
144800071,0,0,1024,2800,False
144900029,0,0,1024,2800,False
145000014,0,0,1024,2800,False
145000053,15678,0,1024,2800,True
145100004,0,0,1024,2800,False
145100044,0,0,1024,2800,False
145200009,0,0,1024,2800,False
145200047,0,0,1024,2800,False
145200084,0,0,1024,2800,False
145300047,0,0,1024,2800,False
146300057,0,0,1024,2800,False
147200021,0,0,1024,2800,False
147200066,0,0,1024,2800,False
147300016,0,70312,1024,2800,True
147900056,35466,0,1024,2800,True
148000042,0,0,1024,2800,False
148100006,0,0,1024,2800,False
148300025,0,0,1024,2800,False
148300077,0,0,1024,2800,False
148400046,40592,0,1024,2800,True
148500010,56656,0,1024,2800,True
148500056,35526,0,1024,2800,True
148600042,0,0,1024,2800,False
148800015,0,0,1024,2800,False
148800052,0,0,1024,2800,False
148900005,0,33632,1024,2800,True
148900052,0,0,1024,2800,False
149000031,35419,0,1024,2800,True
149000079,0,0,1024,2800,False
149200033,0,0,1024,2800,False
149200070,0,0,1024,2800,False
149400017,35118,0,1024,2800,True
149400060,7633,0,1024,2800,True
149500024,0,29389,1024,2800,True
149500067,0,0,1024,2800,False
149600023,0,0,1024,2800,False
149600061,0,0,1024,2800,False
149700013,0,0,1024,2800,False
149800027,0,69399,1024,2800,True
149900006,0,0,1024,2800,False
149900054,0,0,1024,2800,False
150000031,0,0,1024,2800,False
150000069,0,0,1024,2800,False
150100023,0,0,1024,2800,False
150200052,0,0,1024,2800,False
150400000,0,50077,1024,2800,True
150400038,0,0,1024,2800,False
150400083,0,0,1024,2800,False
150600030,4524,0,1024,2800,True
150700000,0,0,1024,2800,False
150700042,0,0,1024,2800,False
150800013,0,0,1024,2800,False
150800055,0,0,1024,2800,False
150900010,0,0,1024,2800,False
150900054,0,0,1024,2800,False
151000004,0,0,1024,2800,False
151000047,0,0,1024,2800,False
151100004,0,0,1024,2800,False
151700077,0,0,1024,2800,False
151800039,0,0,1024,2800,False
151800080,0,0,1024,2800,False
151900037,0,0,1024,2800,False
151900080,0,0,1024,2800,False
152000035,0,0,1024,2800,False
152100001,0,0,1024,2800,False
152100059,0,0,1024,2800,False
152300023,0,44520,1024,2800,True
152300066,0,0,1024,2800,False
152400027,0,0,1024,2800,False
152600035,0,0,1024,2800,False
152600078,0,0,1024,2800,False
152700032,0,0,1024,2800,False
152700076,0,0,1024,2800,False
152800043,0,0,1024,2800,False
152900003,0,0,1024,2800,False
152900041,0,0,1024,2800,False
153000005,0,0,1024,2800,False
153000046,0,0,1024,2800,False
153100007,0,0,1024,2800,False
153100054,0,0,1024,2800,False
153200026,0,0,1024,2800,False
153200066,0,0,1024,2800,False
153300031,0,0,1024,2800,False
153300072,0,0,1024,2800,False
153500019,0,0,1024,2800,False
153500059,0,0,1024,2800,False
153600024,0,0,1024,2800,False
153600068,0,0,1024,2800,False
153700032,0,0,1024,2800,False
153800000,9463,0,1024,2800,True
153800037,0,0,1024,2800,False
154000002,0,0,1024,2800,False
154000046,0,0,1024,2800,False
154500050,0,0,1024,2800,False
154700016,0,0,1024,2800,False
154700070,0,0,1024,2800,False
155000027,34816,0,1024,2800,True
155000067,0,0,1024,2800,False
155100022,0,0,1024,2800,False
155100061,0,0,1024,2800,False
155200046,0,0,1024,2800,False
155300072,14816,0,1024,2800,True
155400045,0,0,1024,2800,False
156300027,0,0,1024,2800,False
156300065,0,53527,1024,2800,True
156400063,0,0,1024,2800,False
156500019,0,0,1024,2800,False
156600057,0,0,1024,2800,False
156700008,0,0,1024,2800,False
156700057,0,0,1024,2800,False
157200033,0,0,1024,2800,False
157200079,0,0,1024,2800,False
157500001,0,0,1024,2800,False
157500046,0,0,1024,2800,False
157600001,19538,0,1024,2800,True
157600061,0,0,1024,2800,False
157700011,0,0,1024,2800,False
158000028,0,0,1024,2800,False
158000066,0,0,1024,2800,False
158100013,0,0,1024,2800,False
158100065,0,0,1024,2800,False
158300027,0,0,1024,2800,False
158300065,0,0,1024,2800,False
158500029,0,0,1024,2800,False
158500072,0,0,1024,2800,False
158600019,0,0,1024,2800,False
158600057,0,0,1024,2800,False
158700060,0,0,1024,2800,False
158800067,0,0,1024,2800,False
158900026,0,0,1024,2800,False
158900080,24302,0,1024,2800,True
159000052,0,0,1024,2800,False
159300074,0,0,1024,2800,False
160000045,0,0,1024,2800,False
160200006,0,0,1024,2800,False
160200051,0,0,1024,2792,False
160300020,0,0,1024,2800,False
160300058,0,0,1024,2800,False
160400019,0,0,1024,2800,False
160600033,0,0,1024,2800,False
160600074,0,0,1024,2800,False
160800032,0,0,1024,2800,False
160800072,0,0,1024,2800,False
160900058,29756,0,1024,2800,True
161200023,0,0,1024,2800,False
161200060,0,0,1024,2800,False
161300014,0,0,1024,2800,False
161300051,0,0,1024,2800,False
161500005,0,0,1024,2800,False
161500044,0,0,1024,2800,False
161500082,0,0,1024,2800,False
161600034,0,0,1024,2800,False
161700004,0,0,1024,2800,False
161700041,0,0,1024,2800,False
161700082,0,0,1024,2800,False
161800038,0,0,1024,2800,False
161800078,0,0,1024,2800,False
161900040,0,0,1024,2800,False
161900083,0,0,1024,2800,False
162100039,0,52882,1024,2800,True
162100080,0,0,1024,2800,False
162400081,0,0,1024,2800,False
162500041,0,0,1024,2800,False
162600020,0,0,1024,2800,False
162600065,0,0,1024,2800,False
162700027,0,0,1024,2800,False
162700075,0,0,1024,2800,False
162800029,0,0,1024,2800,False
162800070,0,0,1024,2800,False
162900027,0,0,1024,2800,False
162900065,0,0,1024,2800,False
163000069,0,0,1024,2800,False
163100048,0,0,1024,2800,False
163200031,0,0,1024,2800,False
163300027,0,0,1024,2800,False
163300070,0,0,1024,2800,False
163700047,0,0,1024,2800,False
163800018,0,75209,1024,2800,True
163800060,0,0,1024,2800,False
163900051,0,0,1024,2800,False
164000007,0,0,1024,2800,False
164000051,0,0,1024,2800,False
164300005,0,0,1024,2800,False
164300082,0,0,1024,2800,False
164500035,0,0,1024,2800,False
164600008,0,0,1024,2800,False
164600052,0,0,1024,2800,False
165200018,0,0,1024,2800,False
165200062,0,0,1024,2800,False
165300019,0,0,1024,2800,False
165300058,0,0,1024,2800,False
165400022,0,0,1024,2800,False
165400062,0,0,1024,2800,False
165500012,0,0,1024,2800,False
165500057,0,0,1024,2800,False
165600015,0,0,1024,2800,False
165600061,0,0,1024,2800,False
165700026,0,0,1024,2800,False
165700074,0,0,1024,2800,False
165800049,0,0,1024,2800,False
165900004,10980,57444,1024,2800,True
165900046,0,0,1024,2800,False
166100024,0,0,1024,2800,False
166100068,0,19141,1024,2800,True
166300015,26279,0,1024,2800,True
166300066,0,0,1024,2800,False
166400022,0,0,1024,2800,False
166400066,0,0,1024,2800,False
166600015,0,0,1024,2800,False
166600053,0,0,1024,2800,False
166700028,0,0,1024,2800,False
166700077,0,0,1024,2800,False
166800082,0,41777,1024,2800,True
166900041,15,41839,1024,2800,True
167000057,0,0,1024,2800,False
167100010,0,0,1024,2800,False
167100049,0,0,1024,2800,False
167200007,0,0,1024,2800,False
167200044,0,0,1024,2800,False
167300007,8309,0,1024,2800,True
167300054,0,0,1024,2800,False
167600007,0,0,1024,2800,False
167600060,0,0,1024,2800,False
167700031,0,0,1024,2800,False
167700076,0,0,1024,2800,False
167900007,0,0,1024,2800,False
167900060,0,0,1024,2800,False
168000068,0,0,1024,2800,False
168100034,0,0,1024,2800,False
168100082,0,0,1024,2800,False
168200046,0,0,1024,2800,False
168300001,0,0,1024,2800,False
168300043,0,116541,1024,2800,True
168300083,0,0,1024,2800,False
168400039,35689,0,1024,2800,True
168400078,0,0,1024,2800,False
169300032,0,0,1024,2800,False
169300070,0,0,1024,2800,False
169500072,14920,0,1024,2800,True
169600065,0,0,1024,2800,False
169800012,0,0,1024,2800,False
169800051,0,0,1024,2800,False
170400007,0,0,1024,2800,False
170400045,0,0,1024,2800,False
170400082,0,0,1024,2800,False
170700037,0,0,1024,2800,False
170700084,0,0,1024,2800,False
170800042,0,0,1024,2800,False
170800079,0,0,1024,2800,False
170900034,0,0,1024,2800,False
170900079,0,0,1024,2800,False
171000027,0,0,1024,2800,False
171000080,0,0,1024,2800,False
171100033,0,0,1024,2800,False
171100071,0,0,1024,2800,False
171200018,0,0,1024,2800,False
171200075,0,0,1024,2800,False
171300027,0,0,1024,2800,False
171300078,0,0,1024,2800,False
171400041,0,30510,1024,2800,True
171500034,0,0,1024,2800,False
171500074,0,43337,1024,2800,True
171600036,0,0,1024,2800,False
171600073,0,0,1024,2800,False
171700034,0,0,1024,2800,False
171800057,0,0,1024,2800,False
171900019,0,0,1024,2800,False
171900074,0,0,1024,2800,False
172100021,0,0,1024,2800,False
172100064,0,0,1024,2800,False
172200035,0,0,1024,2800,False
172200076,0,0,1024,2800,False
172300033,0,0,1024,2800,False
172300071,0,0,1024,2800,False
172400030,0,0,1024,2800,False
172400071,0,0,1024,2800,False
175200026,0,0,1024,2800,False
175200065,0,0,1024,2800,False
175300031,0,0,1024,2800,False
175300069,0,0,1024,2800,False
175400016,0,0,1024,2800,False
175400068,0,0,1024,2800,False
175500043,0,0,1024,2800,False
175600014,0,28731,1024,2800,True
175900001,0,0,1024,2800,False
175900042,0,0,1024,2800,False
176000000,0,0,1024,2800,False
176000039,0,0,1024,2800,False
176000079,0,0,1024,2800,False
99100029,0,0,1024,2800,False
99100066,0,0,1024,2800,False
99300022,0,0,1024,2800,False
99300081,0,0,1024,2800,False
99900049,0,0,1024,2800,False
100000038,0,0,1024,2800,False
100000077,0,56073,1024,2800,True
100100031,0,0,1024,2800,False
100100075,0,0,1024,2800,False
100400014,0,0,1024,2800,False
100400055,0,0,1024,2800,False
100500005,0,0,1024,2800,False
100500044,0,0,1024,2800,False
100700016,0,0,1024,2800,False
100700054,20560,0,1024,2800,True
101100022,0,0,1024,2800,False
101100061,0,0,1024,2800,False
101500008,0,0,1024,2800,False
101500049,0,0,1024,2800,False
101600004,0,0,1024,2800,False
101600062,0,0,1024,2800,False
101700024,0,0,1024,2800,False
101700071,0,0,1024,2800,False
101900007,6601,0,1024,2800,True
101900062,0,0,1024,2800,False
102100021,0,0,1024,2800,False
103000029,0,0,1024,2800,False
103200010,0,0,1024,2800,False
103200049,7228,0,1024,2800,True
103300013,0,0,1024,2800,False
103400035,0,0,1024,2800,False
103400078,0,0,1024,2800,False
103500056,35796,0,1024,2800,True
103700031,0,0,1024,2800,False
103900014,0,0,1024,2800,False
103900059,0,0,1024,2800,False
104600017,23252,0,1024,2800,True
104600075,0,0,1024,2800,False
104700041,0,0,1024,2800,False
104800004,0,0,1024,2800,False
104900014,0,0,1024,2800,False
104900053,0,0,1024,2800,False
105100009,0,0,1024,2800,False
105100048,18506,0,1024,2800,True
105200027,0,0,1024,2800,False
105200078,0,0,1024,2800,False
105300040,0,26,1024,2800,True
105300081,0,0,1024,2800,False
105600007,0,60,1024,2800,True
105600045,0,0,1024,2800,False
105900000,0,0,1024,2800,False
105900038,0,0,1024,2800,False
106000028,0,0,1024,2800,False
106100013,12871,0,1024,2800,True
106100056,0,0,1024,2800,False
106200022,0,0,1024,2800,False
106200071,0,0,1024,2800,False
106300023,0,0,1024,2800,False
106500007,0,0,1024,2800,False
106500048,14864,0,1024,2800,True
106600011,0,0,1024,2800,False
106600050,0,0,1024,2800,False
106700068,0,0,1024,2800,False
106900021,0,0,1024,2800,False
106900058,0,0,1024,2800,False
107900005,0,0,1024,2800,False
107900046,0,0,1024,2800,False
108400040,31649,0,1024,2800,True
108600000,0,0,1024,2800,False
108600054,0,0,1024,2800,False
108900030,0,0,1024,2800,False
108900067,0,0,1024,2800,False
109200017,0,0,1024,2800,False
109200066,0,0,1024,2800,False
109300036,0,0,1024,2800,False
109600019,0,0,1024,2800,False
109600062,0,0,1024,2800,False
109700038,0,0,1024,2800,False
109700082,0,0,1024,2800,False
109800035,0,107587,1024,2800,True
109800073,0,0,1024,2800,False
110100033,2989,0,1024,2800,True
110100070,0,0,1024,2800,False
110400027,0,0,1024,2800,False
110400076,0,0,1024,2800,False
110500084,0,0,1024,2800,False
110700039,0,0,1024,2800,False
110900015,0,0,1024,2800,False
110900052,15391,0,1024,2800,True
111000026,0,0,1024,2800,False
111200006,33778,0,1024,2800,True
111200057,0,0,1024,2800,False
111400019,0,38667,1024,2800,True
111400070,0,0,1024,2800,False
111500044,0,0,1024,2800,False
111700049,46184,0,1024,2800,True
111900000,0,0,1024,2800,False
111900040,0,0,1024,2800,False
111900078,0,0,1024,2800,False
112000037,0,0,1024,2800,False
112500020,0,0,1024,2800,False
112500067,0,0,1024,2800,False
112600026,0,0,1024,2800,False
112600080,0,0,1024,2800,False
112800034,0,0,1024,2800,False
112800071,0,0,1024,2800,False
113100028,0,0,1024,2800,False
113300020,0,0,1024,2800,False
113300058,0,0,1024,2800,False
113400030,0,0,1024,2800,False
113400078,0,0,1024,2800,False
113500039,0,0,1024,2800,False
113700039,0,155005,1024,2800,True
113700077,0,104395,1024,2800,True
114600004,0,0,1024,2800,False
114600042,0,0,1024,2800,False
114600080,0,0,1024,2800,False
114700063,0,0,1024,2800,False
114900042,0,0,1024,2800,False
115100044,0,0,1024,2800,False
115300010,0,0,1024,2800,False
115300079,0,0,1024,2800,False
115500069,0,0,1024,2800,False
115600053,0,0,1024,2800,False
116000009,0,0,1024,2800,False
116100026,0,30940,1024,2800,True
116100064,0,24424,1024,2800,True
116400058,0,0,1024,2800,False
116500082,0,0,1024,2800,False
116900035,0,0,1024,2800,False
116900073,0,0,1024,2800,False
117700053,0,57850,1024,2800,True
117900018,0,0,1024,2800,False
117900064,0,0,1024,2800,False
118300013,0,0,1024,2800,False
118300051,0,0,1024,2800,False
118500005,0,0,1024,2800,False
118600011,0,0,1024,2800,False
118600067,0,0,1024,2800,False
118800025,0,0,1024,2800,False
118800064,0,0,1024,2800,False
118900040,0,0,1024,2800,False
119100018,0,0,1024,2800,False
119100057,0,0,1024,2800,False
119300072,0,13239,1024,2800,True
119400019,0,0,1024,2800,False
119400056,0,0,1024,2800,False
119700033,0,0,1024,2800,False
120000015,0,0,1024,2800,False
120000052,11481,0,1024,2800,True
120200007,0,38905,1024,2800,True
120200047,0,0,1024,2800,False
120300041,0,0,1024,2800,False
120300078,0,0,1024,2800,False
121200045,0,0,1024,2800,False
121400006,0,0,1024,2800,False
121400066,0,0,1024,2800,False
121500021,0,0,1024,2800,False
121500060,0,45785,1024,2800,True
121600059,0,0,1024,2800,False
121800016,0,0,1024,2800,False
121800054,0,34202,1024,2800,True
121900049,0,111919,1024,2800,True
122300021,0,0,1024,2800,False
122300064,0,0,1024,2800,False
122400015,0,0,1024,2800,False
122400064,0,0,1024,2800,False
122500037,0,0,1024,2800,False
122500080,0,0,1024,2800,False
122600063,0,0,1024,2800,False
122700037,0,0,1024,2800,False
122700083,48549,0,1024,2800,True
122900056,20293,0,1024,2800,True
123000080,0,0,1024,2800,False
123300029,0,0,1024,2800,False
123300072,0,0,1024,2800,False
123600047,6104,0,1024,2800,True
123700023,0,0,1024,2800,False
123700061,0,0,1024,2800,False
123800015,10941,0,1024,2800,True
123800053,0,0,1024,2800,False
124000006,0,0,1024,2800,False
124000071,0,0,1024,2800,False
124200021,0,39678,1024,2800,True
124200074,0,0,1024,2800,False
124400027,37327,86915,1024,2800,True
124400077,0,0,1024,2800,False
124500052,0,0,1024,2800,False
124600042,0,0,1024,2800,False
124700020,0,0,1024,2800,False
124700058,0,0,1024,2800,False
124800011,0,0,1024,2800,False
124800050,0,32948,1024,2800,True
125100010,0,0,1024,2800,False
125100052,0,0,1024,2800,False
125200024,0,0,1024,2800,False
125200079,0,0,1024,2800,False
125400035,0,0,1024,2800,False
125400072,0,0,1024,2800,False
125600025,0,0,1024,2800,False
125600068,0,0,1024,2800,False
125700029,0,0,1024,2800,False
125700068,0,0,1024,2800,False
125800015,0,0,1024,2800,False
125800069,0,0,1024,2800,False
126500018,0,0,1024,2800,False
126600059,0,0,1024,2800,False
126800027,0,0,1024,2800,False
126800065,0,0,1024,2800,False
127000012,0,39763,1024,2800,True
127000062,0,0,1024,2800,False
127200025,0,0,1024,2800,False
127300012,0,122472,1024,2800,True
127300053,10713,34697,1024,2800,True
127600005,0,82663,1024,2800,True
127600046,0,0,1024,2800,False
127900061,0,0,1024,2800,False
128200019,0,0,1024,2800,False
128200057,0,25657,1024,2800,True
128300004,24005,0,1024,2800,True
128300051,0,0,1024,2800,False
128500006,0,0,1024,2800,False
128500045,0,0,1024,2800,False
128700058,0,0,1024,2800,False
128800015,0,0,1024,2800,False
129100036,0,61848,1024,2800,True
129100080,0,46005,1024,2800,True
129300040,0,0,1024,2800,False
129300078,0,0,1024,2800,False
129400035,0,0,1024,2800,False
129400079,0,0,1024,2800,False
129500034,28402,0,1024,2800,True
129700024,0,0,1024,2800,False
129700064,0,0,1024,2800,False
129800011,0,0,1024,2800,False
129800052,0,0,1024,2800,False
129900028,0,0,1024,2800,False
130200000,0,0,1024,2800,False
130300030,34952,0,1024,2800,True
130300079,0,0,1024,2800,False
130400068,18487,0,1024,2800,True
130500045,0,0,1024,2800,False
130500084,0,0,1024,2800,False
130800024,0,0,1024,2800,False
130800062,0,0,1024,2800,False
131000035,0,0,1024,2800,False
131000076,0,0,1024,2800,False
131600012,0,0,1024,2800,False
131600053,0,0,1024,2800,False
131900026,0,0,1024,2800,False
132200063,0,0,1024,2800,False
132300011,0,0,1024,2800,False
132500012,0,0,1024,2800,False
132500056,0,0,1024,2800,False
133200016,7447,0,1024,2800,True
133200059,0,0,1024,2800,False
133500030,0,0,1024,2800,False
133600037,0,0,1024,2800,False
133600081,24239,0,1024,2800,True
133700028,0,0,1024,2800,False
133700078,0,24573,1024,2800,True
134000035,0,162324,1024,2800,True
134200001,0,0,1024,2800,False
134200044,0,0,1024,2800,False
134400004,0,0,1024,2800,False
134600029,0,0,1024,2800,False
134600075,0,0,1024,2800,False
134700037,0,73037,1024,2800,True
134700081,0,0,1024,2800,False
135300073,0,0,1024,2800,False
135400075,0,0,1024,2800,False
135500027,0,0,1024,2800,False
135500064,0,0,1024,2800,False
135700028,0,0,1024,2800,False
135700066,0,0,1024,2800,False
135800054,0,0,1024,2800,False
135900061,0,0,1024,2800,False
136200012,0,0,1024,2800,False
136200049,0,0,1024,2800,False
136500025,0,33598,1024,2800,True
136500076,0,0,1024,2800,False
136700068,0,0,1024,2800,False
137000059,0,47276,1024,2800,True
137100006,0,0,1024,2800,False
137100052,0,0,1024,2800,False
137400010,0,0,1024,2800,False
137400063,0,45971,1024,2800,True
137600010,0,0,1024,2800,False
137600065,0,0,1024,2800,False
137900032,0,45680,1024,2800,True
137900084,0,0,1024,2800,False
138000040,0,0,1024,2800,False
138000078,0,0,1024,2800,False
138200035,0,0,1024,2800,False
138300000,34116,0,1024,2800,True
138400033,0,0,1024,2800,False
138400075,0,0,1024,2800,False
138500039,0,0,1024,2800,False
138700000,0,0,1024,2800,False
138700037,0,0,1024,2800,False
138700075,0,0,1024,2800,False
138900025,0,0,1024,2800,False
138900064,0,0,1024,2800,False
139100037,0,0,1024,2800,False
139100075,0,0,1024,2800,False
139200027,0,0,1024,2800,False
139200083,0,0,1024,2800,False
140200025,0,0,1024,2800,False
140200068,31650,0,1024,2800,True
140300054,0,0,1024,2800,False
140500019,0,0,1024,2800,False
140500061,0,0,1024,2800,False
140700055,0,0,1024,2800,False
140800027,0,0,1024,2800,False
140800077,0,0,1024,2800,False
140900041,13365,0,1024,2800,True
141000001,0,0,1024,2800,False
141100010,0,0,1024,2800,False
141100051,0,0,1024,2800,False
141200018,0,0,1024,2800,False
141200059,18490,0,1024,2800,True
141400022,0,0,1024,2800,False
141400075,34477,0,1024,2800,True
141500025,0,0,1024,2800,False
142100055,0,0,1024,2800,False
142200025,0,0,1024,2800,False
142200067,22410,0,1024,2800,True
142500032,0,0,1024,2800,False
142800018,0,0,1024,2800,False
142800062,0,0,1024,2800,False
143400018,0,0,1024,2800,False
143400058,0,0,1024,2800,False
143600005,0,0,1024,2800,False
143600042,0,0,1024,2800,False
143600080,0,0,1024,2800,False
143900034,0,0,1024,2800,False
143900079,0,151797,1024,2800,True
144000057,0,0,1024,2800,False
144100012,0,0,1024,2800,False
144100056,0,0,1024,2800,False
144200034,0,0,1024,2800,False
144400008,0,0,1024,2800,False
144500022,0,0,1024,2800,False
144500062,0,0,1024,2800,False
144800072,0,0,1024,2800,False
144900030,0,0,1024,2800,False
145000015,0,0,1024,2800,False
145000054,29872,0,1024,2800,True
145100005,0,0,1024,2800,False
145100045,0,0,1024,2800,False
145200010,0,0,1024,2800,False
145200048,0,0,1024,2800,False
145300016,0,0,1024,2800,False
146300000,0,0,1024,2800,False
146300058,0,0,1024,2800,False
147200022,0,0,1024,2800,False
147200067,0,0,1024,2800,False
147600000,0,0,1024,2800,False
147900057,0,0,1024,2800,False
148000043,0,0,1024,2800,False
148100007,0,0,1024,2800,False
148300026,0,0,1024,2800,False
148300078,0,0,1024,2800,False
148400064,0,0,1024,2800,False
148500011,60745,0,1024,2800,True
148500058,33081,0,1024,2800,True
148600043,0,0,1024,2800,False
148800016,0,0,1024,2800,False
148800053,0,0,1024,2800,False
148900006,0,26528,1024,2800,True
148900053,0,0,1024,2800,False
149000032,28095,0,1024,2800,True
149000080,0,0,1024,2800,False
149200034,0,50110,1024,2800,True
149200071,0,53648,1024,2800,True
149400018,30491,0,1024,2800,True
149400061,0,0,1024,2800,False
149500025,0,0,1024,2800,False
149500068,0,0,1024,2800,False
149600024,0,0,1024,2800,False
149600062,0,0,1024,2800,False
149700014,0,0,1024,2800,False
149800028,0,0,1024,2800,False
149900007,0,0,1024,2800,False
149900055,7326,0,1024,2800,True
150000032,0,0,1024,2800,False
150000070,0,0,1024,2800,False
150100031,0,0,1024,2800,False
150200053,0,60747,1024,2800,True
150400001,0,0,1024,2800,False
150400039,0,0,1024,2800,False
150400084,25988,0,1024,2800,True
150600050,0,0,1024,2800,False
150700001,0,0,1024,2800,False
150700043,0,0,1024,2800,False
150800014,0,52974,1024,2800,True
150800056,0,0,1024,2800,False
150900011,0,0,1024,2800,False
150900055,0,0,1024,2800,False
151000005,0,0,1024,2800,False
151000048,0,0,1024,2800,False
151100005,0,0,1024,2800,False
151700078,0,0,1024,2800,False
151800040,0,0,1024,2800,False
151800081,0,0,1024,2800,False
151900038,0,0,1024,2800,False
151900081,0,0,1024,2800,False
152000036,0,0,1024,2800,False
152100002,0,0,1024,2800,False
152100060,0,0,1024,2800,False
152300024,0,0,1024,2800,False
152300067,0,0,1024,2800,False
152400028,0,0,1024,2800,False
152600036,0,0,1024,2800,False
152600079,0,0,1024,2800,False
152700033,0,0,1024,2800,False
152700077,0,0,1024,2800,False
152800044,0,0,1024,2800,False
152900004,0,0,1024,2800,False
152900042,0,0,1024,2800,False
153000006,0,0,1024,2800,False
153000047,0,0,1024,2800,False
153100008,0,0,1024,2800,False
153100055,0,0,1024,2800,False
153200027,0,0,1024,2800,False
153200067,0,0,1024,2800,False
153300032,0,0,1024,2800,False
153300073,0,0,1024,2800,False
153500020,0,0,1024,2800,False
153500060,0,0,1024,2800,False
153600025,0,0,1024,2800,False
153600069,0,0,1024,2800,False
153700033,0,0,1024,2800,False
153800001,0,0,1024,2800,False
153800038,0,71476,1024,2800,True
154000003,0,0,1024,2800,False
154000047,0,0,1024,2800,False
154500051,0,0,1024,2800,False
154700017,0,0,1024,2800,False
154700071,0,0,1024,2800,False
155000028,0,0,1024,2800,False
155000068,0,0,1024,2800,False
155100023,0,0,1024,2800,False
155100062,0,0,1024,2800,False
155200047,0,0,1024,2800,False
155300073,20814,0,1024,2800,True
155400046,32190,0,1024,2800,True
156300028,0,111744,1024,2800,True
156300066,6924,0,1024,2800,True
156400064,0,0,1024,2800,False
156500020,0,0,1024,2800,False
156600058,0,0,1024,2800,False
156700009,0,0,1024,2800,False
156700058,0,0,1024,2800,False
157200034,0,0,1024,2800,False
157200080,0,0,1024,2800,False
157500015,0,62,1024,2800,True
157500054,0,0,1024,2800,False
157600015,0,0,1024,2800,False
157600062,0,0,1024,2800,False
157700012,0,0,1024,2800,False
158000029,0,0,1024,2800,False
158000067,0,0,1024,2800,False
158100014,0,0,1024,2800,False
158100066,0,0,1024,2800,False
158300028,0,0,1024,2800,False
158300066,0,0,1024,2800,False
158500030,5664,0,1024,2800,True
158500073,0,0,1024,2800,False
158600020,0,0,1024,2800,False
158600058,0,0,1024,2800,False
158700061,0,0,1024,2800,False
158800068,0,0,1024,2800,False
158900028,0,0,1024,2800,False
158900081,6735,0,1024,2800,True
159000053,0,0,1024,2800,False
159300075,0,0,1024,2800,False
160000046,0,0,1024,2800,False
160200020,0,0,1024,2800,False
160200061,29596,0,1024,2800,True
160300021,0,0,1024,2800,False
160300059,0,0,1024,2800,False
160400020,0,0,1024,2800,False
160600034,0,0,1024,2800,False
160600075,0,0,1024,2800,False
160800033,0,0,1024,2800,False
160800073,0,0,1024,2800,False
160900059,0,0,1024,2800,False
161200024,0,0,1024,2800,False
161200061,0,0,1024,2800,False
161300015,0,0,1024,2800,False
161300052,0,0,1024,2800,False
161500006,0,0,1024,2800,False
161500045,0,0,1024,2800,False
161500083,0,0,1024,2800,False
161600035,24112,0,1024,2800,True
161700005,0,0,1024,2800,False
161700042,0,0,1024,2800,False
161700083,0,0,1024,2800,False
161800039,0,0,1024,2800,False
161800079,9956,0,1024,2800,True
161900041,0,0,1024,2800,False
161900084,0,0,1024,2800,False
162100040,0,0,1024,2800,False
162100081,0,0,1024,2800,False
162400082,0,0,1024,2800,False
162500042,0,0,1024,2800,False
162600021,0,0,1024,2800,False
162600066,0,0,1024,2800,False
162700028,0,0,1024,2800,False
162700076,0,0,1024,2800,False
162800030,0,0,1024,2800,False
162800071,0,0,1024,2800,False
162900028,0,58670,1024,2800,True
162900066,0,0,1024,2800,False
163000070,0,0,1024,2800,False
163100049,0,0,1024,2800,False
163200032,0,0,1024,2800,False
163300028,0,0,1024,2800,False
163300071,0,0,1024,2800,False
163700048,0,0,1024,2800,False
163800019,0,0,1024,2800,False
163800061,0,0,1024,2800,False
163900052,0,0,1024,2800,False
164000008,0,0,1024,2800,False
164000052,0,0,1024,2800,False
164300006,0,0,1024,2800,False
164300083,0,60425,1024,2800,True
164500036,0,0,1024,2800,False
164600009,0,0,1024,2800,False
164600053,0,0,1024,2800,False
165200019,0,41131,1024,2800,True
165200063,0,0,1024,2800,False
165300020,0,0,1024,2800,False
165300059,0,0,1024,2800,False
165400023,0,0,1024,2800,False
165400063,0,0,1024,2800,False
165500013,0,0,1024,2800,False
165500058,0,0,1024,2800,False
165600016,0,0,1024,2800,False
165600062,0,0,1024,2800,False
165700027,0,0,1024,2800,False
165700075,0,0,1024,2800,False
165800050,0,0,1024,2800,False
165900005,0,0,1024,2800,False
165900047,0,0,1024,2800,False
166100025,0,0,1024,2800,False
166100069,0,0,1024,2800,False
166300026,0,0,1024,2800,False
166300067,0,0,1024,2800,False
166400023,0,0,1024,2800,False
166400067,0,0,1024,2800,False
166600016,0,0,1024,2800,False
166600054,0,0,1024,2800,False
166700029,0,0,1024,2800,False
166700078,0,0,1024,2800,False
166800083,0,0,1024,2800,False
166900042,0,0,1024,2800,False
167000058,0,0,1024,2800,False
167100011,0,0,1024,2800,False
167100050,0,0,1024,2800,False
167200008,0,0,1024,2800,False
167200045,0,0,1024,2800,False
167300008,0,0,1024,2800,False
167300055,0,0,1024,2800,False
167600008,0,0,1024,2800,False
167600061,0,0,1024,2800,False
167700032,0,0,1024,2800,False
167700077,0,0,1024,2800,False
167900008,0,0,1024,2800,False
167900061,0,0,1024,2800,False
168000069,0,0,1024,2800,False
168100035,0,0,1024,2800,False
168100083,0,0,1024,2800,False
168200047,0,0,1024,2800,False
168300002,0,0,1024,2800,False
168300044,0,0,1024,2800,False
168300084,0,0,1024,2800,False
168400040,35664,0,1024,2800,True
168400079,0,0,1024,2800,False
169300033,0,0,1024,2800,False
169300071,0,0,1024,2800,False
169500073,0,0,1024,2800,False
169600066,0,0,1024,2800,False
169800013,0,0,1024,2800,False
169800052,0,0,1024,2800,False
170400008,0,0,1024,2800,False
170400046,0,0,1024,2800,False
170400083,0,0,1024,2800,False
170700038,0,63671,1024,2800,True
170800000,0,0,1024,2800,False
170800043,0,0,1024,2800,False
170800080,0,0,1024,2800,False
170900035,0,0,1024,2800,False
170900080,0,0,1024,2800,False
171000028,0,0,1024,2800,False
171000081,0,0,1024,2800,False
171100034,0,0,1024,2800,False
171100072,0,0,1024,2800,False
171200032,0,0,1024,2800,False
171200076,0,0,1024,2800,False
171300028,0,0,1024,2800,False
171300079,0,0,1024,2800,False
171400042,0,0,1024,2800,False
171500035,0,0,1024,2800,False
171500075,0,0,1024,2800,False
171600037,18733,0,1024,2800,True
171600074,0,0,1024,2800,False
171700035,0,38363,1024,2800,True
171800058,0,0,1024,2800,False
171900020,0,0,1024,2800,False
171900075,0,0,1024,2800,False
172100022,0,0,1024,2800,False
172100065,0,0,1024,2800,False
172200036,0,0,1024,2800,False
172200077,0,0,1024,2800,False
172300034,0,0,1024,2800,False
172300072,0,0,1024,2800,False
172400031,0,0,1024,2800,False
172400072,0,0,1024,2800,False
175200027,0,0,1024,2800,False
175200066,0,0,1024,2800,False
175300032,0,32521,1024,2800,True
175300070,0,0,1024,2800,False
175400017,0,0,1024,2800,False
175400069,0,0,1024,2800,False
175500044,0,0,1024,2800,False
175600015,0,0,1024,2800,False
175900002,0,0,1024,2800,False
175900043,0,0,1024,2800,False
176000001,0,0,1024,2800,False
176000040,0,0,1024,2800,False
176000080,0,0,1024,2800,False
99100030,8900,59331,1024,2800,True
99100067,0,0,1024,2800,False
99300023,0,0,1024,2800,False
99900000,0,0,1024,2800,False
99900050,0,0,1024,2800,False
